MedInc,HouseAge,AveRooms,AveBedrms,Population,Latitude,median_house_value
3.5109,29.0,4.865800865800866,1.0389610389610389,1770.0,33.2,1.66
1.3571,34.0,9.14420803782506,2.971631205673759,890.0,34.2,0.41
2.6458,35.0,5.319444444444445,1.2777777777777777,202.0,40.02,1.025
3.3675,33.0,4.84144645340751,0.9847009735744089,1726.0,32.78,1.582
7.7569,6.0,7.972727272727273,1.0298701298701298,2693.0,33.0,3.874
3.0469,20.0,5.656,1.008,337.0,39.74,0.85
1.7188,17.0,4.5443645083932855,1.0167865707434052,620.0,38.5,1.375
4.6,28.0,5.238888888888889,1.048148148148148,1610.0,37.53,2.232
3.8542,30.0,6.249363867684479,0.9923664122137404,1022.0,32.8,1.985
1.6232,7.0,4.993464052287582,,2049.0,34.49,0.934
2.6901,34.0,4.502976190476191,1.1428571428571428,986.0,34.08,2.356
3.8565,39.0,4.962795941375423,1.007891770011274,2941.0,37.65,2.398
3.5521,19.0,3.453801169590643,1.0467836257309941,1914.0,33.82,2.9
2.1985,36.0,,1.1095890410958904,2635.0,33.8,1.418
6.0436,46.0,5.131736526946108,1.001996007984032,1225.0,34.02,4.73
1.6172,9.0,3.6578947368421053,0.9894736842105263,810.0,37.29,0.563
2.5,17.0,,1.3073286052009456,1087.0,37.48,1.042
3.1161,21.0,5.369465648854962,1.0183206106870228,1687.0,38.68,1.316
12.0088,16.0,6.006711409395973,1.2147651006711409,237.0,33.96,5.00001
4.485,30.0,5.276315789473684,1.013157894736842,1753.0,33.81,1.806
2.8793,36.0,4.941558441558442,1.08008658008658,1836.0,33.91,1.181
2.625,19.0,4.870307167235495,1.0614334470989761,1026.0,36.3,0.57
2.0962,28.0,,,1093.0,40.28,0.74
8.111,14.0,8.791044776119403,1.0626865671641792,1293.0,33.64,3.089
4.0965,23.0,4.596984924623116,1.4301507537688443,1624.0,34.14,5.00001
3.1103,33.0,3.8198529411764706,0.9411764705882353,1432.0,34.21,1.435
3.5757,35.0,4.539087947882736,1.0407166123778502,1923.0,33.99,1.779
4.8286,17.0,6.518672199170124,1.0235131396957122,2531.0,32.87,1.585
1.6948,15.0,,1.221556886227545,893.0,39.83,0.875
2.0469,41.0,4.484581497797357,1.1233480176211454,1412.0,37.77,0.893
4.2619,17.0,4.593511450381679,1.0286259541984732,1422.0,33.88,1.397
2.9044,43.0,5.424657534246576,1.2465753424657535,261.0,34.02,1.729
2.5382,33.0,4.67095115681234,,1220.0,37.96,1.036
1.6944,33.0,4.892857142857143,1.0714285714285714,716.0,32.72,1.118
2.8594,14.0,7.672881355932203,1.4830508474576272,1640.0,34.89,0.817
5.6163,27.0,6.515669515669516,1.0056980056980056,1140.0,33.83,2.31
3.6429,42.0,,1.115606936416185,1419.0,37.78,3.284
2.3768,18.0,4.906,1.074,1503.0,34.07,0.953
6.5206,14.0,6.1907790143084265,1.068362480127186,1490.0,33.47,3.685
4.7,25.0,6.889400921658986,1.0368663594470047,1335.0,38.24,1.901
2.15,47.0,3.3795620437956204,0.9781021897810219,327.0,37.74,0.972
8.0499,36.0,6.080530973451327,1.0442477876106195,2216.0,34.13,4.956
4.1544,35.0,5.58457711442786,0.9776119402985075,783.0,34.15,5.00001
3.2578,18.0,5.755154639175258,1.2139175257731958,919.0,33.94,0.852
6.7099,50.0,7.503521126760563,1.0352112676056338,753.0,34.11,3.522
3.445,8.0,4.784123910939012,1.1355275895450145,3012.0,34.27,2.034
5.121,25.0,5.353820598006645,1.0166112956810631,1529.0,37.33,2.876
6.005,30.0,6.657794676806084,1.0228136882129277,731.0,37.7,2.639
2.6852,33.0,5.312849162011173,1.0335195530726258,1168.0,36.7,0.708
3.6339,28.0,5.592074592074592,1.0163170163170163,1613.0,33.87,2.201
1.3021,52.0,3.99163179916318,0.9748953974895398,533.0,34.06,1.0
2.4776,43.0,4.569832402234637,1.0782122905027933,494.0,37.74,1.016
3.5781,33.0,6.6415094339622645,1.2877358490566038,520.0,38.34,2.425
2.5,37.0,3.066518847006652,1.042128603104213,1185.0,34.13,2.071
6.0532,12.0,5.97153024911032,0.8576512455516014,765.0,35.6,1.028
3.9575,24.0,5.065921787709497,1.0804469273743016,2547.0,33.93,2.154
3.1797,48.0,4.1104651162790695,,458.0,38.44,1.404
2.2466,30.0,5.277258566978193,0.9719626168224299,1008.0,36.64,0.96
4.9643,34.0,5.059183673469388,1.0020408163265306,1131.0,33.63,3.179
2.0881,24.0,5.078407720144753,1.1097708082026538,1283.0,33.71,0.833
5.0,18.0,5.66941297631308,1.035015447991761,2641.0,37.56,2.697
3.2639,30.0,3.8326612903225805,1.0463709677419355,2685.0,33.88,1.201
2.4677,49.0,3.7938553022794848,,2862.0,34.09,2.192
5.6437,52.0,5.545774647887324,1.0,629.0,37.3,3.12
3.2262,25.0,10.787581699346406,2.215686274509804,994.0,37.21,0.972
3.6639,21.0,5.584016393442623,1.0532786885245902,1466.0,34.98,1.286
3.142,23.0,4.538277511961723,1.0526315789473684,1109.0,37.64,1.795
2.3547,31.0,4.174496644295302,1.0402684563758389,821.0,37.33,2.759
2.303,27.0,4.284023668639053,1.1952662721893492,978.0,34.43,2.61
4.5094,12.0,4.42638036809816,1.0920245398773005,1913.0,33.67,1.602
5.282,24.0,5.918495297805642,1.0,950.0,32.85,1.408
6.837,20.0,6.503225806451613,,767.0,37.35,3.83
1.6591,52.0,2.5,,65.0,32.73,1.125
2.4583,26.0,4.361643835616438,1.1753424657534246,1182.0,34.06,1.104
3.3616,13.0,5.896240601503759,1.1338345864661654,1902.0,33.97,0.896
3.5521,35.0,6.277777777777778,1.1157407407407407,620.0,38.44,1.683
2.565,52.0,3.477867203219316,1.0271629778672031,2286.0,37.79,2.25
4.7813,35.0,4.678861788617886,1.008130081300813,809.0,33.9,1.6
2.0982,26.0,3.4276401564537156,0.9947848761408083,2721.0,32.67,1.091
2.0326,19.0,3.9211703958691912,1.0647160068846815,7178.0,32.79,1.232
1.9583,25.0,4.718354430379747,1.1012658227848102,1183.0,32.72,0.886
3.5402,24.0,4.747311827956989,0.9139784946236559,1028.0,38.48,0.987
2.375,32.0,3.3503086419753085,1.037037037037037,3002.0,33.79,1.397
3.7159,52.0,5.325342465753424,0.9897260273972602,620.0,37.73,1.833
1.9236,52.0,4.5064935064935066,1.0909090909090908,558.0,34.07,1.172
9.7037,8.0,8.94675925925926,1.0717592592592593,1548.0,37.76,4.251
6.0516,29.0,6.9581395348837205,,463.0,33.63,5.00001
4.25,43.0,6.0814814814814815,1.1037037037037036,370.0,37.37,2.091
2.8025,5.0,4.947761194029851,1.1305970149253732,1767.0,32.78,0.843
3.2404,27.0,4.035984848484849,1.0284090909090908,1065.0,34.23,2.304
2.0536,44.0,2.7660550458715596,0.9495412844036697,588.0,34.03,1.864
2.3293,28.0,,,455.0,37.3,2.159
4.7885,36.0,5.935275080906149,1.022653721682848,864.0,34.21,3.022
3.6111,44.0,4.864022662889519,1.1076487252124645,848.0,34.16,2.545
2.0224,41.0,4.963470319634703,1.2420091324200913,462.0,38.62,0.649
2.4074,24.0,,1.0504009163802979,2522.0,34.17,2.194
3.2875,6.0,8.00625,1.53125,422.0,38.04,1.113
2.599,44.0,4.287390029325513,0.9912023460410557,821.0,34.0,3.622
4.5293,19.0,6.920661157024793,1.1305785123966943,1827.0,38.34,2.104
3.9306,37.0,4.58256880733945,1.0825688073394495,1030.0,33.64,2.684
3.875,11.0,9.37546468401487,2.0,616.0,33.04,1.981
3.3062,11.0,5.051420838971583,1.1244925575101488,1839.0,35.11,1.585
4.475,5.0,5.629370629370629,1.0,458.0,32.81,0.963
3.225,9.0,5.557640750670242,1.0831099195710456,916.0,38.66,1.633
4.9429,28.0,,0.9799599198396793,1500.0,33.8,2.548
3.6039,45.0,4.601217656012176,1.0030441400304415,1789.0,38.3,1.26
3.4196,43.0,5.023404255319149,1.0404255319148936,824.0,32.76,3.022
3.8824,37.0,5.04927536231884,0.9826086956521739,1128.0,38.02,1.137
2.375,31.0,2.5454545454545454,1.0,326.0,34.26,0.55
4.1862,15.0,5.538551401869159,1.1168224299065421,2043.0,38.33,1.836
1.5491,20.0,1.64,0.68,87.0,34.06,2.25
2.625,36.0,5.3355263157894735,1.105263157894737,514.0,37.95,0.892
4.733,36.0,5.239130434782608,0.9809782608695652,1008.0,34.1,2.337
2.8167,35.0,,1.0526315789473684,783.0,38.0,1.621
2.8355,45.0,5.105978260869565,1.1127717391304348,1573.0,37.73,2.454
5.0953,39.0,,0.9861111111111112,1282.0,34.2,2.074
1.9405,36.0,4.925490196078432,1.0588235294117647,910.0,36.86,1.454
5.136,15.0,9.466666666666667,1.3777777777777778,133.0,33.52,4.474
3.053,50.0,5.12,1.5155555555555555,519.0,33.52,5.00001
1.5603,41.0,2.70926517571885,1.0319488817891374,1428.0,34.02,1.096
2.9706,17.0,5.2902892561983474,1.0506198347107438,1470.0,37.4,0.813
4.7328,45.0,5.573913043478261,1.0847826086956522,1056.0,37.78,3.511
4.2656,34.0,5.054945054945055,0.9428571428571428,1447.0,34.22,2.337
2.9191,52.0,4.742547425474255,1.008130081300813,764.0,38.56,1.118
5.7457,24.0,6.732793522267206,1.0182186234817814,1616.0,33.89,2.406
2.0673,27.0,4.039660056657223,1.0311614730878187,792.0,32.76,1.188
2.697,27.0,3.126746506986028,1.0189620758483033,2242.0,34.01,4.125
2.3783,28.0,5.023684210526316,1.0473684210526315,1140.0,37.68,0.814
4.0125,28.0,5.154676258992806,0.9712230215827338,1001.0,34.97,1.301
7.0895,18.0,6.939130434782609,1.0543478260869565,3486.0,37.91,3.069
4.8977,41.0,5.957792207792208,1.0097402597402598,683.0,34.28,3.582
2.5701,52.0,3.4194630872483223,1.0553691275167785,2007.0,37.76,2.667
2.2902,43.0,3.258964143426295,1.0079681274900398,1855.0,34.03,1.524
1.9907,17.0,4.341653666146646,1.0577223088923557,2566.0,35.2,0.512
5.6856,9.0,9.275720164609053,1.646090534979424,694.0,39.36,1.381
3.6827,34.0,5.197508896797153,1.1405693950177935,1541.0,34.12,2.641
3.1711,35.0,6.147388059701493,1.044776119402985,1454.0,38.59,1.019
2.9625,17.0,5.712887438825448,1.068515497553018,1763.0,39.66,1.012
1.5464,17.0,4.5,0.9935064935064936,2022.0,36.31,0.541
4.4236,38.0,5.78140703517588,1.0452261306532664,1079.0,34.1,2.336
4.108,36.0,5.405144694533762,1.0578778135048232,964.0,33.95,1.812
2.5875,28.0,4.236734693877551,1.0285714285714285,912.0,33.92,1.612
2.7778,19.0,4.616847826086956,,994.0,36.81,0.797
2.5893,8.0,28.615384615384617,5.487179487179487,27.0,39.75,0.83
2.1903,52.0,4.27683615819209,0.9830508474576272,767.0,38.62,1.6
3.0472,26.0,3.5754527162977867,1.1167002012072436,1966.0,37.47,2.11
4.6726,6.0,5.7303030303030305,1.0333333333333334,969.0,36.81,1.078
3.1768,31.0,,,1441.0,38.11,1.31
2.2788,38.0,4.429203539823009,1.008849557522124,597.0,38.67,0.734
2.9469,4.0,4.297247706422018,1.091743119266055,1518.0,33.19,2.161
4.9355,34.0,6.5625,1.0791666666666666,1392.0,34.25,3.369
5.766,30.0,6.608823529411764,0.9808823529411764,1883.0,32.64,1.861
2.9832,22.0,4.718978102189781,1.0197080291970804,2694.0,34.18,1.656
5.6392,18.0,,1.0348162475822051,3010.0,34.26,2.715
2.4348,44.0,4.868263473053892,1.1467065868263473,1063.0,34.07,2.207
2.4732,26.0,4.35673624288425,1.081593927893738,1415.0,33.86,1.658
2.4701,28.0,3.622262773722628,1.062043795620438,1092.0,34.44,2.909
4.3187,32.0,4.1708542713567835,0.9195979899497487,928.0,33.91,2.697
2.2788,47.0,3.7745664739884393,1.130057803468208,1499.0,34.04,1.396
4.2237,25.0,5.995226730310263,1.0513126491646778,1994.0,38.27,2.623
6.7921,25.0,6.984547461368654,0.9911699779249448,1517.0,33.6,2.66
3.6486,25.0,3.699513381995134,1.0723844282238444,2616.0,34.16,2.469
3.1635,34.0,5.767650834403081,1.0757381258023107,2335.0,34.52,0.743
2.5068,26.0,4.2406931964056485,1.0673940949935816,4066.0,33.86,1.563
4.5714,33.0,5.649289099526066,1.009478672985782,1066.0,32.8,0.686
3.3864,25.0,4.436055469953775,1.1140215716486903,2077.0,34.21,1.974
2.5872,15.0,5.041450777202073,1.0224525043177892,1130.0,33.23,1.556
2.1,41.0,3.4976076555023923,,2751.0,34.19,1.716
3.2171,16.0,4.871980676328502,1.0217391304347827,1177.0,39.44,1.162
2.2402,25.0,,,2203.0,38.7,0.895
4.0742,46.0,5.305439330543933,1.00418410041841,661.0,34.17,2.291
6.0224,38.0,5.1,1.2,41.0,33.8,1.875
2.2813,29.0,4.476340694006309,1.1451104100946372,1696.0,34.0,1.013
3.3958,39.0,5.0062111801242235,1.062111801242236,912.0,37.77,1.419
11.0124,19.0,8.291079812206572,0.9436619718309859,1200.0,33.76,5.00001
4.071,2.0,6.28139534883721,1.2325581395348837,1368.0,34.55,1.374
4.875,19.0,6.024137931034483,1.0034482758620689,848.0,32.8,1.872
2.8167,45.0,3.978165938864629,1.039301310043668,1005.0,34.04,1.14
2.256,26.0,4.404145077720207,1.0958549222797926,909.0,36.79,0.645
2.3542,40.0,3.8504273504273505,1.0598290598290598,2096.0,33.9,0.979
2.8528,25.0,3.8976744186046512,1.036046511627907,1815.0,34.17,4.25
2.3333,27.0,3.9377593360995853,0.9294605809128631,888.0,37.42,0.728
2.2017,32.0,,1.1090909090909091,1731.0,32.75,2.083
2.0179,11.0,4.140608604407135,,2814.0,37.36,0.873
4.556,23.0,6.115591397849462,1.0241935483870968,2301.0,34.27,2.053
2.983,45.0,5.633064516129032,1.0201612903225807,555.0,37.72,2.027
3.6875,34.0,4.419664268585132,1.0599520383693046,861.0,34.18,2.464
3.835,43.0,4.769087523277467,1.0130353817504656,1063.0,33.84,4.186
5.5224,23.0,5.3669950738916254,1.041871921182266,1338.0,34.19,2.407
0.7473,22.0,3.116650987770461,1.1618062088428975,2381.0,34.03,1.688
3.3889,10.0,4.472602739726027,,407.0,38.89,1.108
4.7813,35.0,6.470162748643761,1.0524412296564196,1568.0,32.79,1.886
4.0153,25.0,4.276595744680851,1.0653495440729484,1139.0,34.05,4.6
5.8491,36.0,6.671949286846276,1.0412044374009508,1911.0,33.79,2.473
2.375,35.0,4.440329218106996,1.0164609053497942,1055.0,33.9,0.936
4.1705,17.0,4.6669902912621355,1.0305825242718447,4684.0,38.09,2.098
7.3445,13.0,7.8977272727272725,1.106060606060606,852.0,37.89,3.667
2.1597,23.0,4.137345679012346,1.1064814814814814,1279.0,32.76,1.161
4.3816,35.0,6.126984126984127,1.0238095238095237,849.0,36.32,0.886
3.79,52.0,4.643867924528302,0.9174528301886793,877.0,32.74,1.634
3.9519,50.0,5.439330543933054,1.100418410041841,691.0,38.01,1.265
2.935,52.0,,1.1270983213429258,1211.0,34.09,1.894
4.7027,14.0,,1.037037037037037,2698.0,37.32,2.276
2.5985,34.0,4.110157367668097,1.0271816881258942,2758.0,34.06,1.686
8.8342,52.0,8.345205479452055,1.021917808219178,975.0,37.89,4.305
4.9044,24.0,,1.1653543307086613,513.0,33.72,4.85
5.0371,25.0,6.385656292286874,1.0081190798376185,1857.0,38.5,1.802
2.0417,24.0,6.979910714285714,1.5044642857142858,1015.0,39.08,0.788
4.9957,22.0,5.718222222222222,1.0435555555555556,2703.0,33.75,2.964
2.8942,39.0,4.333333333333333,1.0909090909090908,113.0,34.19,2.75
2.234,19.0,5.988352745424293,1.156405990016639,1572.0,41.86,0.586
3.8235,10.0,5.34593837535014,1.0070028011204482,1686.0,36.32,0.946
1.9464,36.0,,1.0530612244897959,639.0,37.12,0.57
4.6806,41.0,5.211805555555555,1.0381944444444444,629.0,37.68,2.094
6.5372,52.0,7.166666666666667,1.1124031007751938,695.0,37.75,3.94
3.0252,20.0,,1.0342465753424657,2898.0,33.86,1.78
3.9844,18.0,5.54983388704319,1.0149501661129567,1952.0,32.74,2.153
5.1365,14.0,6.7549194991055455,1.037567084078712,1877.0,33.82,2.15
2.8542,44.0,5.269230769230769,1.0631868131868132,1041.0,33.99,1.265
4.2708,35.0,5.3562753036437245,0.951417004048583,807.0,33.94,1.748
6.4211,17.0,7.0353535353535355,1.0,1228.0,33.03,2.207
5.4635,37.0,5.8108108108108105,1.0115830115830116,798.0,34.06,2.021
3.6304,22.0,4.850409836065574,1.0081967213114753,1333.0,34.42,3.122
3.7887,52.0,4.926724137931035,1.110632183908046,1584.0,37.78,5.00001
4.4233,14.0,5.191993464052287,1.0449346405228759,3704.0,37.02,2.286
1.6467,34.0,4.078431372549019,1.0823529411764705,1083.0,33.96,0.909
2.6803,52.0,4.278688524590164,0.9979508196721312,1082.0,37.76,4.9
7.0592,16.0,,1.0023364485981308,1663.0,33.87,2.882
8.7382,34.0,6.4421487603305785,1.0041322314049588,600.0,37.36,5.00001
3.0179,7.0,5.7924528301886795,1.0919811320754718,1350.0,36.71,0.916
3.338,19.0,5.07981220657277,0.9624413145539906,1309.0,36.8,1.853
1.4722,52.0,3.2254901960784315,1.0686274509803921,291.0,34.42,3.5
6.4588,35.0,5.586605080831409,0.9838337182448037,949.0,37.41,4.371
2.4054,38.0,6.100719424460432,1.0827338129496402,985.0,37.11,1.125
5.4216,25.0,6.428308823529412,0.9430147058823529,1839.0,33.81,2.63
4.6357,4.0,6.042193026781202,,10877.0,33.15,2.449
2.0,17.0,7.289156626506024,1.9156626506024097,416.0,37.31,0.875
1.5781,32.0,4.006578947368421,1.125,1292.0,34.0,1.029
3.4028,18.0,5.845132743362832,1.2035398230088497,754.0,35.55,0.675
2.2188,52.0,3.6040100250626566,1.1829573934837092,1018.0,33.74,3.067
4.3594,14.0,5.041095890410959,0.9965753424657534,876.0,37.52,3.66
5.021,23.0,5.4485981308411215,0.9906542056074766,1574.0,33.75,2.522
4.1118,35.0,6.208333333333333,1.0787037037037037,898.0,34.03,1.573
1.2841,43.0,4.644230769230769,1.2259615384615385,857.0,32.71,0.72
3.1679,21.0,5.080962800875273,1.1334792122538293,662.0,33.62,1.1
4.5417,21.0,5.9035087719298245,1.0460526315789473,1330.0,34.25,2.389
6.235,44.0,5.92972972972973,1.0054054054054054,513.0,33.97,3.614
2.1964,30.0,3.0766233766233766,0.977922077922078,3259.0,33.98,1.585
2.75,39.0,4.109489051094891,,682.0,34.04,1.5
2.865,38.0,4.55614973262032,0.9278074866310161,1384.0,34.29,1.555
1.4665,16.0,4.340106007067138,,2518.0,33.96,0.611
2.5677,16.0,4.326133909287257,1.1511879049676026,5110.0,34.07,1.289
7.5196,31.0,7.358600583090379,1.0174927113702623,1003.0,34.08,3.809
7.9125,12.0,6.845238095238095,0.9761904761904762,2042.0,33.7,3.449
3.6058,46.0,5.234649122807017,1.0701754385964912,1181.0,34.14,2.579
5.9378,15.0,7.572769953051643,0.9530516431924883,673.0,37.35,2.122
4.1111,36.0,6.103286384976526,1.0352112676056338,1246.0,34.19,2.156
4.0549,34.0,5.758853288364249,1.0252951096121417,1464.0,32.76,2.237
5.482,49.0,6.131696428571429,1.0535714285714286,1281.0,37.75,3.663
3.8456,51.0,4.667315175097277,1.0038910505836576,1160.0,33.83,3.189
2.6858,13.0,4.350364963503649,0.9854014598540146,1652.0,36.58,0.624
3.0057,32.0,4.212686567164179,0.9365671641791045,1378.0,34.05,0.969
1.869,43.0,5.966911764705882,1.0808823529411764,781.0,36.76,0.56
3.9712,16.0,4.624539877300614,1.0294478527607362,1986.0,37.95,1.875
4.5594,33.0,5.351548269581056,1.0218579234972678,1519.0,34.07,2.042
4.7731,34.0,5.837777777777778,1.04,1409.0,33.78,1.992
2.0077,20.0,4.305194805194805,1.0995670995670996,1452.0,32.75,1.183
2.7583,42.0,5.080536912751678,1.0246085011185682,1124.0,35.42,0.649
4.1538,36.0,5.764150943396227,1.0188679245283019,1199.0,33.84,2.188
4.125,33.0,4.0,0.5454545454545454,23.0,38.0,2.125
5.2713,7.0,6.8321167883211675,1.0894160583941606,4218.0,33.94,2.165
2.5083,41.0,4.268965517241379,0.9517241379310345,636.0,33.93,1.181
4.2813,52.0,5.4106280193236715,1.0434782608695652,1232.0,37.88,2.849
3.0212,31.0,3.984126984126984,,3176.0,34.03,2.082
4.0893,35.0,5.26775956284153,0.9836065573770492,1056.0,33.94,2.157
5.5798,33.0,6.4185733512786,1.0592193808882908,2019.0,34.17,3.382
1.7945,50.0,2.6533333333333333,0.9777777777777777,2183.0,34.08,1.667
2.25,32.0,4.851612903225806,1.0258064516129033,524.0,36.11,0.5
1.9152,44.0,2.7183811129848228,1.0961214165261384,2028.0,34.05,1.156
1.3348,21.0,4.176848874598071,1.0868167202572347,1494.0,39.12,2.25
5.2838,36.0,5.9,1.06,664.0,37.64,1.726
5.3428,14.0,6.326007326007326,1.1062271062271063,1116.0,37.59,2.436
2.1845,34.0,4.9879518072289155,0.9879518072289156,1110.0,37.23,0.599
2.8403,16.0,6.428571428571429,1.2007722007722008,1301.0,38.02,1.323
3.287,31.0,,1.050520059435364,1632.0,34.04,3.481
2.5769,30.0,6.3175675675675675,1.195945945945946,649.0,32.69,0.944
2.2308,34.0,4.235690235690235,1.0286195286195285,1317.0,32.75,1.259
3.9722,27.0,4.619271445358402,1.0963572267920094,1877.0,37.55,3.541
0.4999,23.0,6.054545454545455,1.6727272727272726,198.0,36.09,1.0
4.2672,47.0,4.650793650793651,0.9714285714285714,1119.0,37.72,2.194
2.1602,14.0,4.917627677100494,1.0,2250.0,36.34,0.652
3.9688,30.0,6.60431654676259,1.1079136690647482,469.0,37.61,1.75
2.4286,32.0,5.029824561403509,1.0789473684210527,1705.0,36.77,0.681
2.2596,40.0,3.6346604215456675,0.9812646370023419,1919.0,34.01,1.375
3.3375,32.0,4.053864168618267,0.9672131147540983,1569.0,32.79,1.543
3.668,19.0,4.544658493870402,1.0875656742556918,1728.0,33.47,2.438
4.9196,27.0,6.184782608695652,0.9065217391304348,1219.0,36.73,1.179
2.5172,24.0,5.367875647668394,1.0699481865284974,2127.0,34.03,0.96
3.8125,14.0,5.941838649155723,,1787.0,38.65,0.926
1.7542,31.0,3.1597222222222223,1.1430555555555555,2189.0,34.08,2.875
3.4605,49.0,4.044155844155844,1.051948051948052,1173.0,37.72,2.65
3.2426,26.0,5.489830508474577,1.0966101694915253,1529.0,34.24,2.369
2.5012,42.0,4.183729433272394,1.0475319926873858,2749.0,33.8,1.975
4.4567,27.0,5.626288659793815,0.9381443298969072,1458.0,34.17,1.911
7.8496,39.0,6.528888888888889,1.0044444444444445,553.0,33.63,4.908
3.5179,12.0,5.021396396396397,1.045045045045045,2471.0,33.04,2.527
4.4699,16.0,3.7302904564315353,1.1106500691562933,1369.0,37.36,3.674
4.5694,27.0,4.706214689265536,1.0310734463276836,995.0,33.95,2.043
8.003,18.0,7.812339331619537,1.069408740359897,3280.0,37.82,3.513
4.7176,35.0,6.703324808184143,1.0,1074.0,34.08,1.664
4.7813,30.0,5.95249406175772,0.9358669833729216,1255.0,33.94,1.982
5.606,32.0,5.365155131264917,1.097852028639618,1191.0,37.31,2.889
2.8462,39.0,3.861035422343324,0.9782016348773842,1450.0,33.79,1.72
2.8783,5.0,5.821086261980831,,798.0,33.95,1.052
4.1597,16.0,5.214592274678112,0.9570815450643777,787.0,38.47,0.959
15.0,39.0,9.29375,1.01875,414.0,34.05,5.00001
3.7188,37.0,6.237226277372263,1.0145985401459854,744.0,34.16,1.166
2.1413,38.0,4.679245283018868,1.0377358490566038,261.0,34.62,0.969
3.0833,34.0,5.764383561643836,1.063013698630137,1578.0,34.11,0.884
4.075,49.0,5.361305361305361,,1061.0,38.23,2.288
2.0062,19.0,5.65,1.171875,758.0,38.51,0.92
2.1139,40.0,4.34319526627219,1.0828402366863905,2024.0,34.07,0.709
4.6477,27.0,6.098214285714286,1.2410714285714286,1230.0,36.92,2.659
1.9432,39.0,5.565625,1.046875,841.0,34.14,0.89
3.2845,45.0,4.551546391752577,1.041237113402062,401.0,38.44,1.783
3.1838,32.0,5.689655172413793,1.1310344827586207,1124.0,34.09,0.986
4.9167,16.0,,1.0485312899106003,1505.0,34.13,2.511
3.3942,32.0,4.515037593984962,1.0357142857142858,1020.0,32.81,3.074
4.2037,23.0,6.1461318051575935,0.9742120343839542,1022.0,38.67,1.254
2.8058,47.0,3.5497237569060776,1.0814917127071824,3107.0,37.48,2.295
2.0819,10.0,3.9105839416058394,1.082116788321168,1167.0,34.65,1.033
6.822,41.0,4.982352941176471,1.0176470588235293,344.0,33.87,5.00001
3.6065,52.0,4.736964078794902,1.0961761297798378,1906.0,37.8,4.333
4.2448,10.0,4.823889739663094,1.1960183767228179,1582.0,34.26,1.573
4.9219,35.0,6.15406162464986,0.988795518207283,945.0,32.82,1.929
4.8981,18.0,5.845470692717584,1.0426287744227354,1640.0,33.81,1.663
2.375,36.0,,0.7777777777777778,21.0,34.03,1.75
6.617,14.0,7.108481262327416,,3097.0,33.08,2.852
4.4821,5.0,6.05506329113924,1.0943037974683545,4620.0,38.1,2.1
3.6905,21.0,4.058917197452229,1.036624203821656,1624.0,34.2,1.798
4.1719,5.0,6.625,,631.0,34.58,1.466
2.0885,36.0,3.964391691394659,1.0014836795252227,2883.0,34.05,1.428
5.5261,10.0,7.037225042301184,1.0287648054145515,2089.0,35.42,1.32
2.6458,41.0,4.710743801652892,1.115702479338843,466.0,33.93,0.913
2.8631,30.0,4.42713567839196,1.0452261306532664,940.0,34.16,1.886
1.6821,18.0,,1.0864745011086474,859.0,40.57,0.694
1.8783,45.0,4.445333333333333,1.064,928.0,34.02,1.182
8.1124,52.0,6.6231884057971016,1.0193236714975846,1153.0,34.11,5.00001
6.3303,14.0,6.028358208955224,0.9985074626865672,1905.0,33.92,3.03
2.0258,20.0,4.599231754161331,1.1113956466069141,1865.0,40.56,0.648
1.4464,30.0,,1.1064638783269962,1280.0,34.01,1.102
8.2159,22.0,7.599656357388316,1.0687285223367697,1995.0,34.3,3.762
1.8261,52.0,4.251612903225807,0.9935483870967742,1368.0,37.95,0.546
3.5114,41.0,4.401273885350318,1.124203821656051,704.0,37.68,1.975
4.475,33.0,5.170731707317073,1.016260162601626,1035.0,34.16,3.148
5.8964,36.0,5.932489451476793,0.9451476793248945,598.0,37.51,4.148
3.3608,5.0,5.00972590627763,1.0415561450044208,3139.0,38.47,1.089
5.1265,40.0,6.498194945848375,1.0469314079422383,761.0,38.02,1.961
6.4469,29.0,5.536585365853658,1.0975609756097562,112.0,36.99,2.714
3.25,52.0,4.324561403508772,1.0719298245614035,1433.0,34.13,2.142
2.234,32.0,4.892271662763466,1.0960187353629978,1765.0,36.87,0.617
6.0783,23.0,5.633986928104576,0.8660130718954249,934.0,34.27,2.292
3.0958,25.0,4.310618066561014,1.0776545166402536,1559.0,33.74,1.378
2.3851,25.0,5.001733102253033,1.0103986135181975,2327.0,33.92,1.137
5.069,33.0,,1.006993006993007,1197.0,33.68,2.642
3.2813,45.0,5.934579439252336,1.1308411214953271,598.0,36.8,1.054
3.1513,35.0,4.756207674943567,1.0835214446952597,2241.0,33.93,1.5
2.1553,37.0,,1.081570996978852,1341.0,36.98,2.554
2.5792,16.0,4.9147058823529415,1.0411764705882354,935.0,35.12,1.638
1.8431,25.0,,1.0168776371308017,1976.0,36.95,0.539
2.8558,13.0,4.562314540059347,0.9347181008902077,1843.0,33.25,0.971
6.8443,30.0,5.491582491582491,1.0437710437710437,665.0,33.0,4.925
5.8625,8.0,6.724310776942356,1.0426065162907268,1154.0,35.64,1.094
5.1508,15.0,5.3171728971962615,1.078855140186916,3333.0,33.77,3.673
3.0139,34.0,5.402631578947369,1.0052631578947369,1258.0,33.92,1.547
2.625,16.0,4.0,,39.0,33.87,5.00001
5.533,24.0,6.682779456193353,1.0030211480362539,899.0,34.28,2.997
5.4286,24.0,,1.1037527593818985,1437.0,33.72,2.734
3.7784,32.0,5.975206611570248,1.0764462809917354,1580.0,37.43,1.645
1.3967,21.0,3.8929577464788734,0.9211267605633803,1469.0,36.1,0.465
1.6513,37.0,4.5,1.2755102040816326,390.0,33.95,0.902
2.3438,26.0,4.616438356164384,0.9452054794520548,277.0,36.47,1.0
2.4321,26.0,5.100760456273764,1.0551330798479088,1353.0,40.88,0.821
1.9564,39.0,3.945619335347432,1.042296072507553,1332.0,33.98,0.922
2.9306,41.0,4.522292993630574,1.0764331210191083,640.0,32.84,3.603
2.0769,17.0,3.941666666666667,1.211111111111111,1300.0,33.78,1.0
4.5938,5.0,5.767141009055627,0.9715394566623544,2392.0,34.08,1.265
2.1975,41.0,5.373801916932908,1.0942492012779552,1841.0,38.54,0.735
5.4346,17.0,6.261168384879725,1.5051546391752577,578.0,34.08,4.286
2.7461,17.0,5.4261904761904765,1.0666666666666667,1200.0,36.15,0.7
2.6673,38.0,5.042462845010616,1.048832271762208,1167.0,37.99,0.875
2.8269,40.0,5.089494163424124,1.0583657587548638,901.0,33.9,0.98
1.7641,38.0,2.4232121922626026,1.071512309495897,2717.0,34.1,2.5
2.1602,13.0,3.2527985074626864,1.055037313432836,3749.0,34.14,2.219
7.5443,9.0,6.723404255319149,0.9957446808510638,1675.0,37.33,3.484
6.3443,39.0,5.508130081300813,0.8699186991869918,682.0,37.62,3.247
2.0643,14.0,4.2817567567567565,1.0763513513513514,3909.0,37.51,1.065
3.6466,21.0,5.769230769230769,1.0262237762237763,1896.0,34.09,1.306
3.4118,25.0,4.998175182481752,1.0364963503649636,3062.0,34.05,3.411
5.7951,24.0,6.63575042158516,1.0539629005059021,1912.0,33.89,2.269
1.9355,10.0,5.13655462184874,,1262.0,36.22,0.683
5.2088,52.0,5.76008064516129,0.9455645161290323,1431.0,37.73,3.442
12.9792,23.0,,1.0452586206896552,1344.0,37.35,5.00001
3.2112,20.0,6.517307692307693,1.353846153846154,1309.0,35.6,2.045
4.625,36.0,24.5,3.5,28.0,36.51,1.625
3.6354,17.0,5.471061093247588,1.062700964630225,1540.0,38.99,1.629
5.3272,46.0,5.748995983935743,1.0301204819277108,1412.0,34.16,3.302
4.5615,14.0,6.242718446601942,1.0764563106796117,2846.0,34.56,1.372
2.0833,20.0,4.311258278145695,1.0397350993377483,421.0,37.77,0.773
2.9896,36.0,4.289393939393939,1.0136363636363637,1279.0,32.75,2.527
4.5135,15.0,6.566302652106084,1.0608424336973479,1914.0,32.72,1.583
7.5674,14.0,6.477611940298507,1.1059701492537313,1505.0,33.61,5.00001
3.5504,11.0,4.302564102564102,1.065934065934066,3089.0,34.18,1.738
4.0223,34.0,4.0,1.0,1994.0,37.39,2.502
1.3654,47.0,,1.2894736842105263,603.0,39.51,0.579
2.6667,49.0,4.2,0.9285714285714286,737.0,37.79,1.22
2.535,24.0,5.0853889943074,,1728.0,33.78,0.748
2.2992,52.0,4.966587112171838,,1051.0,40.41,0.702
1.75,17.0,5.4743589743589745,1.4711538461538463,633.0,38.96,0.64
3.6341,40.0,5.097041420118344,1.0863905325443788,1769.0,34.13,3.915
4.4085,52.0,,1.060200668896321,2023.0,37.77,4.0
3.6371,34.0,6.002638522427441,0.9894459102902374,1021.0,32.81,1.763
5.411,33.0,5.890909090909091,1.029090909090909,868.0,34.14,2.194
2.0976,29.0,4.987938596491228,1.0043859649122806,2494.0,33.93,0.726
4.6458,18.0,5.719266055045871,1.0697247706422017,2079.0,34.22,2.228
6.0252,15.0,7.958217270194986,1.0389972144846797,1325.0,38.34,1.517
5.0795,36.0,5.334630350194552,,666.0,33.81,2.433
4.0282,16.0,5.842592592592593,1.0018518518518518,1630.0,39.0,1.264
2.1833,52.0,7.275862068965517,1.3846153846153846,1977.0,40.35,0.495
3.9091,38.0,5.9021739130434785,1.1875,830.0,34.02,5.00001
6.0266,24.0,6.672131147540983,1.1147540983606556,175.0,38.35,2.167
2.5434,36.0,4.600508905852418,,1994.0,36.78,0.673
4.6625,44.0,6.197333333333333,1.1013333333333333,823.0,38.6,1.589
6.1183,49.0,5.869565217391305,1.2608695652173914,86.0,37.82,0.75
2.5372,21.0,3.6130500758725344,1.0637329286798178,1264.0,36.6,2.18
5.0719,36.0,6.3247863247863245,1.0455840455840455,1002.0,33.84,2.195
1.7446,23.0,3.7764227642276422,1.1199186991869918,1506.0,32.75,0.852
3.7105,22.0,4.083606557377049,1.1131147540983606,2237.0,34.16,2.726
3.5164,47.0,5.970639032815199,1.0742659758203799,1700.0,34.18,2.265
4.7404,31.0,4.956692913385827,1.0688976377952757,1107.0,33.88,2.958
3.59,34.0,6.109756097560975,1.0091463414634145,843.0,33.8,2.306
4.5083,34.0,5.233009708737864,,575.0,33.85,1.88
5.2402,52.0,6.200892857142857,0.9464285714285714,510.0,37.81,2.964
4.6484,25.0,4.813211845102506,0.9612756264236902,1365.0,36.98,2.346
4.0074,25.0,5.181818181818182,1.0422077922077921,1378.0,34.17,1.88
3.233,25.0,4.633587786259542,1.0729431721798135,3010.0,33.79,1.991
4.5833,5.0,3.888888888888889,1.0,384.0,33.66,2.304
3.0217,22.0,4.983870967741935,1.1008064516129032,615.0,38.76,1.069
1.9219,31.0,,1.0863723608445297,2063.0,33.97,1.07
3.5536,52.0,4.116959064327485,1.0292397660818713,1227.0,37.75,4.0
6.2944,33.0,6.815724815724816,1.0515970515970516,1229.0,33.76,2.656
1.75,45.0,4.205607476635514,1.0093457943925233,1798.0,37.93,0.379
5.0739,16.0,5.124137931034483,0.9839080459770115,3038.0,37.54,2.08
2.4598,36.0,5.358381502890174,,1438.0,37.76,1.555
3.4899,14.0,4.29778933680104,1.093628088426528,2272.0,33.68,2.167
4.0526,36.0,5.639506172839506,1.0962962962962963,1425.0,33.95,1.045
6.0308,38.0,5.857777777777778,1.0533333333333332,547.0,33.82,4.167
4.5189,45.0,,1.0640569395017794,1341.0,32.69,4.222
4.1445,11.0,4.399096385542169,1.0316265060240963,1512.0,34.19,1.764
0.8527,43.0,3.432900432900433,1.0173160173160174,736.0,33.94,0.904
2.2988,35.0,3.635434412265758,,2248.0,33.95,1.534
4.4732,36.0,5.7701492537313435,,958.0,33.96,2.66
3.4722,30.0,4.578804347826087,0.8559782608695652,1290.0,34.96,1.125
1.7572,18.0,4.732142857142857,1.0816326530612246,1839.0,35.89,0.533
4.3103,33.0,5.013189448441247,0.9640287769784173,2049.0,33.91,2.016
2.6123,37.0,,1.0,1904.0,33.93,1.613
1.9219,52.0,3.8197879858657244,1.098939929328622,904.0,34.12,1.651
3.1739,52.0,3.985276073619632,1.0466257668711656,1819.0,33.78,2.229
5.37,26.0,6.127579737335835,0.9212007504690432,1222.0,37.76,2.754
4.7437,52.0,5.420195439739413,1.0635179153094463,1260.0,37.74,3.31
2.0368,40.0,4.568965517241379,1.0862068965517242,1304.0,38.59,0.678
2.293,29.0,4.593167701863354,1.049689440993789,1408.0,36.61,0.572
5.2949,33.0,5.641952983725136,1.0886075949367089,1155.0,33.6,5.00001
2.1518,16.0,4.896551724137931,1.0689655172413792,307.0,37.67,1.074
3.8068,19.0,5.214285714285714,0.9761904761904762,873.0,38.11,2.016
2.5556,29.0,,1.0635135135135134,3803.0,33.96,1.465
2.3261,38.0,4.578282828282828,,902.0,37.36,0.984
4.1307,36.0,5.486725663716814,1.0737463126843658,777.0,38.4,2.957
1.9556,44.0,,1.0440677966101695,1031.0,33.97,0.963
3.0967,35.0,3.8228882833787465,0.9209809264305178,1415.0,33.91,1.44
1.494,45.0,1.7680250783699059,1.1065830721003134,1172.0,34.06,1.875
4.1953,5.0,6.161695447409733,1.0627943485086342,6686.0,33.89,1.366
1.8316,40.0,3.7833876221498373,1.0765472312703583,1847.0,34.03,1.135
3.32,40.0,4.548821548821548,1.1111111111111112,701.0,37.56,2.929
2.7,32.0,5.563380281690141,1.0633802816901408,380.0,39.44,1.65
3.5,46.0,4.748251748251748,1.1118881118881119,382.0,34.27,2.212
4.2344,34.0,5.137323943661972,0.977112676056338,1435.0,34.1,3.063
3.0481,3.0,4.2090452261306535,1.1417085427135678,2081.0,38.59,0.925
3.1326,17.0,3.833457804331591,1.0268857356235996,3386.0,37.54,2.208
3.1875,30.0,4.171487603305785,1.1384297520661157,2481.0,34.06,1.542
2.6392,26.0,,1.1047008547008548,1821.0,37.78,2.875
3.1397,52.0,4.636871508379889,1.0223463687150838,479.0,34.16,2.537
3.625,36.0,5.108527131782946,1.0930232558139534,812.0,33.17,1.98
2.1888,30.0,3.297029702970297,1.0367751060820367,2172.0,34.21,1.956
3.085,32.0,4.433962264150943,1.009433962264151,1404.0,34.07,2.205
3.5305,30.0,5.926724137931035,1.0258620689655173,1296.0,40.2,0.736
3.875,39.0,5.386819484240688,1.0515759312320916,954.0,34.05,2.364
2.3924,35.0,5.271428571428571,1.0809523809523809,573.0,37.73,1.022
4.2143,22.0,6.425233644859813,1.0116822429906542,1161.0,38.84,2.365
4.8311,7.0,6.365102639296188,1.0498533724340176,1978.0,38.91,1.722
2.9187,21.0,5.029545454545454,1.040909090909091,1250.0,35.06,0.521
4.0583,32.0,5.593220338983051,1.071186440677966,904.0,37.72,2.362
2.725,23.0,5.633738601823708,1.168693009118541,1938.0,34.01,0.953
1.8661,38.0,3.477401129943503,0.9774011299435028,1217.0,33.97,1.066
5.0145,21.0,,1.0386100386100385,4199.0,34.23,2.466
3.2614,19.0,5.767213114754099,1.0786885245901638,2091.0,33.36,1.688
4.7171,43.0,5.696594427244582,1.1021671826625388,966.0,34.18,2.379
5.7295,25.0,6.032040472175379,0.9797639123102867,1753.0,38.0,1.783
5.697,38.0,5.984455958549223,1.0362694300518134,971.0,37.95,4.357
1.4867,35.0,3.976435935198822,1.0338733431516938,3444.0,34.27,1.24
4.7589,16.0,5.200923787528868,1.0254041570438799,4429.0,34.01,1.782
2.5536,25.0,4.510791366906475,1.038369304556355,1337.0,34.06,1.44
4.675,35.0,6.235294117647059,1.0252100840336134,664.0,37.24,2.453
1.5833,42.0,4.641821946169772,1.0786749482401656,1359.0,36.57,0.651
1.6452,35.0,3.7738589211618256,1.0352697095435686,1666.0,34.03,1.259
7.978,5.0,7.995495495495495,1.054054054054054,726.0,34.04,2.239
