applicant_id,age,gender,education,annual_income,credit_score,debt_to_income_ratio,employment_years,loan_amount_requested,approved
1,25,F,High School,46325,775,0.158,0.0,19036,1
2,57,M,Bachelor,17074,598,0.501,1.0,67569,0
3,51,M,High School,20328,531,0.039,3.0,7184,1
4,41,F,Bachelor,175878,687,0.378,1.0,18139,1
5,41,M,Bachelor,22641,754,0.304,2.0,21985,1
6,61,F,Bachelor,25385,823,0.323,,14904,1
7,25,F,High School,147583,721,0.196,1.0,34541,1
8,53,F,Master,280138,650,0.23,3.0,33078,1
9,30,M,Bachelor,24271,608,0.318,3.0,21506,0
10,25,M,Master,39302,680,0.53,8.0,19238,0
11,45,F,High School,60170,656,0.021,2.0,20827,1
12,66,M,Bachelor,138305,598,0.303,3.0,20902,1
13,55,F,High School,27116,843,0.44,1.0,21180,0
14,56,F,Bachelor,42312,822,0.022,2.0,20050,1
15,54,F,Bachelor,78151,770,0.248,22.0,24989,1
16,57,F,PhD,63631,606,,3.0,32099,0
17,45,M,Bachelor,39116,748,0.01,18.0,11906,1
18,27,M,Bachelor,45238,731,0.159,2.0,13025,1
19,60,F,High School,21483,715,0.185,0.0,9188,1
20,42,M,Bachelor,42493,779,0.221,0.0,33968,1
21,44,M,Bachelor,41779,730,0.338,0.0,24963,1
22,38,M,Bachelor,56347,739,0.618,5.0,28357,0
23,29,M,High School,35129,730,0.51,3.0,10777,1
24,64,M,High School,65050,707,0.17,1.0,53770,1
25,57,M,High School,90005,537,0.387,6.0,16245,1
26,51,F,PhD,53812,686,0.387,7.0,23959,1
27,39,M,Bachelor,60539,635,0.676,3.0,33765,0
28,59,F,High School,50609,577,0.203,2.0,13446,1
29,46,M,PhD,49023,814,0.274,1.0,16761,1
30,41,F,High School,31795,818,0.209,,24090,1
31,42,M,Bachelor,59272,788,0.317,3.0,91925,1
32,31,F,Master,46241,700,0.212,4.0,25605,1
33,25,M,Master,172112,788,0.326,3.0,49176,1
34,47,M,Master,125996,680,0.057,3.0,40248,1
35,62,M,Bachelor,61790,696,0.181,17.0,26476,1
36,23,F,PhD,31013,592,0.231,13.0,13432,1
37,61,F,High School,25148,711,0.174,2.0,37416,0
38,59,M,PhD,100176,684,0.434,1.0,10414,1
39,34,M,Master,57391,575,0.558,,49042,1
40,50,F,PhD,65387,675,0.097,0.0,24343,1
41,28,F,High School,17210,673,0.149,5.0,5854,1
42,56,M,High School,85516,823,0.312,8.0,18578,1
43,53,F,Bachelor,64386,751,0.45,0.0,30545,1
44,37,M,Bachelor,25178,680,0.099,14.0,19564,1
45,24,F,Bachelor,36941,699,0.287,2.0,31492,1
46,66,M,PhD,57424,683,0.587,,14400,1
47,41,M,Bachelor,50588,663,,0.0,11464,1
48,62,M,Bachelor,41138,593,0.273,15.0,21253,1
49,52,F,Bachelor,46069,667,0.675,8.0,22376,0
50,57,M,High School,42142,620,0.394,4.0,18505,0
51,56,F,High School,53719,579,0.447,1.0,40686,1
52,30,F,High School,118526,720,0.562,5.0,14398,1
53,38,F,Master,10509,711,0.385,6.0,25760,1
54,42,M,Master,42526,537,0.238,18.0,22787,0
55,44,M,Bachelor,54497,670,,0.0,10113,1
56,23,M,Bachelor,58547,759,0.329,3.0,11389,1
57,46,F,Bachelor,39216,764,0.202,1.0,22158,1
58,28,F,Master,17085,762,0.735,1.0,59313,1
59,55,M,Master,59682,683,0.403,13.0,29426,1
60,53,F,Bachelor,138193,612,0.454,0.0,9294,1
61,64,M,Master,19529,593,0.405,7.0,4650,1
62,56,M,Bachelor,82314,707,0.081,16.0,31777,1
63,38,M,Bachelor,40250,710,0.376,0.0,20991,1
64,66,F,Master,47249,782,0.19,1.0,38973,1
65,40,M,Bachelor,26062,767,0.14,2.0,14180,1
66,36,M,Bachelor,40107,669,0.268,,26241,1
67,63,F,Bachelor,106940,580,0.245,0.0,33627,1
68,38,F,Bachelor,69535,654,0.616,1.0,17610,1
69,24,M,Bachelor,138605,697,0.194,0.0,17800,1
70,43,M,Bachelor,99354,663,,5.0,22306,1
71,58,M,Bachelor,63796,633,0.192,5.0,28892,0
72,29,M,High School,139575,700,0.449,5.0,21869,1
73,42,M,Master,63792,639,0.075,13.0,35846,0
74,27,F,Bachelor,80562,629,0.403,,17483,1
75,53,M,PhD,41029,704,0.305,3.0,11336,1
76,43,F,High School,51017,647,0.406,2.0,59188,1
77,36,M,Bachelor,32258,699,0.265,14.0,16279,1
78,31,M,Bachelor,88765,701,0.397,1.0,16577,1
79,47,M,Master,24173,588,0.416,6.0,21313,0
80,52,M,High School,78386,641,0.162,0.0,22778,1
81,65,M,Master,43722,795,0.075,0.0,18154,1
82,41,M,Bachelor,98987,587,0.404,4.0,21835,1
83,28,F,Bachelor,76920,510,0.383,4.0,21592,0
84,60,F,Bachelor,146149,531,0.309,15.0,24038,1
85,50,M,High School,75998,682,0.045,0.0,6776,1
86,53,F,Bachelor,19087,682,0.339,2.0,56412,0
87,25,F,High School,47090,670,0.135,11.0,20462,1
88,35,F,Bachelor,24265,777,0.423,4.0,29445,0
89,57,M,Bachelor,35919,466,0.618,,11058,0
90,60,M,Bachelor,121386,711,0.446,0.0,17404,1
91,41,M,High School,71863,804,0.227,,15738,1
92,58,M,High School,32229,589,0.23,3.0,45929,1
93,60,M,High School,26682,649,0.076,1.0,16433,1
94,39,F,High School,49994,619,0.183,5.0,32178,1
95,63,F,Bachelor,23625,608,0.285,8.0,15911,1
96,34,M,High School,32771,653,0.53,12.0,17565,0
97,32,M,Master,59112,794,0.181,12.0,19481,1
98,53,M,High School,98045,826,0.435,,41853,1
99,50,M,High School,70633,653,0.391,0.0,8561,0
100,27,F,Master,12397,832,0.081,1.0,11409,1
101,60,M,High School,58842,682,0.284,3.0,8319,1
102,30,F,Bachelor,51185,820,0.371,14.0,12787,1
103,58,F,PhD,62839,672,0.255,0.0,14679,1
104,21,F,PhD,129278,690,0.613,7.0,9825,1
105,58,F,Master,14215,709,0.419,,15259,0
106,57,F,High School,34383,850,0.315,0.0,8043,1
107,57,M,Bachelor,69880,748,0.306,0.0,13240,1
108,52,M,PhD,18978,623,0.502,2.0,40143,0
109,43,F,PhD,118844,757,0.096,12.0,26951,1
110,54,M,High School,61145,651,0.212,6.0,24190,1
111,34,F,Bachelor,81466,640,0.293,9.0,13341,1
112,57,M,Bachelor,34802,752,0.29,4.0,10218,1
113,47,M,High School,79878,682,0.159,3.0,12461,1
114,42,M,Bachelor,93067,702,0.346,26.0,21555,1
115,44,F,High School,56371,681,0.01,9.0,33999,1
116,47,M,Bachelor,56423,706,0.319,,34585,1
117,22,M,High School,57653,713,0.026,0.0,30191,0
118,27,M,Bachelor,29202,525,0.337,0.0,15233,1
119,32,F,High School,44868,733,0.172,4.0,22298,1
120,26,F,Bachelor,44733,601,,11.0,18757,1
121,41,M,High School,61699,564,0.184,6.0,19918,1
122,52,F,PhD,89312,675,0.426,0.0,60996,1
123,51,M,High School,25974,686,0.424,6.0,9127,0
124,43,F,Bachelor,45478,624,0.174,8.0,19587,0
125,61,M,High School,119237,746,0.131,21.0,40371,1
126,47,M,High School,31377,572,0.234,0.0,10583,1
127,24,F,High School,29930,647,0.218,0.0,15964,1
128,56,F,High School,55347,633,0.186,9.0,16906,1
129,48,M,High School,81359,676,0.356,5.0,19699,0
130,50,F,Bachelor,49358,702,0.128,2.0,9917,0
131,47,F,Bachelor,108811,599,0.179,,29662,1
132,47,M,High School,81967,737,0.212,3.0,30734,1
133,25,F,Bachelor,81234,685,,12.0,28401,1
134,47,F,Bachelor,68354,528,0.185,9.0,14254,0
135,58,M,High School,198112,523,0.386,3.0,23000,1
136,35,F,Bachelor,43343,679,0.653,3.0,14048,0
137,49,M,High School,14733,662,0.419,2.0,18651,1
138,22,F,High School,128354,671,0.246,4.0,64649,1
139,37,M,Bachelor,37248,677,0.282,7.0,23106,0
140,41,M,PhD,52298,698,,6.0,12164,1
141,67,F,PhD,107552,755,0.515,11.0,24104,0
142,31,F,PhD,18744,591,0.307,4.0,11204,1
143,33,F,Bachelor,23132,586,0.436,5.0,12094,1
144,40,F,High School,18755,592,0.316,3.0,13087,1
145,67,M,Bachelor,30440,703,0.232,10.0,17638,1
146,61,M,High School,63817,779,0.225,22.0,35188,1
147,22,M,High School,67138,645,0.318,2.0,29413,1
148,31,M,High School,57859,479,0.313,6.0,28609,0
149,59,M,Bachelor,21001,543,0.442,1.0,12715,0
150,23,F,Bachelor,12258,613,,4.0,16803,1
151,61,F,High School,50645,635,0.34,7.0,25235,1
152,34,M,Master,36935,647,,1.0,16088,1
153,64,M,Bachelor,64578,683,0.602,3.0,19164,0
154,34,F,Master,74695,655,0.079,16.0,27465,1
155,41,M,High School,53260,763,0.23,0.0,18501,1
156,52,M,Bachelor,77348,625,0.359,11.0,24662,1
157,26,M,High School,56248,611,0.242,,48842,1
158,47,M,Bachelor,67375,718,0.728,5.0,20212,1
159,44,M,High School,32118,557,0.466,5.0,39722,1
160,57,F,High School,44012,711,0.285,,29134,0
161,67,M,Bachelor,55163,688,0.438,10.0,10576,1
162,52,F,High School,80203,668,0.04,5.0,12694,1
163,40,M,High School,38706,807,0.462,4.0,14518,1
164,40,F,PhD,67016,630,0.441,3.0,14365,1
165,40,M,High School,41793,844,0.103,5.0,21054,1
166,59,M,Bachelor,45682,661,0.281,0.0,29951,1
167,36,M,Bachelor,80636,577,,1.0,41257,1
168,28,M,High School,14826,685,0.309,3.0,25695,0
169,36,M,Bachelor,22519,593,0.165,4.0,17626,1
170,22,F,High School,20144,619,0.421,3.0,7776,0
171,25,M,Master,12086,711,0.304,11.0,22817,1
172,25,M,High School,32631,724,,5.0,22312,1
173,57,M,High School,76853,630,0.568,4.0,24136,0
174,54,F,Bachelor,41318,758,0.079,16.0,63140,1
175,53,F,Master,55197,772,0.527,10.0,40957,1
176,42,F,Master,94233,794,0.256,12.0,32615,1
177,54,F,PhD,108728,722,0.135,9.0,13615,1
178,28,F,Bachelor,47028,789,,,17043,1
179,63,F,Bachelor,110431,529,0.347,7.0,21006,0
180,44,M,Bachelor,51806,654,0.42,2.0,14947,0
181,65,F,Master,29660,610,0.431,0.0,28289,1
182,28,F,Bachelor,34315,689,0.253,6.0,26329,1
183,44,M,Bachelor,20164,634,0.201,0.0,12782,1
184,53,F,Bachelor,28770,666,0.292,5.0,40071,1
185,44,M,Bachelor,39544,830,0.071,0.0,23182,0
186,41,M,High School,79391,666,0.369,,9278,1
187,28,M,Bachelor,137648,713,0.121,0.0,21468,1
188,38,F,Bachelor,21390,661,0.153,2.0,25351,1
189,32,F,Master,62050,686,0.574,1.0,35824,1
190,35,M,Bachelor,26256,680,0.213,3.0,18606,1
191,53,M,Master,65174,715,,2.0,33321,0
192,50,M,Bachelor,45312,773,0.141,0.0,24187,1
193,49,M,Master,16341,811,0.157,0.0,11412,1
194,38,F,High School,85560,704,0.284,0.0,10855,1
195,66,M,PhD,34098,727,0.234,3.0,38610,1
196,25,M,Bachelor,35584,587,0.157,0.0,40054,1
197,37,M,High School,25800,672,0.383,2.0,25885,1
198,26,F,High School,33104,755,0.455,1.0,46530,1
199,36,M,High School,63369,749,0.105,,37358,1
200,66,F,Bachelor,43759,696,0.193,,31002,0
201,38,M,Master,59706,750,0.646,1.0,13965,1
202,63,M,PhD,60910,719,0.241,2.0,52350,1
203,44,F,Bachelor,108271,776,0.072,23.0,28800,1
204,53,M,Bachelor,39907,703,0.155,9.0,18161,1
205,42,F,Bachelor,20209,651,0.382,12.0,15770,0
206,33,M,Master,92998,706,0.039,2.0,25044,1
207,56,F,Master,40179,445,0.539,1.0,9551,1
208,66,F,High School,95679,710,0.465,3.0,31251,1
209,33,F,PhD,61699,388,0.43,2.0,13673,0
210,57,M,Bachelor,45311,542,0.161,10.0,26510,1
211,33,F,Master,60431,716,0.274,11.0,16969,1
212,54,F,PhD,158040,718,0.369,4.0,19298,1
213,58,M,Master,170448,587,0.181,3.0,15086,1
214,42,M,High School,51104,623,0.572,2.0,20320,0
215,55,F,Bachelor,53966,789,0.243,4.0,56652,1
216,33,M,High School,93502,641,0.331,,44025,1
217,24,F,Master,29513,850,0.247,,26297,1
218,25,F,High School,59864,679,0.152,1.0,21749,0
219,42,M,Bachelor,48265,712,0.533,1.0,33593,1
220,63,F,Master,59180,809,0.316,17.0,38753,1
221,26,F,High School,29731,690,0.138,12.0,14546,0
222,42,M,Bachelor,18887,599,0.321,6.0,21189,0
223,54,F,Bachelor,14132,671,0.713,1.0,8857,0
224,30,M,Bachelor,25073,677,0.155,5.0,38620,0
225,54,M,High School,37227,570,0.341,5.0,61852,0
226,35,F,High School,41113,659,0.267,,22926,1
227,59,M,Bachelor,156739,620,0.427,0.0,7612,1
228,48,F,Bachelor,95186,753,0.395,0.0,29865,1
229,46,M,Bachelor,27522,682,0.224,4.0,14016,0
230,29,M,High School,60392,657,0.194,0.0,15808,0
231,42,M,Bachelor,38397,671,,1.0,30130,1
232,61,F,Bachelor,41331,697,0.785,2.0,25016,1
233,21,F,High School,54786,729,0.059,3.0,17256,1
234,56,F,Master,71075,600,0.477,5.0,15917,1
235,44,F,Bachelor,39992,596,0.119,1.0,23456,1
236,54,F,Bachelor,92810,768,0.255,14.0,17948,1
237,52,F,PhD,24706,647,0.179,1.0,12649,1
238,41,M,Bachelor,49207,566,0.482,6.0,18652,1
239,35,F,Bachelor,232955,715,0.282,0.0,26102,1
240,50,F,High School,56041,717,0.566,3.0,20149,1
241,27,F,High School,115835,557,0.331,1.0,10864,0
242,48,M,High School,51787,698,0.269,7.0,36117,1
243,25,M,Master,69457,738,0.109,11.0,5600,1
244,51,F,Master,47378,709,0.524,5.0,17620,1
245,50,M,High School,44256,730,,27.0,16153,1
246,24,M,High School,30708,567,0.352,0.0,23720,1
247,56,F,Bachelor,63460,706,0.628,4.0,29168,0
248,40,M,Bachelor,29409,655,0.542,2.0,38691,0
249,57,M,Bachelor,73083,641,0.366,4.0,15425,1
250,22,M,Bachelor,94011,749,0.271,1.0,29533,1
251,29,M,Master,61078,798,0.223,7.0,24292,1
252,44,F,High School,41284,823,0.019,7.0,9360,1
253,29,F,Bachelor,64368,785,0.279,2.0,56969,1
254,36,F,Bachelor,40733,671,,1.0,10728,0
255,52,F,Bachelor,85933,708,0.432,3.0,27166,1
256,27,F,Master,16336,741,0.118,4.0,26768,1
257,52,M,High School,40080,689,0.382,4.0,25281,1
258,25,F,Master,14846,690,0.279,4.0,17200,0
259,29,M,Master,19989,745,0.229,0.0,33310,1
260,48,M,Master,111114,675,0.224,4.0,10095,1
261,58,F,Bachelor,83877,621,0.229,3.0,21313,1
262,29,F,Bachelor,31834,646,0.176,11.0,16615,0
263,35,M,Master,19900,730,0.371,0.0,15698,0
264,64,F,Master,8277,680,0.415,,27292,1
265,67,M,Bachelor,35380,707,0.104,,37749,1
266,48,M,Master,209451,733,0.23,4.0,18552,1
267,42,M,High School,63635,650,,3.0,32543,1
268,37,M,Bachelor,35040,740,0.389,6.0,22581,1
269,49,F,Master,64799,710,,1.0,14095,1
270,48,M,Bachelor,19214,581,0.534,2.0,19361,0
271,34,M,Bachelor,41011,795,0.747,2.0,18963,0
272,22,M,PhD,52035,639,0.407,,15547,0
273,28,F,Master,46552,547,0.417,12.0,27289,1
274,66,F,Master,78785,596,0.389,5.0,24768,1
275,40,F,Bachelor,60281,598,0.193,0.0,9943,1
276,43,M,PhD,73203,684,0.54,2.0,9645,1
277,42,F,High School,32434,658,0.5,4.0,27237,1
278,57,F,Bachelor,84009,653,0.223,0.0,14652,1
279,24,M,Bachelor,130269,729,0.279,1.0,25617,1
280,24,M,Master,27389,707,0.336,4.0,32547,0
281,33,M,Master,28778,705,0.392,2.0,11667,1
282,43,M,Master,109258,712,0.578,9.0,10875,1
283,52,M,Bachelor,43703,729,0.693,7.0,50879,1
284,44,M,Bachelor,113810,511,0.094,11.0,26259,1
285,41,M,Bachelor,37589,650,,0.0,17861,1
286,65,F,Bachelor,117363,505,0.179,7.0,13808,1
287,28,M,High School,53044,682,0.128,0.0,17064,1
288,47,M,Bachelor,57235,679,0.032,0.0,12145,1
289,46,F,Master,125345,763,0.038,1.0,34259,1
290,43,M,Master,39455,775,0.125,0.0,14937,1
291,58,M,Master,27870,696,0.026,6.0,38054,1
292,33,M,Bachelor,37453,639,,0.0,18028,1
293,65,M,Bachelor,64305,718,0.44,7.0,13073,1
294,36,M,High School,19159,637,0.138,1.0,17798,1
295,46,M,Bachelor,71860,679,0.088,8.0,5930,1
296,45,M,Bachelor,35480,758,0.38,3.0,20735,1
297,60,F,High School,97605,635,0.432,5.0,20230,1
298,41,F,High School,11654,744,0.443,0.0,33268,1
299,34,M,Bachelor,30578,734,0.392,7.0,8577,1
300,22,M,Bachelor,17820,603,0.659,2.0,39376,0
301,38,M,Bachelor,29859,757,0.106,0.0,33199,0
302,59,F,High School,56874,735,0.195,,41192,1
303,21,F,Bachelor,44022,688,0.417,,21453,1
304,63,M,Bachelor,42107,619,0.417,1.0,36568,0
305,46,M,Bachelor,44555,611,0.027,3.0,10555,1
306,27,M,Bachelor,55383,636,0.506,8.0,31461,1
307,35,F,High School,26765,723,0.239,2.0,14979,1
308,47,F,Master,74915,603,0.445,0.0,9646,1
309,35,M,High School,72955,715,0.312,2.0,12555,1
310,26,F,Bachelor,61760,580,0.443,1.0,22087,0
311,52,M,High School,68454,663,0.15,0.0,14586,1
312,52,F,Bachelor,58562,688,0.299,1.0,26583,0
313,26,F,High School,166216,850,0.395,2.0,8918,1
314,34,M,Master,46524,569,0.163,4.0,7604,0
315,32,M,Bachelor,40771,797,0.281,9.0,43747,1
316,51,F,Bachelor,31190,691,0.371,0.0,34610,0
317,55,M,High School,26387,712,0.123,0.0,13034,1
318,55,F,High School,23232,689,0.175,1.0,21993,1
319,65,M,Bachelor,28759,715,0.411,8.0,36671,1
320,57,F,Bachelor,46985,667,0.324,3.0,27162,0
321,36,M,Bachelor,59908,796,0.05,1.0,23720,1
322,26,M,PhD,50548,643,0.255,2.0,38085,1
323,49,M,Master,30967,770,,3.0,15285,1
324,64,M,PhD,84129,628,0.351,1.0,22372,1
325,66,M,High School,76393,675,0.04,,21830,1
326,31,F,Master,44543,594,0.257,7.0,19218,1
327,32,M,Bachelor,33131,716,0.156,3.0,18125,1
328,22,M,Bachelor,68122,795,0.113,12.0,22843,1
329,27,M,PhD,54873,673,0.275,0.0,22408,1
330,47,M,Bachelor,20560,664,0.257,18.0,13040,1
331,46,F,Master,47061,590,0.078,21.0,32889,1
332,38,F,Master,57366,661,0.374,0.0,13518,1
333,35,M,High School,28572,552,0.282,1.0,19749,0
334,60,F,Bachelor,54935,606,0.191,2.0,19003,0
335,42,F,Bachelor,20478,698,0.471,0.0,26345,0
336,58,F,Master,109284,785,,4.0,7634,1
337,66,M,Master,103649,850,0.452,1.0,34387,1
338,35,M,High School,42128,633,0.151,4.0,15701,0
339,30,M,High School,60966,794,0.066,,40537,1
340,65,F,High School,11545,699,0.265,3.0,17342,1
341,50,F,Bachelor,24494,667,0.256,0.0,21495,1
342,34,M,High School,41098,714,0.153,2.0,57347,0
343,50,M,Master,25763,684,0.146,7.0,19174,0
344,45,F,Bachelor,75255,688,0.362,9.0,40922,1
345,63,F,Master,162491,647,0.177,0.0,22460,1
346,33,M,High School,24198,568,0.286,0.0,27111,1
347,67,F,Bachelor,29659,556,0.35,2.0,22810,1
348,64,M,High School,56458,732,0.288,0.0,33655,1
349,29,M,Master,128884,657,0.81,9.0,15634,1
350,28,F,High School,23542,632,0.188,9.0,13466,1
351,46,F,High School,56921,680,0.111,6.0,16005,0
352,23,F,High School,146207,743,0.293,2.0,23152,1
353,35,M,Master,18195,694,0.308,,19723,1
354,41,M,High School,22728,627,0.101,0.0,31418,0
355,66,M,Bachelor,38018,778,0.302,,42292,1
356,67,M,Master,35869,806,0.297,5.0,13522,1
357,28,M,Master,79822,719,0.296,1.0,15260,0
358,62,M,High School,56669,757,0.308,5.0,10741,1
359,25,M,High School,16899,779,0.073,4.0,60790,1
360,56,M,Bachelor,66785,770,0.149,0.0,25650,1
361,60,M,High School,34664,729,0.38,1.0,27998,0
362,62,F,Bachelor,105310,727,0.072,5.0,11269,0
363,31,M,Bachelor,33639,721,0.641,3.0,22013,1
364,62,F,Bachelor,33457,592,0.193,8.0,28413,1
365,26,F,High School,67824,736,0.108,2.0,19411,1
366,45,F,Bachelor,77478,571,0.412,12.0,37716,1
367,43,M,High School,64142,616,0.438,8.0,69976,1
368,35,M,Bachelor,17830,784,0.222,9.0,13718,0
369,22,F,High School,67698,747,0.176,4.0,13212,1
370,57,M,PhD,26355,798,0.228,0.0,14201,0
371,36,M,Bachelor,56453,658,,1.0,49172,1
372,52,M,High School,20863,587,0.598,16.0,37092,0
373,40,F,High School,64073,660,0.496,1.0,20583,0
374,38,M,Bachelor,30213,688,0.423,4.0,22432,1
375,62,F,High School,22706,686,0.418,11.0,14643,1
376,25,M,High School,75229,770,0.238,10.0,34372,1
377,55,M,Master,56669,651,0.046,7.0,18215,1
378,56,F,Bachelor,33915,708,0.088,8.0,19340,0
379,38,M,High School,117091,600,0.323,6.0,29863,1
380,33,F,Bachelor,37631,716,0.101,7.0,20050,0
381,21,M,High School,49974,680,,2.0,19584,1
382,65,M,PhD,57604,620,0.114,7.0,22143,1
383,65,F,High School,33799,661,0.283,2.0,32783,0
384,32,M,Master,65035,665,0.206,10.0,50173,1
385,22,M,Master,35593,658,0.147,3.0,29517,1
386,26,F,High School,38292,821,0.284,7.0,32914,1
387,24,F,High School,111033,672,0.533,,19931,1
388,60,F,Bachelor,26255,660,,0.0,15461,0
389,62,M,Master,11525,512,0.102,15.0,30546,0
390,28,M,Bachelor,128870,608,0.229,2.0,23995,1
391,56,F,Bachelor,226295,658,0.3,1.0,10814,1
392,29,M,Master,38439,625,0.429,0.0,18694,0
393,38,M,Master,15335,790,0.13,3.0,21132,0
394,49,F,Bachelor,40688,666,0.51,2.0,17064,0
395,54,M,Bachelor,41285,783,,11.0,46206,1
396,62,M,Master,43741,684,0.291,6.0,27998,1
397,23,M,High School,25133,682,0.354,0.0,43764,0
398,30,M,Master,69406,672,0.158,2.0,25127,1
399,34,F,High School,67151,680,0.278,4.0,22941,1
400,35,F,High School,19997,817,0.182,13.0,13790,1
401,67,M,Master,74571,494,0.38,0.0,22158,1
402,57,M,Bachelor,167981,519,0.15,2.0,22170,1
403,36,F,High School,54348,636,0.055,1.0,11119,1
404,66,M,High School,40038,681,0.429,3.0,16818,1
405,44,M,Bachelor,45017,735,,3.0,18738,1
406,44,F,Master,70909,717,0.16,6.0,27085,1
407,41,F,High School,17354,649,0.29,,27741,0
408,27,M,High School,54102,761,0.296,4.0,16470,0
409,64,F,Bachelor,38782,762,0.184,3.0,27845,1
410,21,M,PhD,148552,694,0.274,0.0,20109,1
411,29,F,High School,44156,757,0.21,1.0,5245,1
412,31,M,PhD,133350,701,0.107,1.0,17285,1
413,34,M,Master,25279,635,0.268,,37778,1
414,27,F,High School,69727,735,0.197,,9500,1
415,21,M,Master,59375,688,0.012,0.0,23303,1
416,52,M,Bachelor,29102,680,0.435,0.0,48660,0
417,66,M,Bachelor,54526,797,0.367,3.0,15058,1
418,26,F,Bachelor,101469,483,0.371,,22050,1
419,34,F,Master,40365,566,0.16,,11475,1
420,44,M,Master,17762,585,0.793,3.0,49692,1
421,64,F,Master,48506,650,0.569,4.0,21127,0
422,53,F,PhD,28525,659,0.489,3.0,22546,0
423,57,M,Bachelor,39918,559,0.26,3.0,43353,0
424,48,M,Master,46678,601,0.362,,30660,1
425,40,M,Master,17616,611,0.475,23.0,14216,0
426,30,M,High School,18594,850,0.326,11.0,15936,0
427,61,M,High School,65462,824,0.086,8.0,28210,1
428,58,M,Bachelor,35823,647,0.168,11.0,16121,0
429,22,M,Master,10521,650,0.449,0.0,7641,1
430,54,M,High School,78504,588,0.248,8.0,21447,1
431,24,F,Master,57723,527,0.196,12.0,10508,0
432,55,M,High School,31941,670,0.267,0.0,49421,0
433,59,F,Bachelor,22245,600,0.053,1.0,24062,0
434,27,F,Bachelor,80941,673,0.359,7.0,14008,1
435,41,F,High School,60452,551,0.285,1.0,15532,0
436,26,F,Master,204753,619,0.068,1.0,8563,1
437,47,F,High School,63077,691,0.168,7.0,12711,1
438,64,M,Master,61859,709,0.088,7.0,36613,1
439,24,F,High School,44348,713,0.348,0.0,67231,0
440,39,M,PhD,80022,574,0.202,2.0,31672,1
441,66,F,Bachelor,71328,748,0.124,2.0,21035,1
442,35,M,High School,103884,615,0.581,0.0,17747,0
443,27,M,High School,35853,730,0.422,1.0,13653,1
444,43,M,High School,37750,679,0.254,0.0,61690,1
445,44,F,Bachelor,36773,569,0.272,1.0,20042,1
446,52,M,Master,78785,654,0.255,2.0,63437,1
447,35,M,Bachelor,120454,709,0.292,2.0,44212,1
448,65,M,Bachelor,37223,729,0.173,7.0,9224,1
449,45,M,Bachelor,37992,668,0.593,7.0,15788,0
450,34,F,Bachelor,59186,802,0.375,4.0,15763,1
451,66,F,Bachelor,42300,760,0.219,1.0,21164,1
452,64,M,Bachelor,86788,659,0.277,0.0,21372,1
453,44,M,Master,12694,740,0.228,0.0,98530,1
454,22,M,PhD,29851,834,0.134,7.0,12853,1
455,49,M,Bachelor,30654,836,0.485,0.0,24698,1
456,47,F,High School,12182,581,0.037,0.0,29979,1
457,27,F,High School,27496,605,0.143,2.0,22009,0
458,50,M,Bachelor,28308,798,0.486,9.0,23273,1
459,60,F,Bachelor,43448,595,0.491,5.0,13063,0
460,25,M,PhD,95585,574,0.244,8.0,23231,1
461,54,F,Bachelor,42317,641,0.136,2.0,28444,1
462,27,M,Bachelor,26410,713,0.128,3.0,25946,1
463,56,F,Master,47373,671,0.258,2.0,29292,1
464,40,M,High School,91996,627,0.095,5.0,44636,1
465,21,F,Master,27294,626,0.308,2.0,35188,0
466,66,M,High School,28386,623,0.376,6.0,22825,0
467,28,M,Bachelor,68537,609,0.244,2.0,12260,1
468,49,M,PhD,42919,850,,2.0,16317,1
469,29,M,Master,72293,703,0.394,3.0,19735,1
470,64,F,Master,48621,750,0.272,1.0,24988,1
471,55,F,Bachelor,74682,640,,36.0,17341,1
472,58,F,Master,26342,665,0.643,3.0,13795,1
473,41,M,Bachelor,48666,622,0.332,4.0,12159,1
474,42,F,Bachelor,43199,467,0.402,3.0,9647,0
475,50,F,High School,23634,569,0.32,0.0,19585,0
476,57,M,High School,19185,535,0.289,4.0,10563,0
477,60,M,Bachelor,73972,500,0.283,6.0,13356,1
478,21,M,High School,39712,584,0.383,3.0,18088,0
479,52,M,Master,26545,785,0.081,4.0,11294,1
480,26,F,Master,46272,676,0.488,3.0,26632,1
481,34,F,PhD,96453,783,,7.0,31892,1
482,59,F,High School,12475,712,0.06,2.0,16735,1
483,32,M,PhD,19970,742,0.121,1.0,17702,1
484,58,F,High School,28177,607,0.128,2.0,28816,1
485,42,F,Bachelor,117795,721,0.071,3.0,15413,1
486,31,M,Master,58078,738,0.27,3.0,14892,1
487,36,F,High School,77682,633,0.329,3.0,40064,1
488,45,M,High School,24733,724,0.19,4.0,34272,1
489,56,M,High School,25041,725,0.189,0.0,29755,1
490,49,M,Bachelor,64131,636,0.103,18.0,34990,0
491,64,M,Master,50765,590,0.344,3.0,8195,0
492,61,F,High School,68134,585,0.51,3.0,43343,1
493,56,M,High School,43800,686,0.183,7.0,26796,1
494,49,M,Bachelor,57923,706,0.184,2.0,36511,1
495,34,M,High School,53899,616,0.397,5.0,26731,0
496,40,M,Master,78171,682,0.277,17.0,22571,1
497,26,M,PhD,79555,725,0.159,4.0,19193,1
498,38,M,Master,18547,729,0.271,8.0,26464,1
499,64,F,Master,12729,804,0.083,5.0,18847,1
500,41,M,Bachelor,89415,782,0.185,2.0,33993,1
