date,ticker,close_price,daily_return,volume
2022-01-03,AAPL,150.7,0.0047,12473153
2022-01-04,AAPL,149.16,-0.01024,5641516
2022-01-05,AAPL,143.86,-0.03555,14444315
2022-01-06,AAPL,143.94,0.0006,9848854
2022-01-07,AAPL,141.96,-0.0138,16407498
2022-01-10,AAPL,144.41,0.01728,8360995
2022-01-11,AAPL,143.01,-0.00971,7434592
2022-01-12,AAPL,141.0,-0.01408,9004923
2022-01-13,AAPL,139.47,-0.01079,11908598
2022-01-14,AAPL,138.61,-0.00617,7444763
2022-01-17,AAPL,142.49,0.02797,6181924
2022-01-18,AAPL,138.51,-0.02792,10671717
2022-01-19,AAPL,133.37,-0.0371,10141934
2022-01-20,AAPL,135.77,0.01797,9203160
2022-01-21,AAPL,135.83,0.00047,3187333
2022-01-24,AAPL,137.23,0.0103,10833419
2022-01-25,AAPL,134.38,-0.0208,23128712
2022-01-26,AAPL,131.46,-0.02173,3837588
2022-01-27,AAPL,127.21,-0.0323,9002253
2022-01-28,AAPL,128.02,0.00638,11078168
2022-01-31,AAPL,127.28,-0.00577,5918907
2022-02-01,AAPL,129.25,0.01547,5672878
2022-02-02,AAPL,126.48,-0.02148,17906204
2022-02-03,AAPL,126.92,0.0035,11247370
2022-02-04,AAPL,128.39,0.01157,6676479
2022-02-07,AAPL,127.19,-0.00929,12240869
2022-02-08,AAPL,125.82,-0.01081,10511814
2022-02-09,AAPL,125.65,-0.00131,4890789
2022-02-10,AAPL,127.88,0.0177,4663696
2022-02-11,AAPL,128.45,0.00449,9188767
2022-02-14,AAPL,131.42,0.0231,5076778
2022-02-15,AAPL,130.17,-0.00948,8451434
2022-02-16,AAPL,130.64,0.00356,13718125
2022-02-17,AAPL,131.41,0.0059,8997256
2022-02-18,AAPL,133.88,0.01881,25343472
2022-02-21,AAPL,130.65,-0.0241,8860614
2022-02-22,AAPL,132.48,0.01397,9275353
2022-02-23,AAPL,135.94,0.02612,7518775
2022-02-24,AAPL,133.5,-0.01795,13732218
2022-02-25,AAPL,126.88,-0.04961,7004900
2022-02-28,AAPL,132.32,0.04289,9003480
2022-03-01,AAPL,133.21,0.00674,5521703
2022-03-02,AAPL,133.19,-0.00012,8276250
2022-03-03,AAPL,137.69,0.03375,5362596
2022-03-04,AAPL,130.89,-0.04941,10889674
2022-03-07,AAPL,134.58,0.0282,6297524
2022-03-08,AAPL,130.2,-0.03252,5196984
2022-03-09,AAPL,131.26,0.0081,6708397
2022-03-10,AAPL,131.39,0.00106,2733905
2022-03-11,AAPL,130.2,-0.00907,13178972
2022-03-14,AAPL,129.62,-0.00446,5325296
2022-03-15,AAPL,132.12,0.01923,14555642
2022-03-16,AAPL,131.05,-0.00808,6132319
2022-03-17,AAPL,134.1,0.02331,6749883
2022-03-18,AAPL,133.75,-0.00264,21866876
2022-03-21,AAPL,134.24,0.00366,6936374
2022-03-22,AAPL,129.5,-0.03528,9044824
2022-03-23,AAPL,129.34,-0.00126,6504984
2022-03-24,AAPL,131.53,0.01696,4658915
2022-03-25,AAPL,127.83,-0.02819,5991891
2022-03-28,AAPL,127.74,-0.00068,4135133
2022-03-29,AAPL,125.0,-0.02146,5728380
2022-03-30,AAPL,124.83,-0.00134,6046052
2022-03-31,AAPL,126.9,0.01662,2830201
2022-04-01,AAPL,127.67,0.00607,6316285
2022-04-04,AAPL,128.57,0.00702,22787377
2022-04-05,AAPL,128.23,-0.00264,9356208
2022-04-06,AAPL,129.98,0.01366,4367061
2022-04-07,AAPL,131.35,0.01053,12751731
2022-04-08,AAPL,130.85,-0.00381,11764949
2022-04-11,AAPL,130.98,0.00096,5796203
2022-04-12,AAPL,127.7,-0.02501,13866303
2022-04-13,AAPL,131.62,0.03071,5732082
2022-04-14,AAPL,132.32,0.00531,4631538
2022-04-15,AAPL,131.03,-0.00976,6637507
2022-04-18,AAPL,128.18,-0.02178,8199187
2022-04-19,AAPL,130.31,0.01661,11271349
2022-04-20,AAPL,128.94,-0.01051,17363184
2022-04-21,AAPL,129.29,0.00277,21015200
2022-04-22,AAPL,126.11,-0.02464,38638982
2022-04-25,AAPL,125.57,-0.00426,4735253
2022-04-26,AAPL,123.03,-0.02026,13644903
2022-04-27,AAPL,124.9,0.01525,12854782
2022-04-28,AAPL,126.14,0.00993,4875822
2022-04-29,AAPL,125.69,-0.00359,2697047
2022-05-02,AAPL,123.59,-0.01672,11995629
2022-05-03,AAPL,119.29,-0.03475,28179375
2022-05-04,AAPL,121.91,0.02193,4854369
2022-05-05,AAPL,123.4,0.01223,11384399
2022-05-06,AAPL,123.0,-0.00326,11590262
2022-05-09,AAPL,122.32,-0.00554,8557362
2022-05-10,AAPL,123.44,0.00921,11015542
2022-05-11,AAPL,124.13,0.00555,10389509
2022-05-12,AAPL,126.26,0.01718,13014504
2022-05-13,AAPL,123.56,-0.02141,6033637
2022-05-16,AAPL,126.81,0.02636,19299343
2022-05-17,AAPL,128.1,0.01016,7717010
2022-05-18,AAPL,130.02,0.01497,12469074
2022-05-19,AAPL,126.43,-0.0276,9184465
2022-05-20,AAPL,123.28,-0.02493,7058723
2022-05-23,AAPL,123.39,0.00087,21003156
2022-05-24,AAPL,118.72,-0.0378,7435650
2022-05-25,AAPL,120.22,0.01258,12405915
2022-05-26,AAPL,122.09,0.01562,5406800
2022-05-27,AAPL,121.85,-0.00203,7051273
2022-05-30,AAPL,124.76,0.02388,8294507
2022-05-31,AAPL,124.83,0.00063,9776804
2022-06-01,AAPL,121.93,-0.02327,11510833
2022-06-02,AAPL,119.54,-0.0196,9738309
2022-06-03,AAPL,118.02,-0.01276,16177668
2022-06-06,AAPL,118.13,0.00098,23335181
2022-06-07,AAPL,113.42,-0.03991,17648639
2022-06-08,AAPL,115.21,0.01578,10285714
2022-06-09,AAPL,119.82,0.04003,4351229
2022-06-10,AAPL,120.31,0.00413,16578342
2022-06-13,AAPL,121.66,0.01123,7353847
2022-06-14,AAPL,123.12,0.01196,7220170
2022-06-15,AAPL,122.4,-0.00583,6381986
2022-06-16,AAPL,124.76,0.01928,10387058
2022-06-17,AAPL,130.45,0.0456,13571375
2022-06-20,AAPL,127.0,-0.0264,13273519
2022-06-21,AAPL,124.55,-0.0193,7740018
2022-06-22,AAPL,124.91,0.00284,5151556
2022-06-23,AAPL,123.81,-0.0088,6344374
2022-06-24,AAPL,124.16,0.00284,8565402
2022-06-27,AAPL,123.96,-0.00158,20856175
2022-06-28,AAPL,125.21,0.01006,11034011
2022-06-29,AAPL,127.72,0.02005,22547631
2022-06-30,AAPL,130.98,0.02547,5243380
2022-07-01,AAPL,132.26,0.00981,13084234
2022-07-04,AAPL,134.59,0.01765,8280794
2022-07-05,AAPL,134.81,0.0016,5705413
2022-07-06,AAPL,133.95,-0.00633,4959399
2022-07-07,AAPL,137.07,0.02323,6853462
2022-07-08,AAPL,134.81,-0.01649,10300147
2022-07-11,AAPL,135.11,0.00222,6305113
2022-07-12,AAPL,136.06,0.00708,6497348
2022-07-13,AAPL,137.35,0.00948,8766928
2022-07-14,AAPL,137.93,0.00421,7344561
2022-07-15,AAPL,136.31,-0.01175,10094830
2022-07-18,AAPL,132.5,-0.02798,17758415
2022-07-19,AAPL,131.45,-0.0079,25099005
2022-07-20,AAPL,133.08,0.01239,8482461
2022-07-21,AAPL,131.67,-0.01055,11520116
2022-07-22,AAPL,132.81,0.00863,11023790
2022-07-25,AAPL,134.86,0.01541,9439174
2022-07-26,AAPL,137.68,0.02091,6055173
2022-07-27,AAPL,137.21,-0.00336,12112611
2022-07-28,AAPL,135.33,-0.01374,9081041
2022-07-29,AAPL,139.11,0.02793,9368393
2022-08-01,AAPL,137.97,-0.00815,15629775
2022-08-02,AAPL,135.19,-0.02015,7528519
2022-08-03,AAPL,137.83,0.01949,6046380
2022-08-04,AAPL,138.51,0.00494,8581138
2022-08-05,AAPL,142.46,0.02851,4364687
2022-08-08,AAPL,141.11,-0.00945,7553532
2022-08-09,AAPL,142.11,0.00703,11710195
2022-08-10,AAPL,143.23,0.00792,18066487
2022-08-11,AAPL,145.01,0.0124,4683469
2022-08-12,AAPL,141.28,-0.02571,6792021
2022-08-15,AAPL,139.98,-0.00916,7142783
2022-08-16,AAPL,142.67,0.01918,6481053
2022-08-17,AAPL,145.56,0.02026,15781497
2022-08-18,AAPL,145.68,0.00086,6847495
2022-08-19,AAPL,149.11,0.02349,5821960
2022-08-22,AAPL,150.44,0.00892,10183493
2022-08-23,AAPL,153.99,0.02365,10632516
2022-08-24,AAPL,154.1,0.00068,15060484
2022-08-25,AAPL,153.09,-0.00654,11771607
2022-08-26,AAPL,153.5,0.00269,9042360
2022-08-29,AAPL,149.45,-0.02638,8867594
2022-08-30,AAPL,146.78,-0.0179,11582432
2022-08-31,AAPL,153.08,0.04296,7936333
2022-09-01,AAPL,155.65,0.0168,14714605
2022-09-02,AAPL,152.47,-0.02044,12661289
2022-09-05,AAPL,151.65,-0.00537,7131855
2022-09-06,AAPL,153.94,0.01507,6729698
2022-09-07,AAPL,152.58,-0.00885,12981056
2022-09-08,AAPL,156.16,0.02352,9186680
2022-09-09,AAPL,158.09,0.01231,4372133
2022-09-12,AAPL,157.85,-0.00153,11111174
2022-09-13,AAPL,155.5,-0.01487,12265143
2022-09-14,AAPL,156.33,0.00538,10251572
2022-09-15,AAPL,159.72,0.02163,16730655
2022-09-16,AAPL,156.27,-0.02158,6403624
2022-09-19,AAPL,157.83,0.00999,7644231
2022-09-20,AAPL,163.53,0.03612,15447064
2022-09-21,AAPL,161.17,-0.01447,6088972
2022-09-22,AAPL,157.54,-0.02248,10699466
2022-09-23,AAPL,155.87,-0.01059,6337978
2022-09-26,AAPL,152.37,-0.02248,13864711
2022-09-27,AAPL,150.37,-0.01315,5649541
2022-09-28,AAPL,145.31,-0.03366,10879356
2022-09-29,AAPL,145.95,0.00445,12808479
2022-09-30,AAPL,149.77,0.02614,9855762
2022-10-03,AAPL,148.88,-0.0059,3985242
2022-10-04,AAPL,149.22,0.00224,10598956
2022-10-05,AAPL,149.95,0.00493,3356243
2022-10-06,AAPL,153.33,0.02254,12122604
2022-10-07,AAPL,152.3,-0.00672,7709203
2022-10-10,AAPL,147.08,-0.03426,10444236
2022-10-11,AAPL,146.22,-0.00588,5049468
2022-10-12,AAPL,151.46,0.03584,19238749
2022-10-13,AAPL,153.48,0.01333,8792825
2022-10-14,AAPL,150.09,-0.02204,8801217
2022-10-17,AAPL,151.41,0.00876,8417637
2022-10-18,AAPL,151.36,-0.00033,9755563
2022-10-19,AAPL,148.29,-0.02029,13394106
2022-10-20,AAPL,151.02,0.01843,7166360
2022-10-21,AAPL,149.18,-0.0122,25659271
2022-10-24,AAPL,152.29,0.02084,2785739
2022-10-25,AAPL,152.05,-0.00154,5336110
2022-10-26,AAPL,149.6,-0.01611,6293767
2022-10-27,AAPL,149.76,0.00107,8318971
2022-10-28,AAPL,146.32,-0.02301,5162157
2022-10-31,AAPL,140.94,-0.03678,8493551
2022-11-01,AAPL,141.66,0.00513,13668014
2022-11-02,AAPL,144.2,0.01796,9334609
2022-11-03,AAPL,143.2,-0.00697,25909399
2022-11-04,AAPL,140.85,-0.01638,4509066
2022-11-07,AAPL,139.72,-0.00801,9794003
2022-11-08,AAPL,143.16,0.0246,7014623
2022-11-09,AAPL,139.03,-0.02887,12821177
2022-11-10,AAPL,137.94,-0.00783,5206866
2022-11-11,AAPL,135.72,-0.01613,9487414
2022-11-14,AAPL,131.44,-0.03152,18573270
2022-11-15,AAPL,131.08,-0.00275,9084042
2022-11-16,AAPL,133.58,0.01914,6105301
2022-11-17,AAPL,133.77,0.00135,8500548
2022-11-18,AAPL,134.95,0.00889,30134334
2022-11-21,AAPL,132.32,-0.01953,8570325
2022-11-22,AAPL,137.39,0.03833,5656442
2022-11-23,AAPL,141.42,0.02931,9236083
2022-11-24,AAPL,144.08,0.01881,11755742
2022-11-25,AAPL,144.94,0.00601,5687498
2022-11-28,AAPL,144.6,-0.00239,12507982
2022-11-29,AAPL,143.63,-0.00665,5161133
2022-11-30,AAPL,141.14,-0.01738,18014714
2022-12-01,AAPL,145.23,0.02902,6201430
2022-12-02,AAPL,145.22,-0.0001,16528924
2022-12-05,AAPL,146.03,0.00556,9184271
2022-12-06,AAPL,147.69,0.01141,5104392
2022-12-07,AAPL,145.92,-0.01203,13026739
2022-12-08,AAPL,146.49,0.00392,11196822
2022-12-09,AAPL,146.77,0.00195,4660395
2022-12-12,AAPL,147.94,0.00793,17011271
2022-12-13,AAPL,149.36,0.0096,12821371
2022-12-14,AAPL,146.88,-0.01658,7844554
2022-12-15,AAPL,145.72,-0.00787,6903101
2022-12-16,AAPL,144.14,-0.01084,11954017
2022-12-19,AAPL,145.62,0.01026,13565736
2022-12-20,AAPL,150.4,0.03276,9702424
2022-12-21,AAPL,151.71,0.00875,9731480
2022-12-22,AAPL,147.35,-0.02872,5235614
2022-12-23,AAPL,148.65,0.00877,7141470
2022-12-26,AAPL,148.56,-0.00058,4363194
2022-12-27,AAPL,149.38,0.00551,7667967
2022-12-28,AAPL,149.93,0.00369,9790653
2022-12-29,AAPL,145.59,-0.02892,15430403
2022-12-30,AAPL,142.32,-0.02246,7657611
2023-01-02,AAPL,141.19,-0.00799,14902920
2023-01-03,AAPL,141.51,0.00228,14390265
2023-01-04,AAPL,142.07,0.00401,8790492
2023-01-05,AAPL,140.06,-0.01417,7029917
2023-01-06,AAPL,140.2,0.00102,10119138
2023-01-09,AAPL,138.63,-0.01122,17990775
2023-01-10,AAPL,139.43,0.00578,5110705
2023-01-11,AAPL,143.21,0.02712,3832401
2023-01-12,AAPL,144.28,0.00746,6779635
2023-01-13,AAPL,148.42,0.02868,13514311
2023-01-16,AAPL,145.36,-0.02062,14715472
2023-01-17,AAPL,140.13,-0.03597,13513228
2023-01-18,AAPL,140.07,-0.00046,5646407
2023-01-19,AAPL,142.59,0.01803,13120029
2023-01-20,AAPL,143.14,0.00385,10274714
2023-01-23,AAPL,144.23,0.00764,7459925
2023-01-24,AAPL,145.74,0.01046,3509823
2023-01-25,AAPL,136.92,-0.06051,11226859
2023-01-26,AAPL,137.93,0.00736,6373798
2023-01-27,AAPL,135.3,-0.01909,17216032
2023-01-30,AAPL,134.09,-0.00891,6574844
2023-01-31,AAPL,131.8,-0.01711,13252905
2023-02-01,AAPL,126.6,-0.03949,8087184
2023-02-02,AAPL,125.01,-0.01257,8269841
2023-02-03,AAPL,126.55,0.01234,6967142
2023-02-06,AAPL,125.96,-0.00467,3489692
2023-02-07,AAPL,124.75,-0.00957,5239986
2023-02-08,AAPL,125.31,0.00446,7897424
2023-02-09,AAPL,124.35,-0.00764,9607625
2023-02-10,AAPL,122.37,-0.01591,5036100
2023-02-13,AAPL,116.7,-0.04635,8550633
2023-02-14,AAPL,116.72,0.00015,8608539
2023-02-15,AAPL,115.51,-0.01033,14913348
2023-02-16,AAPL,113.97,-0.01333,21582335
2023-02-17,AAPL,113.39,-0.00507,5854707
2023-02-20,AAPL,112.6,-0.00704,8500201
2023-02-21,AAPL,113.37,0.00686,22512851
2023-02-22,AAPL,113.65,0.0025,12583369
2023-02-23,AAPL,115.53,0.01654,10975762
2023-02-24,AAPL,119.52,0.03455,7458278
2023-02-27,AAPL,118.18,-0.01123,4794814
2023-02-28,AAPL,117.6,-0.0049,3080549
2023-03-01,AAPL,118.92,0.01119,6216598
2023-03-02,AAPL,120.3,0.01163,10535492
2023-03-03,AAPL,117.7,-0.0216,25178234
2023-03-06,AAPL,116.07,-0.01383,5768018
2023-03-07,AAPL,115.21,-0.00741,11178476
2023-03-08,AAPL,112.98,-0.01935,13182048
2023-03-09,AAPL,113.27,0.0025,8045675
2023-03-10,AAPL,111.14,-0.01882,9278750
2023-03-13,AAPL,110.6,-0.00484,3196843
2023-03-14,AAPL,111.21,0.00558,5512403
2023-03-15,AAPL,110.57,-0.00576,5665880
2023-03-16,AAPL,109.86,-0.00643,6980912
2023-03-17,AAPL,109.1,-0.00697,6991608
2023-03-20,AAPL,107.75,-0.01237,14514775
2023-03-21,AAPL,108.59,0.00778,11425092
2023-03-22,AAPL,111.12,0.02332,6668864
2023-03-23,AAPL,111.95,0.00748,6656933
2023-03-24,AAPL,110.2,-0.01565,16782684
2023-03-27,AAPL,108.45,-0.01586,30049366
2023-03-28,AAPL,113.05,0.04241,2959362
2023-03-29,AAPL,114.87,0.01615,5724544
2023-03-30,AAPL,116.01,0.00991,9606920
2023-03-31,AAPL,110.68,-0.04598,9240699
2023-04-03,AAPL,113.28,0.02352,9929044
2023-04-04,AAPL,117.12,0.03385,6122596
2023-04-05,AAPL,121.12,0.03418,8739188
2023-04-06,AAPL,118.25,-0.02365,11616039
2023-04-07,AAPL,121.91,0.03091,9710243
2023-04-10,AAPL,122.43,0.00425,9358901
2023-04-11,AAPL,117.64,-0.03913,24533246
2023-04-12,AAPL,121.7,0.03456,18798256
2023-04-13,AAPL,122.69,0.00806,9350706
2023-04-14,AAPL,122.03,-0.00537,19626052
2023-04-17,AAPL,123.88,0.01518,4981673
2023-04-18,AAPL,122.88,-0.00803,10616171
2023-04-19,AAPL,121.71,-0.00957,12644470
2023-04-20,AAPL,126.17,0.03667,24239973
2023-04-21,AAPL,127.81,0.01297,5703851
2023-04-24,AAPL,130.12,0.01808,4833510
2023-04-25,AAPL,129.03,-0.00839,6332171
2023-04-26,AAPL,128.55,-0.00369,10499613
2023-04-27,AAPL,131.11,0.01992,10448679
2023-04-28,AAPL,127.29,-0.02913,12207894
2023-05-01,AAPL,129.2,0.01499,13609410
2023-05-02,AAPL,127.7,-0.01164,8207869
2023-05-03,AAPL,126.74,-0.00749,13828248
2023-05-04,AAPL,122.53,-0.03319,7044568
2023-05-05,AAPL,125.57,0.0248,7033110
2023-05-08,AAPL,128.7,0.02492,13429636
2023-05-09,AAPL,124.35,-0.03377,5754686
2023-05-10,AAPL,128.73,0.03516,3766174
2023-05-11,AAPL,127.35,-0.01067,9364819
2023-05-12,AAPL,127.99,0.00503,20262658
2023-05-15,AAPL,125.76,-0.01743,9469410
2023-05-16,AAPL,127.53,0.01406,7585755
2023-05-17,AAPL,125.48,-0.01607,7032185
2023-05-18,AAPL,122.76,-0.02171,8802198
2023-05-19,AAPL,125.19,0.0198,6836648
2023-05-22,AAPL,126.73,0.01229,3214671
2023-05-23,AAPL,122.48,-0.03353,16538145
2023-05-24,AAPL,122.1,-0.00305,10958954
2023-05-25,AAPL,118.83,-0.02677,5469559
2023-05-26,AAPL,121.37,0.02132,8625574
2023-05-29,AAPL,122.77,0.01159,8932894
2023-05-30,AAPL,125.38,0.02118,6675362
2023-05-31,AAPL,120.17,-0.04154,5448573
2023-06-01,AAPL,121.36,0.00995,10060043
2023-06-02,AAPL,120.78,-0.00481,15938039
2023-06-05,AAPL,119.46,-0.01093,4907101
2023-06-06,AAPL,121.34,0.01578,6218651
2023-06-07,AAPL,121.86,0.00425,4248246
2023-06-08,AAPL,118.57,-0.02697,6329288
2023-06-09,AAPL,123.33,0.0401,11188332
2023-06-12,AAPL,122.71,-0.00498,7185279
2023-06-13,AAPL,123.24,0.00433,9476682
2023-06-14,AAPL,124.86,0.01312,24619970
2023-06-15,AAPL,124.15,-0.00572,33510686
2023-06-16,AAPL,119.86,-0.03456,9922664
2023-06-19,AAPL,118.31,-0.01292,11547511
2023-06-20,AAPL,115.48,-0.02394,5856303
2023-06-21,AAPL,115.57,0.00084,4458204
2023-06-22,AAPL,122.16,0.05696,15939254
2023-06-23,AAPL,124.01,0.01521,10826191
2023-06-26,AAPL,125.19,0.00946,8257589
2023-06-27,AAPL,125.79,0.00483,7888473
2023-06-28,AAPL,123.43,-0.01875,8085089
2023-06-29,AAPL,126.71,0.02659,10481106
2023-06-30,AAPL,130.5,0.02989,14810877
2023-07-03,AAPL,135.93,0.0416,9986705
2023-07-04,AAPL,136.41,0.0035,7248843
2023-07-05,AAPL,139.49,0.02257,7204576
2023-07-06,AAPL,141.19,0.01224,3786037
2023-07-07,AAPL,140.08,-0.00792,18417026
2023-07-10,AAPL,141.47,0.00994,17639851
2023-07-11,AAPL,140.22,-0.00882,7988033
2023-07-12,AAPL,136.01,-0.03002,8890551
2023-07-13,AAPL,138.11,0.01544,7966580
2023-07-14,AAPL,138.41,0.0022,5532561
2022-01-03,MSFT,147.99,-0.01337,8959667
2022-01-04,MSFT,149.89,0.01284,7430645
2022-01-05,MSFT,151.64,0.01167,15963948
2022-01-06,MSFT,150.53,-0.00737,4989523
2022-01-07,MSFT,145.13,-0.03584,10076478
2022-01-10,MSFT,143.47,-0.01148,9300258
2022-01-11,MSFT,141.95,-0.01054,7850783
2022-01-12,MSFT,142.86,0.00639,7409589
2022-01-13,MSFT,145.24,0.01666,5986179
2022-01-14,MSFT,143.79,-0.00999,7241215
2022-01-17,MSFT,144.82,0.00714,5131754
2022-01-18,MSFT,147.51,0.01863,3625868
2022-01-19,MSFT,147.13,-0.0026,10567639
2022-01-20,MSFT,143.61,-0.02395,10672032
2022-01-21,MSFT,145.54,0.01346,9988854
2022-01-24,MSFT,145.41,-0.0009,8495936
2022-01-25,MSFT,145.39,-0.00013,14316700
2022-01-26,MSFT,144.81,-0.00402,6944606
2022-01-27,MSFT,146.85,0.01412,11953417
2022-01-28,MSFT,149.36,0.01708,5031149
2022-01-31,MSFT,152.06,0.01807,8150052
2022-02-01,MSFT,149.83,-0.01463,13045230
2022-02-02,MSFT,150.66,0.00553,5168433
2022-02-03,MSFT,150.12,-0.00357,12231905
2022-02-04,MSFT,145.9,-0.02816,11672340
2022-02-07,MSFT,145.44,-0.00315,11495925
2022-02-08,MSFT,140.28,-0.03544,19759095
2022-02-09,MSFT,138.94,-0.0096,6633816
2022-02-10,MSFT,138.43,-0.00364,11693967
2022-02-11,MSFT,138.14,-0.00208,19328566
2022-02-14,MSFT,137.65,-0.00357,20223658
2022-02-15,MSFT,137.23,-0.00305,8914590
2022-02-16,MSFT,133.76,-0.02527,5941112
2022-02-17,MSFT,134.42,0.00492,4295980
2022-02-18,MSFT,138.08,0.02723,9893605
2022-02-21,MSFT,137.32,-0.00551,8497349
2022-02-22,MSFT,141.03,0.02699,13137223
2022-02-23,MSFT,136.77,-0.0302,7207886
2022-02-24,MSFT,138.81,0.0149,5806090
2022-02-25,MSFT,139.63,0.00592,2851775
2022-02-28,MSFT,138.34,-0.00922,9389829
2022-03-01,MSFT,139.97,0.01182,6980107
2022-03-02,MSFT,142.08,0.01503,4220459
2022-03-03,MSFT,141.68,-0.00279,9744025
2022-03-04,MSFT,138.15,-0.02496,16959267
2022-03-07,MSFT,138.82,0.00487,5107674
2022-03-08,MSFT,140.08,0.00905,5846525
2022-03-09,MSFT,138.64,-0.01023,4476011
2022-03-10,MSFT,137.87,-0.00559,2959237
2022-03-11,MSFT,138.37,0.00365,22433795
2022-03-14,MSFT,137.41,-0.00694,2805831
2022-03-15,MSFT,136.38,-0.00748,8581225
2022-03-16,MSFT,136.74,0.00263,8596525
2022-03-17,MSFT,140.1,0.02455,8085747
2022-03-18,MSFT,139.24,-0.00615,10579273
2022-03-21,MSFT,140.25,0.00731,7984739
2022-03-22,MSFT,139.73,-0.00371,6415054
2022-03-23,MSFT,141.39,0.01187,4083087
2022-03-24,MSFT,141.68,0.00207,13849770
2022-03-25,MSFT,141.58,-0.00071,3717978
2022-03-28,MSFT,141.24,-0.00244,12780703
2022-03-29,MSFT,141.78,0.00384,5167070
2022-03-30,MSFT,146.99,0.03677,14151441
2022-03-31,MSFT,147.38,0.00264,35549459
2022-04-01,MSFT,146.72,-0.00448,4171889
2022-04-04,MSFT,146.36,-0.00247,9191075
2022-04-05,MSFT,142.7,-0.02497,12556260
2022-04-06,MSFT,144.98,0.01596,4361447
2022-04-07,MSFT,143.5,-0.01022,4814101
2022-04-08,MSFT,140.53,-0.02069,11074187
2022-04-11,MSFT,140.76,0.00164,7954880
2022-04-12,MSFT,141.48,0.00513,7316376
2022-04-13,MSFT,140.03,-0.01024,7275735
2022-04-14,MSFT,139.5,-0.0038,8965941
2022-04-15,MSFT,140.67,0.00838,6156936
2022-04-18,MSFT,140.04,-0.0045,6659250
2022-04-19,MSFT,138.66,-0.00983,13189753
2022-04-20,MSFT,137.11,-0.01115,8220472
2022-04-21,MSFT,134.9,-0.01616,12630042
2022-04-22,MSFT,137.3,0.01782,9672700
2022-04-25,MSFT,141.58,0.03119,3095916
2022-04-26,MSFT,140.04,-0.01091,12331225
2022-04-27,MSFT,136.57,-0.02474,8167471
2022-04-28,MSFT,136.76,0.00134,7845167
2022-04-29,MSFT,136.68,-0.00053,13588132
2022-05-02,MSFT,139.08,0.01753,4387362
2022-05-03,MSFT,136.17,-0.02096,11094771
2022-05-04,MSFT,133.63,-0.01863,23099312
2022-05-05,MSFT,133.43,-0.00145,9971571
2022-05-06,MSFT,133.08,-0.00262,7393367
2022-05-09,MSFT,131.55,-0.01152,20666238
2022-05-10,MSFT,132.35,0.00603,3240500
2022-05-11,MSFT,131.02,-0.00999,11585654
2022-05-12,MSFT,131.93,0.00692,16421966
2022-05-13,MSFT,132.52,0.0045,7824433
2022-05-16,MSFT,132.18,-0.0026,10280387
2022-05-17,MSFT,133.36,0.0089,6452594
2022-05-18,MSFT,132.69,-0.00501,11814121
2022-05-19,MSFT,133.02,0.0025,8431838
2022-05-20,MSFT,134.83,0.01363,6134277
2022-05-23,MSFT,136.16,0.00987,16382435
2022-05-24,MSFT,136.17,8e-05,8494266
2022-05-25,MSFT,133.9,-0.01671,7396907
2022-05-26,MSFT,132.51,-0.01038,14649510
2022-05-27,MSFT,131.98,-0.00397,7707199
2022-05-30,MSFT,134.29,0.01749,8550248
2022-05-31,MSFT,135.5,0.00903,7424721
2022-06-01,MSFT,136.37,0.00639,8137788
2022-06-02,MSFT,139.2,0.02078,9978335
2022-06-03,MSFT,136.1,-0.02226,6965306
2022-06-06,MSFT,133.38,-0.02002,11637035
2022-06-07,MSFT,135.08,0.01278,10105547
2022-06-08,MSFT,134.02,-0.00788,5028249
2022-06-09,MSFT,133.95,-0.00054,6367321
2022-06-10,MSFT,135.97,0.01508,7311795
2022-06-13,MSFT,136.99,0.00751,6990855
2022-06-14,MSFT,139.41,0.0177,5347228
2022-06-15,MSFT,138.65,-0.00548,11876312
2022-06-16,MSFT,142.4,0.02702,4344134
2022-06-17,MSFT,139.53,-0.02014,11241478
2022-06-20,MSFT,143.08,0.02547,13525111
2022-06-21,MSFT,144.75,0.01166,5212264
2022-06-22,MSFT,145.39,0.00439,11473212
2022-06-23,MSFT,145.91,0.0036,10346694
2022-06-24,MSFT,147.7,0.01226,2629932
2022-06-27,MSFT,142.91,-0.0324,4902111
2022-06-28,MSFT,143.14,0.00158,7314023
2022-06-29,MSFT,140.12,-0.02114,19975173
2022-06-30,MSFT,139.68,-0.00312,9803051
2022-07-01,MSFT,141.79,0.01514,25776746
2022-07-04,MSFT,141.69,-0.00075,9749152
2022-07-05,MSFT,138.89,-0.01972,8676466
2022-07-06,MSFT,136.12,-0.01997,7083471
2022-07-07,MSFT,137.81,0.01239,10626544
2022-07-08,MSFT,139.92,0.01536,10075707
2022-07-11,MSFT,142.56,0.01885,5437594
2022-07-12,MSFT,145.36,0.01967,6675797
2022-07-13,MSFT,144.51,-0.00584,7598689
2022-07-14,MSFT,148.78,0.02951,6091117
2022-07-15,MSFT,149.95,0.0079,10954031
2022-07-18,MSFT,150.22,0.00175,5984634
2022-07-19,MSFT,147.49,-0.01814,4994810
2022-07-20,MSFT,150.09,0.01759,5982742
2022-07-21,MSFT,147.2,-0.0192,14317332
2022-07-22,MSFT,148.68,0.01001,8720604
2022-07-25,MSFT,147.44,-0.00832,2256672
2022-07-26,MSFT,145.61,-0.0124,8116859
2022-07-27,MSFT,143.11,-0.01715,5170558
2022-07-28,MSFT,147.82,0.03291,3764113
2022-07-29,MSFT,148.52,0.0047,5905829
2022-08-01,MSFT,148.96,0.00297,4792617
2022-08-02,MSFT,151.79,0.01901,7429281
2022-08-03,MSFT,155.92,0.02719,17410177
2022-08-04,MSFT,153.62,-0.01475,5302931
2022-08-05,MSFT,150.37,-0.02116,5336297
2022-08-08,MSFT,153.31,0.01953,19844415
2022-08-09,MSFT,151.83,-0.00965,15177462
2022-08-10,MSFT,151.68,-0.00095,7674125
2022-08-11,MSFT,151.31,-0.00247,13087288
2022-08-12,MSFT,146.42,-0.03231,7324609
2022-08-15,MSFT,144.96,-0.00994,13280979
2022-08-16,MSFT,146.69,0.01194,14666755
2022-08-17,MSFT,148.21,0.01032,10585603
2022-08-18,MSFT,146.27,-0.01306,10102639
2022-08-19,MSFT,145.42,-0.00582,6815463
2022-08-22,MSFT,140.25,-0.03556,15255484
2022-08-23,MSFT,138.08,-0.01546,8725002
2022-08-24,MSFT,142.31,0.03058,13990513
2022-08-25,MSFT,141.26,-0.00738,31216447
2022-08-26,MSFT,143.66,0.01701,5837299
2022-08-29,MSFT,142.64,-0.00709,15027155
2022-08-30,MSFT,144.61,0.01382,10939521
2022-08-31,MSFT,141.85,-0.01909,8496657
2022-09-01,MSFT,143.83,0.01397,23163604
2022-09-02,MSFT,144.26,0.00297,8085227
2022-09-05,MSFT,143.81,-0.00315,11542653
2022-09-06,MSFT,139.67,-0.02879,7281094
2022-09-07,MSFT,139.43,-0.0017,10674559
2022-09-08,MSFT,139.32,-0.00077,7874436
2022-09-09,MSFT,138.24,-0.00775,9255066
2022-09-12,MSFT,139.45,0.00875,10810083
2022-09-13,MSFT,141.71,0.01619,7223911
2022-09-14,MSFT,143.15,0.01016,4155811
2022-09-15,MSFT,142.44,-0.00495,18216684
2022-09-16,MSFT,140.46,-0.01389,12709434
2022-09-19,MSFT,139.09,-0.00975,9526503
2022-09-20,MSFT,135.71,-0.0243,21600024
2022-09-21,MSFT,139.05,0.02461,6240095
2022-09-22,MSFT,136.84,-0.01595,3989095
2022-09-23,MSFT,137.4,0.00412,9955673
2022-09-26,MSFT,138.75,0.00985,11228810
2022-09-27,MSFT,136.66,-0.01511,15450362
2022-09-28,MSFT,140.18,0.02578,7724538
2022-09-29,MSFT,138.95,-0.00874,8076378
2022-09-30,MSFT,138.18,-0.00556,13966017
2022-10-03,MSFT,140.28,0.01519,12307766
2022-10-04,MSFT,139.68,-0.00428,9241101
2022-10-05,MSFT,142.05,0.017,12344905
2022-10-06,MSFT,142.63,0.00409,10737228
2022-10-07,MSFT,145.35,0.01902,7500182
2022-10-10,MSFT,143.07,-0.01567,7576414
2022-10-11,MSFT,147.51,0.03102,6053920
2022-10-12,MSFT,150.5,0.02026,5201132
2022-10-13,MSFT,150.68,0.0012,12592899
2022-10-14,MSFT,149.87,-0.00535,6560660
2022-10-17,MSFT,150.96,0.00727,5361819
2022-10-18,MSFT,153.69,0.01807,6714095
2022-10-19,MSFT,155.0,0.0085,6718068
2022-10-20,MSFT,154.8,-0.00128,8398676
2022-10-21,MSFT,157.33,0.01636,12079651
2022-10-24,MSFT,154.53,-0.01781,4373271
2022-10-25,MSFT,151.7,-0.01827,5913990
2022-10-26,MSFT,154.34,0.01734,9732239
2022-10-27,MSFT,157.12,0.01804,6041901
2022-10-28,MSFT,156.49,-0.00403,7175680
2022-10-31,MSFT,152.69,-0.0243,16354968
2022-11-01,MSFT,150.09,-0.01697,4804853
2022-11-02,MSFT,150.86,0.00514,14971970
2022-11-03,MSFT,152.87,0.01328,11547241
2022-11-04,MSFT,156.65,0.02474,6625590
2022-11-07,MSFT,152.5,-0.02652,11760975
2022-11-08,MSFT,151.69,-0.00527,12236227
2022-11-09,MSFT,156.39,0.03098,15287333
2022-11-10,MSFT,157.31,0.00585,6780115
2022-11-11,MSFT,160.17,0.01822,15329549
2022-11-14,MSFT,162.35,0.01359,10269715
2022-11-15,MSFT,160.12,-0.01372,10365721
2022-11-16,MSFT,163.51,0.02113,6395963
2022-11-17,MSFT,165.3,0.01097,24804341
2022-11-18,MSFT,167.25,0.01182,12362931
2022-11-21,MSFT,167.88,0.00375,13282239
2022-11-22,MSFT,176.36,0.0505,6334963
2022-11-23,MSFT,174.62,-0.00985,10739136
2022-11-24,MSFT,172.02,-0.01489,6058560
2022-11-25,MSFT,169.49,-0.0147,9133963
2022-11-28,MSFT,164.1,-0.03179,6384255
2022-11-29,MSFT,161.17,-0.01787,7284432
2022-11-30,MSFT,162.42,0.00773,11221302
2022-12-01,MSFT,162.72,0.00187,11733940
2022-12-02,MSFT,161.98,-0.00453,8551807
2022-12-05,MSFT,160.05,-0.01192,9587659
2022-12-06,MSFT,159.22,-0.00518,3860022
2022-12-07,MSFT,159.32,0.00059,27343066
2022-12-08,MSFT,155.36,-0.02486,9179844
2022-12-09,MSFT,150.94,-0.02845,19375206
2022-12-12,MSFT,155.48,0.03011,15225179
2022-12-13,MSFT,159.21,0.02396,8123392
2022-12-14,MSFT,157.47,-0.01092,4500973
2022-12-15,MSFT,157.35,-0.00076,13903344
2022-12-16,MSFT,158.49,0.00723,7897055
2022-12-19,MSFT,162.8,0.02719,4669557
2022-12-20,MSFT,160.65,-0.01316,14189168
2022-12-21,MSFT,155.78,-0.03034,4664633
2022-12-22,MSFT,155.47,-0.00201,12003915
2022-12-23,MSFT,157.01,0.00992,16084579
2022-12-26,MSFT,158.36,0.00863,5524646
2022-12-27,MSFT,157.36,-0.00632,7039095
2022-12-28,MSFT,159.43,0.01313,12591337
2022-12-29,MSFT,158.31,-0.007,3832382
2022-12-30,MSFT,158.8,0.00304,4172222
2023-01-02,MSFT,156.08,-0.0171,9557411
2023-01-03,MSFT,156.71,0.00403,6043484
2023-01-04,MSFT,156.74,0.00021,10450030
2023-01-05,MSFT,161.12,0.02795,12771502
2023-01-06,MSFT,159.21,-0.01185,7012259
2023-01-09,MSFT,159.99,0.00487,13280933
2023-01-10,MSFT,159.93,-0.00035,8345003
2023-01-11,MSFT,163.59,0.02284,8963247
2023-01-12,MSFT,158.38,-0.03184,34871746
2023-01-13,MSFT,157.52,-0.00542,6969007
2023-01-16,MSFT,158.42,0.00572,9339445
2023-01-17,MSFT,160.53,0.01329,9248993
2023-01-18,MSFT,162.24,0.01066,6003027
2023-01-19,MSFT,156.19,-0.03728,10667793
2023-01-20,MSFT,153.58,-0.01673,4024601
2023-01-23,MSFT,153.95,0.00246,9412346
2023-01-24,MSFT,155.15,0.00776,15006779
2023-01-25,MSFT,154.69,-0.00297,3941645
2023-01-26,MSFT,156.61,0.01243,11986751
2023-01-27,MSFT,153.93,-0.01709,22664037
2023-01-30,MSFT,151.93,-0.01301,14637051
2023-01-31,MSFT,153.64,0.01125,5346481
2023-02-01,MSFT,152.46,-0.00767,11999285
2023-02-02,MSFT,155.02,0.01682,6237195
2023-02-03,MSFT,153.43,-0.01027,4674314
2023-02-06,MSFT,156.6,0.02067,13834341
2023-02-07,MSFT,156.33,-0.00176,4652261
2023-02-08,MSFT,155.91,-0.00267,8828652
2023-02-09,MSFT,157.11,0.00772,3578696
2023-02-10,MSFT,158.9,0.0114,7697803
2023-02-13,MSFT,161.41,0.01574,11684218
2023-02-14,MSFT,158.77,-0.0163,8844951
2023-02-15,MSFT,157.54,-0.00775,9709510
2023-02-16,MSFT,155.48,-0.01312,7022295
2023-02-17,MSFT,154.27,-0.00775,3592192
2023-02-20,MSFT,155.41,0.00736,22603107
2023-02-21,MSFT,154.37,-0.00666,10955767
2023-02-22,MSFT,153.38,-0.0064,2566641
2023-02-23,MSFT,151.0,-0.01552,19820388
2023-02-24,MSFT,156.33,0.03524,8836875
2023-02-27,MSFT,154.25,-0.01326,13203238
2023-02-28,MSFT,151.97,-0.01482,10232111
2023-03-01,MSFT,152.02,0.00033,6019208
2023-03-02,MSFT,153.49,0.00967,8601921
2023-03-03,MSFT,157.8,0.02807,15603556
2023-03-06,MSFT,158.02,0.00143,4653213
2023-03-07,MSFT,155.56,-0.01556,15069780
2023-03-08,MSFT,157.58,0.01299,5050453
2023-03-09,MSFT,157.74,0.00101,6040878
2023-03-10,MSFT,154.89,-0.01807,3773395
2023-03-13,MSFT,154.57,-0.00206,8642650
2023-03-14,MSFT,153.61,-0.00622,4743291
2023-03-15,MSFT,154.33,0.00465,6660794
2023-03-16,MSFT,156.04,0.0111,9881873
2023-03-17,MSFT,154.93,-0.00712,13937212
2023-03-20,MSFT,153.09,-0.01183,6258265
2023-03-21,MSFT,153.25,0.00103,12821755
2023-03-22,MSFT,152.82,-0.00283,9396509
2023-03-23,MSFT,153.5,0.00445,7551808
2023-03-24,MSFT,154.15,0.00427,9909140
2023-03-27,MSFT,150.05,-0.02662,17019517
2023-03-28,MSFT,153.56,0.02336,9586238
2023-03-29,MSFT,156.13,0.01678,9551111
2023-03-30,MSFT,158.16,0.01297,14707009
2023-03-31,MSFT,157.17,-0.00621,11298763
2023-04-03,MSFT,160.71,0.02252,15441440
2023-04-04,MSFT,164.73,0.02501,18593508
2023-04-05,MSFT,166.42,0.01021,5654940
2023-04-06,MSFT,168.17,0.01053,14309369
2023-04-07,MSFT,170.6,0.01448,6761626
2023-04-10,MSFT,172.79,0.01281,6876588
2023-04-11,MSFT,174.94,0.01245,23736811
2023-04-12,MSFT,172.42,-0.0144,7406045
2023-04-13,MSFT,172.75,0.00189,17253644
2023-04-14,MSFT,181.94,0.05318,11511515
2023-04-17,MSFT,182.38,0.00244,8351487
2023-04-18,MSFT,177.08,-0.02907,8982196
2023-04-19,MSFT,177.61,0.003,17875701
2023-04-20,MSFT,171.81,-0.03264,8609591
2023-04-21,MSFT,172.5,0.00398,4801653
2023-04-24,MSFT,175.98,0.02022,9717209
2023-04-25,MSFT,177.74,0.00998,8261042
2023-04-26,MSFT,176.84,-0.00506,3962314
2023-04-27,MSFT,178.87,0.01148,14958662
2023-04-28,MSFT,180.64,0.00991,5929475
2023-05-01,MSFT,178.81,-0.01014,4728284
2023-05-02,MSFT,178.2,-0.00341,17963320
2023-05-03,MSFT,180.11,0.01071,6267290
2023-05-04,MSFT,175.9,-0.02338,10095907
2023-05-05,MSFT,177.23,0.00758,7914290
2023-05-08,MSFT,176.25,-0.00554,6786950
2023-05-09,MSFT,175.63,-0.00352,5450025
2023-05-10,MSFT,176.32,0.00394,10922938
2023-05-11,MSFT,177.08,0.00428,9444292
2023-05-12,MSFT,180.79,0.02095,7739049
2023-05-15,MSFT,180.87,0.00047,21453675
2023-05-16,MSFT,176.8,-0.02254,3227368
2023-05-17,MSFT,178.26,0.00825,7947503
2023-05-18,MSFT,183.73,0.03073,14379013
2023-05-19,MSFT,185.99,0.01229,13335877
2023-05-22,MSFT,182.98,-0.01618,9333681
2023-05-23,MSFT,189.02,0.03301,4751552
2023-05-24,MSFT,188.93,-0.00047,5275769
2023-05-25,MSFT,190.79,0.00981,14029765
2023-05-26,MSFT,187.98,-0.01474,8824575
2023-05-29,MSFT,192.07,0.02178,9254340
2023-05-30,MSFT,188.9,-0.01649,11129787
2023-05-31,MSFT,194.85,0.03146,4451924
2023-06-01,MSFT,193.49,-0.00697,7667220
2023-06-02,MSFT,195.08,0.00824,10275279
2023-06-05,MSFT,196.93,0.00948,22458405
2023-06-06,MSFT,196.81,-0.00062,5831905
2023-06-07,MSFT,197.12,0.00156,18830933
2023-06-08,MSFT,196.6,-0.00266,12428801
2023-06-09,MSFT,197.07,0.00243,8096197
2023-06-12,MSFT,195.82,-0.00638,13968021
2023-06-13,MSFT,194.25,-0.00797,8019354
2023-06-14,MSFT,189.03,-0.02689,7922436
2023-06-15,MSFT,188.47,-0.00294,9448389
2023-06-16,MSFT,186.84,-0.0087,4599400
2023-06-19,MSFT,187.85,0.00541,11597066
2023-06-20,MSFT,185.72,-0.01132,9808312
2023-06-21,MSFT,184.26,-0.00786,7937805
2023-06-22,MSFT,184.56,0.00163,6592614
2023-06-23,MSFT,181.48,-0.01672,22511741
2023-06-26,MSFT,180.89,-0.00322,9691996
2023-06-27,MSFT,184.58,0.02037,15151128
2023-06-28,MSFT,181.63,-0.01594,6805982
2023-06-29,MSFT,190.1,0.04659,9136964
2023-06-30,MSFT,192.56,0.01294,10173148
2023-07-03,MSFT,191.82,-0.0038,9014697
2023-07-04,MSFT,192.62,0.00416,10415826
2023-07-05,MSFT,184.58,-0.04174,6782766
2023-07-06,MSFT,182.22,-0.01282,3473097
2023-07-07,MSFT,179.52,-0.01482,2901554
2023-07-10,MSFT,184.58,0.02822,6807438
2023-07-11,MSFT,183.03,-0.00842,12666866
2023-07-12,MSFT,182.26,-0.00422,12105286
2023-07-13,MSFT,181.18,-0.00589,8333220
2023-07-14,MSFT,180.09,-0.00603,13484933
2022-01-03,GOOGL,148.24,-0.01174,2481459
2022-01-04,GOOGL,148.32,0.00054,14188559
2022-01-05,GOOGL,146.07,-0.0152,5108283
2022-01-06,GOOGL,144.17,-0.01299,2716113
2022-01-07,GOOGL,141.07,-0.02152,5939419
2022-01-10,GOOGL,142.93,0.01325,6868283
2022-01-11,GOOGL,144.87,0.01358,4406270
2022-01-12,GOOGL,151.95,0.04883,5616524
2022-01-13,GOOGL,148.66,-0.02165,16774942
2022-01-14,GOOGL,145.21,-0.02318,9976601
2022-01-17,GOOGL,153.31,0.05576,6669795
2022-01-18,GOOGL,147.25,-0.0395,8889130
2022-01-19,GOOGL,145.14,-0.01434,5438292
2022-01-20,GOOGL,146.51,0.00943,14431760
2022-01-21,GOOGL,147.6,0.00741,10333649
2022-01-24,GOOGL,142.99,-0.0312,6645412
2022-01-25,GOOGL,145.17,0.01525,4950594
2022-01-26,GOOGL,146.34,0.00805,5455141
2022-01-27,GOOGL,148.83,0.01699,5475049
2022-01-28,GOOGL,150.97,0.01443,12700204
2022-01-31,GOOGL,150.92,-0.00033,7915154
2022-02-01,GOOGL,146.98,-0.02615,4374629
2022-02-02,GOOGL,153.07,0.04148,5672641
2022-02-03,GOOGL,147.0,-0.03971,9983763
2022-02-04,GOOGL,145.29,-0.01161,9034032
2022-02-07,GOOGL,145.05,-0.00162,4673551
2022-02-08,GOOGL,138.94,-0.04216,8341713
2022-02-09,GOOGL,142.05,0.02236,7079728
2022-02-10,GOOGL,142.5,0.00318,12515005
2022-02-11,GOOGL,140.6,-0.0133,5781682
2022-02-14,GOOGL,138.79,-0.01288,13226278
2022-02-15,GOOGL,139.97,0.00849,9750132
2022-02-16,GOOGL,136.24,-0.02664,22065734
2022-02-17,GOOGL,136.23,-7e-05,7557378
2022-02-18,GOOGL,137.89,0.01214,12008394
2022-02-21,GOOGL,137.4,-0.00353,11959254
2022-02-22,GOOGL,142.59,0.03781,11518817
2022-02-23,GOOGL,141.8,-0.0056,5072505
2022-02-24,GOOGL,138.59,-0.0226,5793452
2022-02-25,GOOGL,136.72,-0.01351,4620303
2022-02-28,GOOGL,135.76,-0.00703,7985319
2022-03-01,GOOGL,132.76,-0.02209,3638226
2022-03-02,GOOGL,135.03,0.01712,12444975
2022-03-03,GOOGL,134.0,-0.00767,8764300
2022-03-04,GOOGL,134.24,0.00177,12305146
2022-03-07,GOOGL,135.59,0.0101,8049236
2022-03-08,GOOGL,134.23,-0.01005,5890280
2022-03-09,GOOGL,135.52,0.00962,21185097
2022-03-10,GOOGL,135.64,0.00091,12864116
2022-03-11,GOOGL,138.6,0.02181,8458937
2022-03-14,GOOGL,133.35,-0.03786,6243803
2022-03-15,GOOGL,135.95,0.01946,7922175
2022-03-16,GOOGL,138.91,0.02174,5680805
2022-03-17,GOOGL,140.34,0.01036,6000068
2022-03-18,GOOGL,138.3,-0.01456,12260769
2022-03-21,GOOGL,139.97,0.01209,4389155
2022-03-22,GOOGL,141.97,0.01429,9171694
2022-03-23,GOOGL,143.86,0.01327,12856116
2022-03-24,GOOGL,144.47,0.00425,14568455
2022-03-25,GOOGL,143.19,-0.00882,14071568
2022-03-28,GOOGL,136.95,-0.04359,8194243
2022-03-29,GOOGL,135.22,-0.01262,9064049
2022-03-30,GOOGL,139.04,0.02822,17641891
2022-03-31,GOOGL,141.87,0.02036,9413459
2022-04-01,GOOGL,136.59,-0.03725,10392774
2022-04-04,GOOGL,137.23,0.00471,6913818
2022-04-05,GOOGL,135.86,-0.00997,20811394
2022-04-06,GOOGL,139.0,0.02308,7084531
2022-04-07,GOOGL,141.37,0.01706,11318769
2022-04-08,GOOGL,141.15,-0.00156,6199442
2022-04-11,GOOGL,141.45,0.00218,7968558
2022-04-12,GOOGL,136.15,-0.03751,8643085
2022-04-13,GOOGL,140.69,0.03335,4849435
2022-04-14,GOOGL,142.24,0.01103,13290548
2022-04-15,GOOGL,140.69,-0.01093,12318748
2022-04-18,GOOGL,146.5,0.04132,11029868
2022-04-19,GOOGL,146.98,0.00331,9015974
2022-04-20,GOOGL,150.04,0.02081,11124226
2022-04-21,GOOGL,151.8,0.0117,6542395
2022-04-22,GOOGL,150.52,-0.00839,13910006
2022-04-25,GOOGL,157.29,0.04498,16668361
2022-04-26,GOOGL,159.83,0.01615,6019887
2022-04-27,GOOGL,161.68,0.01152,6674548
2022-04-28,GOOGL,165.87,0.02596,7043896
2022-04-29,GOOGL,158.9,-0.04207,32742581
2022-05-02,GOOGL,160.25,0.00852,8129345
2022-05-03,GOOGL,161.88,0.01017,3867598
2022-05-04,GOOGL,160.76,-0.00693,5526099
2022-05-05,GOOGL,157.75,-0.01873,6032590
2022-05-06,GOOGL,160.15,0.01521,9728394
2022-05-09,GOOGL,160.02,-0.00077,6470180
2022-05-10,GOOGL,158.57,-0.00907,6969052
2022-05-11,GOOGL,159.62,0.00664,12217070
2022-05-12,GOOGL,159.9,0.00171,8503566
2022-05-13,GOOGL,162.54,0.01655,14188736
2022-05-16,GOOGL,161.37,-0.00722,7938906
2022-05-17,GOOGL,163.78,0.01491,18189952
2022-05-18,GOOGL,166.91,0.0191,12240970
2022-05-19,GOOGL,168.26,0.00814,5189914
2022-05-20,GOOGL,165.35,-0.01732,9870237
2022-05-23,GOOGL,164.36,-0.006,11275960
2022-05-24,GOOGL,165.74,0.00844,14010746
2022-05-25,GOOGL,162.71,-0.01829,9924900
2022-05-26,GOOGL,157.45,-0.03236,7493316
2022-05-27,GOOGL,160.66,0.02037,5570765
2022-05-30,GOOGL,160.12,-0.00332,5019258
2022-05-31,GOOGL,160.94,0.0051,24880678
2022-06-01,GOOGL,156.84,-0.02547,7373772
2022-06-02,GOOGL,158.87,0.01296,15379047
2022-06-03,GOOGL,160.27,0.00877,13666706
2022-06-06,GOOGL,157.58,-0.01677,9766370
2022-06-07,GOOGL,156.81,-0.00484,5579151
2022-06-08,GOOGL,156.45,-0.00233,6029176
2022-06-09,GOOGL,153.21,-0.02073,9720672
2022-06-10,GOOGL,159.07,0.0383,4646060
2022-06-13,GOOGL,155.31,-0.02366,10099842
2022-06-14,GOOGL,150.43,-0.03138,6025480
2022-06-15,GOOGL,151.97,0.01022,6476212
2022-06-16,GOOGL,151.89,-0.00054,20055989
2022-06-17,GOOGL,153.73,0.01209,4397522
2022-06-20,GOOGL,151.88,-0.01199,21172473
2022-06-21,GOOGL,151.6,-0.00188,4559877
2022-06-22,GOOGL,153.13,0.01008,11524475
2022-06-23,GOOGL,158.78,0.03694,11101803
2022-06-24,GOOGL,161.46,0.01682,17156565
2022-06-27,GOOGL,156.36,-0.03157,8365119
2022-06-28,GOOGL,155.62,-0.00472,8462188
2022-06-29,GOOGL,155.06,-0.00361,7115806
2022-06-30,GOOGL,157.91,0.01839,6967565
2022-07-01,GOOGL,162.14,0.02677,5455887
2022-07-04,GOOGL,160.14,-0.01232,2916608
2022-07-05,GOOGL,155.29,-0.03027,23135383
2022-07-06,GOOGL,151.51,-0.02437,9315355
2022-07-07,GOOGL,153.58,0.01367,10940485
2022-07-08,GOOGL,157.91,0.02818,29136113
2022-07-11,GOOGL,157.21,-0.00441,7612943
2022-07-12,GOOGL,160.53,0.02112,6357421
2022-07-13,GOOGL,155.18,-0.03335,10386482
2022-07-14,GOOGL,153.08,-0.01351,6987481
2022-07-15,GOOGL,151.1,-0.01296,7792218
2022-07-18,GOOGL,151.91,0.00536,5533156
2022-07-19,GOOGL,161.08,0.06036,2805164
2022-07-20,GOOGL,165.36,0.02663,7598504
2022-07-21,GOOGL,162.96,-0.01454,7880711
2022-07-22,GOOGL,166.18,0.01977,7290516
2022-07-25,GOOGL,165.75,-0.0026,7835109
2022-07-26,GOOGL,162.85,-0.01749,15399943
2022-07-27,GOOGL,164.99,0.01313,9807246
2022-07-28,GOOGL,168.36,0.0204,14153454
2022-07-29,GOOGL,169.38,0.00611,7895834
2022-08-01,GOOGL,169.35,-0.00019,11676994
2022-08-02,GOOGL,173.43,0.02407,8949052
2022-08-03,GOOGL,175.95,0.01452,12110851
2022-08-04,GOOGL,170.7,-0.02981,4608670
2022-08-05,GOOGL,175.42,0.02764,7446294
2022-08-08,GOOGL,172.27,-0.01795,18565752
2022-08-09,GOOGL,167.55,-0.02739,16502052
2022-08-10,GOOGL,169.85,0.01374,10202950
2022-08-11,GOOGL,166.73,-0.01838,12996756
2022-08-12,GOOGL,164.2,-0.01518,11648726
2022-08-15,GOOGL,164.85,0.00397,9897933
2022-08-16,GOOGL,161.75,-0.01883,4593348
2022-08-17,GOOGL,160.96,-0.00487,11911219
2022-08-18,GOOGL,159.75,-0.00755,4238158
2022-08-19,GOOGL,161.05,0.00819,9365423
2022-08-22,GOOGL,161.27,0.00137,8490910
2022-08-23,GOOGL,157.11,-0.02579,6214069
2022-08-24,GOOGL,156.68,-0.00276,13041332
2022-08-25,GOOGL,157.44,0.00485,9694857
2022-08-26,GOOGL,164.1,0.04227,10295844
2022-08-29,GOOGL,161.55,-0.01553,9838841
2022-08-30,GOOGL,153.07,-0.05249,8596511
2022-08-31,GOOGL,152.46,-0.00399,4050062
2022-09-01,GOOGL,147.75,-0.03088,12804213
2022-09-02,GOOGL,146.9,-0.00577,6734339
2022-09-05,GOOGL,148.59,0.01154,10191899
2022-09-06,GOOGL,150.85,0.01516,6623311
2022-09-07,GOOGL,151.23,0.00254,24936691
2022-09-08,GOOGL,152.49,0.00831,7571837
2022-09-09,GOOGL,154.92,0.01594,12345754
2022-09-12,GOOGL,160.92,0.03875,8087774
2022-09-13,GOOGL,161.81,0.00553,13978056
2022-09-14,GOOGL,163.27,0.00905,7568114
2022-09-15,GOOGL,167.5,0.02587,3169716
2022-09-16,GOOGL,167.85,0.00208,10426337
2022-09-19,GOOGL,163.66,-0.02492,11016755
2022-09-20,GOOGL,162.63,-0.00628,6133254
2022-09-21,GOOGL,161.33,-0.008,21475637
2022-09-22,GOOGL,163.08,0.0108,3088443
2022-09-23,GOOGL,164.48,0.00857,9271712
2022-09-26,GOOGL,162.76,-0.01044,8192301
2022-09-27,GOOGL,159.71,-0.01873,10824340
2022-09-28,GOOGL,157.91,-0.01127,7681487
2022-09-29,GOOGL,154.66,-0.02058,18628907
2022-09-30,GOOGL,147.18,-0.04839,7534418
2022-10-03,GOOGL,138.15,-0.06132,9958446
2022-10-04,GOOGL,135.11,-0.02202,10762731
2022-10-05,GOOGL,133.09,-0.01495,22804910
2022-10-06,GOOGL,137.3,0.03164,6010459
2022-10-07,GOOGL,140.75,0.02511,11967680
2022-10-10,GOOGL,141.49,0.0053,5637561
2022-10-11,GOOGL,140.71,-0.00551,10638008
2022-10-12,GOOGL,144.14,0.02437,5654302
2022-10-13,GOOGL,144.77,0.00434,4391980
2022-10-14,GOOGL,147.15,0.01643,11382607
2022-10-17,GOOGL,148.17,0.00698,10548649
2022-10-18,GOOGL,146.56,-0.01089,11613928
2022-10-19,GOOGL,147.56,0.0068,7049669
2022-10-20,GOOGL,145.76,-0.01219,15151723
2022-10-21,GOOGL,144.22,-0.01053,12017709
2022-10-24,GOOGL,142.28,-0.01344,6509872
2022-10-25,GOOGL,144.19,0.01342,23370560
2022-10-26,GOOGL,144.86,0.00461,8884450
2022-10-27,GOOGL,146.89,0.01404,5884570
2022-10-28,GOOGL,147.47,0.00395,6966765
2022-10-31,GOOGL,143.19,-0.02907,20686932
2022-11-01,GOOGL,142.25,-0.00654,6332279
2022-11-02,GOOGL,141.17,-0.00759,5463689
2022-11-03,GOOGL,140.33,-0.00599,2241363
2022-11-04,GOOGL,141.12,0.00565,3857049
2022-11-07,GOOGL,135.61,-0.03905,16710040
2022-11-08,GOOGL,137.36,0.0129,4602493
2022-11-09,GOOGL,140.5,0.02287,11147476
2022-11-10,GOOGL,140.18,-0.00226,8293299
2022-11-11,GOOGL,137.44,-0.01959,7123307
2022-11-14,GOOGL,143.61,0.04494,8379479
2022-11-15,GOOGL,141.54,-0.01442,11481439
2022-11-16,GOOGL,142.24,0.00495,5312384
2022-11-17,GOOGL,141.16,-0.00757,4981038
2022-11-18,GOOGL,146.29,0.03633,11562960
2022-11-21,GOOGL,143.35,-0.0201,8882202
2022-11-22,GOOGL,147.65,0.03,10289482
2022-11-23,GOOGL,147.72,0.00048,10385225
2022-11-24,GOOGL,144.66,-0.02076,11511880
2022-11-25,GOOGL,141.06,-0.02483,10723670
2022-11-28,GOOGL,145.11,0.0287,8279649
2022-11-29,GOOGL,146.84,0.01193,6425339
2022-11-30,GOOGL,148.0,0.00787,5388923
2022-12-01,GOOGL,140.56,-0.05025,9546130
2022-12-02,GOOGL,142.34,0.01264,7490464
2022-12-05,GOOGL,140.33,-0.01408,8369718
2022-12-06,GOOGL,141.65,0.00936,18741835
2022-12-07,GOOGL,144.25,0.01838,12209090
2022-12-08,GOOGL,141.91,-0.01621,6518960
2022-12-09,GOOGL,134.8,-0.05011,8165508
2022-12-12,GOOGL,135.36,0.00418,21163132
2022-12-13,GOOGL,127.37,-0.05902,7436702
2022-12-14,GOOGL,123.74,-0.02852,8279158
2022-12-15,GOOGL,121.91,-0.01482,27683399
2022-12-16,GOOGL,125.2,0.02697,9774730
2022-12-19,GOOGL,125.48,0.00227,2764387
2022-12-20,GOOGL,125.53,0.00038,7170236
2022-12-21,GOOGL,127.29,0.01407,6138076
2022-12-22,GOOGL,124.48,-0.02211,15600045
2022-12-23,GOOGL,122.79,-0.01359,9892731
2022-12-26,GOOGL,124.25,0.01192,23526994
2022-12-27,GOOGL,124.36,0.00091,10217594
2022-12-28,GOOGL,126.7,0.01876,16298269
2022-12-29,GOOGL,124.39,-0.01824,9594838
2022-12-30,GOOGL,127.93,0.02848,4241012
2023-01-02,GOOGL,129.49,0.0122,1646066
2023-01-03,GOOGL,129.34,-0.00111,6811027
2023-01-04,GOOGL,130.71,0.01059,10098808
2023-01-05,GOOGL,130.51,-0.00154,14154625
2023-01-06,GOOGL,128.96,-0.01192,5217103
2023-01-09,GOOGL,124.64,-0.03348,9345903
2023-01-10,GOOGL,130.07,0.04359,12393797
2023-01-11,GOOGL,130.51,0.00338,3184338
2023-01-12,GOOGL,133.31,0.02142,18252857
2023-01-13,GOOGL,131.8,-0.01129,5026576
2023-01-16,GOOGL,127.75,-0.03074,4011927
2023-01-17,GOOGL,128.48,0.00566,14173853
2023-01-18,GOOGL,129.36,0.00684,19493146
2023-01-19,GOOGL,129.28,-0.00055,7478051
2023-01-20,GOOGL,128.39,-0.00689,8435706
2023-01-23,GOOGL,134.06,0.04416,11996014
2023-01-24,GOOGL,136.2,0.01597,19383921
2023-01-25,GOOGL,134.1,-0.01543,28288660
2023-01-26,GOOGL,131.55,-0.01903,13113640
2023-01-27,GOOGL,135.48,0.02987,9866479
2023-01-30,GOOGL,137.06,0.01164,7313525
2023-01-31,GOOGL,135.79,-0.00927,9937063
2023-02-01,GOOGL,135.0,-0.00583,8491096
2023-02-02,GOOGL,135.8,0.00598,12334702
2023-02-03,GOOGL,136.27,0.00345,5056641
2023-02-06,GOOGL,135.96,-0.0023,6273687
2023-02-07,GOOGL,136.78,0.00604,12577596
2023-02-08,GOOGL,138.13,0.0099,9647745
2023-02-09,GOOGL,139.33,0.0087,6445690
2023-02-10,GOOGL,143.8,0.03209,15828822
2023-02-13,GOOGL,141.71,-0.01457,8267904
2023-02-14,GOOGL,143.0,0.00913,11031190
2023-02-15,GOOGL,143.06,0.00039,5079825
2023-02-16,GOOGL,146.04,0.02085,11366645
2023-02-17,GOOGL,145.21,-0.00567,7362435
2023-02-20,GOOGL,142.33,-0.01987,3963545
2023-02-21,GOOGL,142.57,0.00173,19433764
2023-02-22,GOOGL,145.35,0.01945,9970025
2023-02-23,GOOGL,148.18,0.01946,8934517
2023-02-24,GOOGL,143.86,-0.02914,3274167
2023-02-27,GOOGL,146.96,0.02158,5200571
2023-02-28,GOOGL,149.32,0.01603,8468603
2023-03-01,GOOGL,150.68,0.00909,8617222
2023-03-02,GOOGL,155.51,0.03208,9644229
2023-03-03,GOOGL,154.66,-0.00544,13888009
2023-03-06,GOOGL,158.21,0.02293,10427417
2023-03-07,GOOGL,156.49,-0.01089,3314392
2023-03-08,GOOGL,157.85,0.00871,6812831
2023-03-09,GOOGL,156.62,-0.00778,11115845
2023-03-10,GOOGL,158.01,0.00884,23054969
2023-03-13,GOOGL,157.87,-0.00086,4991996
2023-03-14,GOOGL,160.7,0.01795,19873596
2023-03-15,GOOGL,161.38,0.00419,3660401
2023-03-16,GOOGL,158.19,-0.01974,10654292
2023-03-17,GOOGL,164.76,0.04149,13807567
2023-03-20,GOOGL,168.0,0.01972,10344889
2023-03-21,GOOGL,160.98,-0.0418,9896482
2023-03-22,GOOGL,159.95,-0.00644,3525770
2023-03-23,GOOGL,161.45,0.00942,10573753
2023-03-24,GOOGL,160.66,-0.00492,9165090
2023-03-27,GOOGL,163.77,0.01938,3826756
2023-03-28,GOOGL,163.4,-0.00226,4785704
2023-03-29,GOOGL,165.28,0.01148,3402770
2023-03-30,GOOGL,166.63,0.00821,7592770
2023-03-31,GOOGL,164.6,-0.01221,13449839
2023-04-03,GOOGL,168.61,0.02434,14579871
2023-04-04,GOOGL,168.6,-7e-05,24098748
2023-04-05,GOOGL,167.63,-0.00571,13572003
2023-04-06,GOOGL,167.03,-0.00358,4495426
2023-04-07,GOOGL,168.29,0.0075,7029348
2023-04-10,GOOGL,169.91,0.00963,17556126
2023-04-11,GOOGL,173.61,0.02177,15196614
2023-04-12,GOOGL,179.8,0.03571,6602218
2023-04-13,GOOGL,177.98,-0.01016,15605047
2023-04-14,GOOGL,181.0,0.01697,6222320
2023-04-17,GOOGL,178.06,-0.01624,9411278
2023-04-18,GOOGL,183.65,0.03137,5547866
2023-04-19,GOOGL,181.14,-0.01366,6409306
2023-04-20,GOOGL,174.19,-0.03836,18110826
2023-04-21,GOOGL,177.11,0.01676,5749259
2023-04-24,GOOGL,178.42,0.00738,11878138
2023-04-25,GOOGL,178.49,0.00043,4656520
2023-04-26,GOOGL,183.77,0.02955,8472376
2023-04-27,GOOGL,187.78,0.02184,4740603
2023-04-28,GOOGL,180.39,-0.03937,14477334
2023-05-01,GOOGL,174.65,-0.03178,9685493
2023-05-02,GOOGL,171.48,-0.01819,11027290
2023-05-03,GOOGL,167.02,-0.02601,11722454
2023-05-04,GOOGL,174.78,0.04647,8865360
2023-05-05,GOOGL,179.73,0.02829,19057836
2023-05-08,GOOGL,178.19,-0.00855,12811026
2023-05-09,GOOGL,177.45,-0.00416,7239388
2023-05-10,GOOGL,179.97,0.0142,10105163
2023-05-11,GOOGL,182.19,0.01236,7432561
2023-05-12,GOOGL,184.03,0.01009,14500291
2023-05-15,GOOGL,184.61,0.00315,12323191
2023-05-16,GOOGL,177.27,-0.03978,10964032
2023-05-17,GOOGL,168.6,-0.04892,6352574
2023-05-18,GOOGL,169.27,0.004,7409077
2023-05-19,GOOGL,164.7,-0.027,11089332
2023-05-22,GOOGL,168.12,0.02075,7021026
2023-05-23,GOOGL,170.49,0.0141,19686515
2023-05-24,GOOGL,168.35,-0.01258,5990434
2023-05-25,GOOGL,174.37,0.0358,18893384
2023-05-26,GOOGL,176.71,0.01341,3877402
2023-05-29,GOOGL,185.0,0.04689,9204353
2023-05-30,GOOGL,187.63,0.01421,8656080
2023-05-31,GOOGL,186.32,-0.00695,4387802
2023-06-01,GOOGL,181.99,-0.02324,5836324
2023-06-02,GOOGL,179.05,-0.01619,4513167
2023-06-05,GOOGL,178.05,-0.00555,13498814
2023-06-06,GOOGL,176.99,-0.00597,8970985
2023-06-07,GOOGL,183.1,0.0345,2570533
2023-06-08,GOOGL,183.99,0.0049,13599511
2023-06-09,GOOGL,184.47,0.00262,3173599
2023-06-12,GOOGL,181.59,-0.01565,9376236
2023-06-13,GOOGL,179.69,-0.01046,11011567
2023-06-14,GOOGL,178.17,-0.00847,5104540
2023-06-15,GOOGL,175.32,-0.01597,4740184
2023-06-16,GOOGL,174.79,-0.00301,12548525
2023-06-19,GOOGL,173.53,-0.00721,10604327
2023-06-20,GOOGL,171.67,-0.01072,9030804
2023-06-21,GOOGL,171.91,0.00139,3771683
2023-06-22,GOOGL,175.28,0.01961,16858666
2023-06-23,GOOGL,172.4,-0.01644,6284543
2023-06-26,GOOGL,170.81,-0.00923,4289738
2023-06-27,GOOGL,167.03,-0.02212,6754873
2023-06-28,GOOGL,161.57,-0.03267,5585971
2023-06-29,GOOGL,164.33,0.01709,7660896
2023-06-30,GOOGL,162.15,-0.0133,7842598
2023-07-03,GOOGL,167.33,0.03194,12627346
2023-07-04,GOOGL,161.52,-0.03472,10416022
2023-07-05,GOOGL,162.49,0.00601,4056491
2023-07-06,GOOGL,165.81,0.02045,8396265
2023-07-07,GOOGL,162.07,-0.02259,8347981
2023-07-10,GOOGL,157.92,-0.02557,11636009
2023-07-11,GOOGL,156.17,-0.01114,5980415
2023-07-12,GOOGL,153.49,-0.01715,9421279
2023-07-13,GOOGL,154.19,0.0046,5525718
2023-07-14,GOOGL,147.28,-0.04486,6087946
2022-01-03,AMZN,148.5,-0.01002,9408315
2022-01-04,AMZN,147.35,-0.00773,9726094
2022-01-05,AMZN,150.33,0.02026,6190814
2022-01-06,AMZN,148.88,-0.00967,6856057
2022-01-07,AMZN,146.86,-0.01357,10296735
2022-01-10,AMZN,147.79,0.0063,18814380
2022-01-11,AMZN,149.33,0.01048,8153217
2022-01-12,AMZN,144.73,-0.03082,15102523
2022-01-13,AMZN,143.52,-0.00835,8910906
2022-01-14,AMZN,151.46,0.05527,7344635
2022-01-17,AMZN,153.39,0.01279,7700405
2022-01-18,AMZN,156.77,0.02198,12142793
2022-01-19,AMZN,160.4,0.02316,5003416
2022-01-20,AMZN,162.13,0.01084,10042377
2022-01-21,AMZN,163.82,0.01039,3956062
2022-01-24,AMZN,164.46,0.00395,10226994
2022-01-25,AMZN,167.35,0.01755,14696540
2022-01-26,AMZN,163.48,-0.02311,4069196
2022-01-27,AMZN,170.05,0.04019,6283440
2022-01-28,AMZN,175.02,0.02918,18663780
2022-01-31,AMZN,178.39,0.01929,16297888
2022-02-01,AMZN,177.39,-0.00565,9414417
2022-02-02,AMZN,180.54,0.0178,6756938
2022-02-03,AMZN,177.68,-0.01589,7268372
2022-02-04,AMZN,170.5,-0.04039,12166590
2022-02-07,AMZN,170.25,-0.00147,18968293
2022-02-08,AMZN,171.89,0.00965,20913042
2022-02-09,AMZN,175.68,0.02203,11544981
2022-02-10,AMZN,180.56,0.02781,4561190
2022-02-11,AMZN,184.77,0.02329,8649923
2022-02-14,AMZN,180.16,-0.02493,4926591
2022-02-15,AMZN,183.46,0.0183,10050535
2022-02-16,AMZN,181.64,-0.00993,2984516
2022-02-17,AMZN,181.35,-0.00158,11582233
2022-02-18,AMZN,177.04,-0.0238,6604697
2022-02-21,AMZN,173.24,-0.02142,15181030
2022-02-22,AMZN,173.32,0.00046,7200432
2022-02-23,AMZN,168.94,-0.02529,22339751
2022-02-24,AMZN,166.48,-0.01453,13624886
2022-02-25,AMZN,170.06,0.02148,7561495
2022-02-28,AMZN,172.32,0.01332,8700555
2022-03-01,AMZN,168.84,-0.02024,5949690
2022-03-02,AMZN,168.4,-0.00256,16261395
2022-03-03,AMZN,167.17,-0.00736,9419023
2022-03-04,AMZN,170.61,0.0206,15210859
2022-03-07,AMZN,166.08,-0.02654,34107363
2022-03-08,AMZN,169.72,0.0219,7606979
2022-03-09,AMZN,171.3,0.00931,17580344
2022-03-10,AMZN,168.54,-0.01607,7852847
2022-03-11,AMZN,166.53,-0.01192,4431283
2022-03-14,AMZN,165.2,-0.00804,7986765
2022-03-15,AMZN,160.9,-0.026,8526819
2022-03-16,AMZN,161.21,0.00189,7497705
2022-03-17,AMZN,163.49,0.0142,5004535
2022-03-18,AMZN,165.43,0.01182,1611537
2022-03-21,AMZN,173.51,0.04885,8858239
2022-03-22,AMZN,171.54,-0.01134,12074173
2022-03-23,AMZN,170.92,-0.00362,7896643
2022-03-24,AMZN,170.83,-0.0005,11966201
2022-03-25,AMZN,166.52,-0.02526,12750270
2022-03-28,AMZN,164.86,-0.00994,11871086
2022-03-29,AMZN,161.75,-0.01886,5021661
2022-03-30,AMZN,161.33,-0.00265,5162369
2022-03-31,AMZN,159.14,-0.01355,13086887
2022-04-01,AMZN,161.64,0.01568,6625777
2022-04-04,AMZN,160.73,-0.00557,10825410
2022-04-05,AMZN,157.91,-0.01755,3756936
2022-04-06,AMZN,154.38,-0.02241,15055768
2022-04-07,AMZN,160.12,0.03722,10736058
2022-04-08,AMZN,155.57,-0.02843,10551901
2022-04-11,AMZN,156.95,0.00889,11074135
2022-04-12,AMZN,162.99,0.03845,15160852
2022-04-13,AMZN,167.59,0.02825,6321216
2022-04-14,AMZN,166.55,-0.0062,9088723
2022-04-15,AMZN,169.65,0.01859,8862110
2022-04-18,AMZN,172.5,0.0168,15091154
2022-04-19,AMZN,174.12,0.00941,22853948
2022-04-20,AMZN,173.42,-0.00405,12742428
2022-04-21,AMZN,170.43,-0.01721,9103185
2022-04-22,AMZN,173.77,0.01958,20325972
2022-04-25,AMZN,174.9,0.00651,17494410
2022-04-26,AMZN,181.94,0.04028,9013514
2022-04-27,AMZN,187.22,0.02902,19103461
2022-04-28,AMZN,186.57,-0.00349,13217191
2022-04-29,AMZN,179.2,-0.03952,3386333
2022-05-02,AMZN,174.54,-0.02599,10456478
2022-05-03,AMZN,177.28,0.0157,3638861
2022-05-04,AMZN,176.44,-0.00476,8243988
2022-05-05,AMZN,171.59,-0.02746,7551468
2022-05-06,AMZN,175.47,0.02258,8918596
2022-05-09,AMZN,179.34,0.02207,13460392
2022-05-10,AMZN,181.67,0.01301,8414759
2022-05-11,AMZN,183.02,0.00742,5312910
2022-05-12,AMZN,188.13,0.02791,22161589
2022-05-13,AMZN,183.07,-0.02689,5046327
2022-05-16,AMZN,182.99,-0.00042,4648067
2022-05-17,AMZN,185.31,0.01265,4754385
2022-05-18,AMZN,194.86,0.05155,23639891
2022-05-19,AMZN,197.94,0.01583,6962498
2022-05-20,AMZN,203.26,0.02688,7254481
2022-05-23,AMZN,199.11,-0.02044,3307918
2022-05-24,AMZN,195.29,-0.01917,19278141
2022-05-25,AMZN,201.65,0.03258,12038928
2022-05-26,AMZN,201.58,-0.00037,4235893
2022-05-27,AMZN,198.91,-0.01323,6892684
2022-05-30,AMZN,198.14,-0.00389,5566021
2022-05-31,AMZN,201.27,0.01581,6234003
2022-06-01,AMZN,198.67,-0.01295,11978663
2022-06-02,AMZN,200.66,0.01005,15438435
2022-06-03,AMZN,197.23,-0.01711,13691355
2022-06-06,AMZN,189.85,-0.0374,7760749
2022-06-07,AMZN,185.37,-0.0236,8135806
2022-06-08,AMZN,190.78,0.02919,2822186
2022-06-09,AMZN,196.33,0.02905,16435461
2022-06-10,AMZN,194.36,-0.01002,5775581
2022-06-13,AMZN,195.59,0.00632,3412357
2022-06-14,AMZN,201.38,0.0296,22360761
2022-06-15,AMZN,197.85,-0.01753,6615633
2022-06-16,AMZN,200.49,0.01337,5877325
2022-06-17,AMZN,197.43,-0.01528,12874622
2022-06-20,AMZN,197.27,-0.0008,12429112
2022-06-21,AMZN,203.7,0.03259,5686842
2022-06-22,AMZN,204.65,0.00468,4904587
2022-06-23,AMZN,209.18,0.02213,8297735
2022-06-24,AMZN,210.05,0.00416,17986897
2022-06-27,AMZN,203.12,-0.03297,10584434
2022-06-28,AMZN,198.12,-0.02466,11364067
2022-06-29,AMZN,189.9,-0.0415,6985797
2022-06-30,AMZN,188.01,-0.00994,16224160
2022-07-01,AMZN,189.67,0.00882,4826107
2022-07-04,AMZN,186.73,-0.0155,15181882
2022-07-05,AMZN,185.33,-0.00746,9742655
2022-07-06,AMZN,183.28,-0.01105,13712386
2022-07-07,AMZN,187.6,0.02357,26966118
2022-07-08,AMZN,184.84,-0.0147,6358766
2022-07-11,AMZN,185.45,0.00329,7267021
2022-07-12,AMZN,178.96,-0.03502,13968832
2022-07-13,AMZN,183.3,0.02425,4257524
2022-07-14,AMZN,181.34,-0.01069,15796404
2022-07-15,AMZN,172.61,-0.04817,9482775
2022-07-18,AMZN,173.31,0.00408,6507425
2022-07-19,AMZN,174.57,0.00726,11103539
2022-07-20,AMZN,168.99,-0.03194,14858051
2022-07-21,AMZN,168.18,-0.0048,18812187
2022-07-22,AMZN,162.96,-0.03107,6923450
2022-07-25,AMZN,160.13,-0.01733,6554862
2022-07-26,AMZN,167.86,0.04826,7110870
2022-07-27,AMZN,167.79,-0.0004,8240924
2022-07-28,AMZN,165.87,-0.01148,6384069
2022-07-29,AMZN,168.33,0.01482,6042371
2022-08-01,AMZN,169.71,0.00823,12183670
2022-08-02,AMZN,168.8,-0.00535,10243920
2022-08-03,AMZN,165.84,-0.01754,8188361
2022-08-04,AMZN,159.76,-0.0367,5678497
2022-08-05,AMZN,160.62,0.0054,17812042
2022-08-08,AMZN,162.44,0.01134,11061624
2022-08-09,AMZN,165.13,0.0166,5878441
2022-08-10,AMZN,164.08,-0.00638,7159935
2022-08-11,AMZN,157.74,-0.03864,4428941
2022-08-12,AMZN,159.03,0.00815,15908596
2022-08-15,AMZN,160.21,0.00748,5053537
2022-08-16,AMZN,163.67,0.02158,6832864
2022-08-17,AMZN,158.8,-0.02978,12151002
2022-08-18,AMZN,161.23,0.01531,21999217
2022-08-19,AMZN,159.81,-0.00879,17013759
2022-08-22,AMZN,159.2,-0.00385,11699131
2022-08-23,AMZN,164.97,0.03625,10974079
2022-08-24,AMZN,168.24,0.01981,16897577
2022-08-25,AMZN,172.79,0.02707,6684234
2022-08-26,AMZN,178.92,0.0355,8339804
2022-08-29,AMZN,176.43,-0.01397,9151287
2022-08-30,AMZN,183.73,0.04142,6566436
2022-08-31,AMZN,187.32,0.01953,7749594
2022-09-01,AMZN,196.79,0.05057,4384616
2022-09-02,AMZN,190.99,-0.02949,4242548
2022-09-05,AMZN,190.13,-0.00453,10743970
2022-09-06,AMZN,184.4,-0.03012,3149825
2022-09-07,AMZN,182.29,-0.01146,15882050
2022-09-08,AMZN,174.51,-0.04265,5594863
2022-09-09,AMZN,178.29,0.02165,7919600
2022-09-12,AMZN,178.56,0.00153,4419009
2022-09-13,AMZN,179.72,0.0065,10353186
2022-09-14,AMZN,183.12,0.01892,13515128
2022-09-15,AMZN,182.71,-0.00227,12280210
2022-09-16,AMZN,177.62,-0.02784,7038735
2022-09-19,AMZN,180.41,0.01569,3513281
2022-09-20,AMZN,175.41,-0.0277,6295031
2022-09-21,AMZN,177.51,0.01198,10920130
2022-09-22,AMZN,173.26,-0.02396,9515246
2022-09-23,AMZN,178.02,0.02747,16747658
2022-09-26,AMZN,170.97,-0.03961,7068832
2022-09-27,AMZN,174.6,0.02126,15826743
2022-09-28,AMZN,173.13,-0.00842,7542851
2022-09-29,AMZN,176.24,0.01795,19874025
2022-09-30,AMZN,174.41,-0.01036,4202056
2022-10-03,AMZN,172.97,-0.00829,13018854
2022-10-04,AMZN,163.85,-0.05273,5384346
2022-10-05,AMZN,165.26,0.00865,5864054
2022-10-06,AMZN,164.22,-0.00629,9934116
2022-10-07,AMZN,164.15,-0.00048,7618914
2022-10-10,AMZN,161.76,-0.01457,15078466
2022-10-11,AMZN,166.22,0.02758,16261658
2022-10-12,AMZN,170.34,0.02481,15302446
2022-10-13,AMZN,167.51,-0.0166,8737292
2022-10-14,AMZN,174.84,0.04373,4556166
2022-10-17,AMZN,171.3,-0.02026,8282433
2022-10-18,AMZN,169.14,-0.01258,16292445
2022-10-19,AMZN,167.59,-0.0092,6489560
2022-10-20,AMZN,164.02,-0.02125,7885440
2022-10-21,AMZN,162.5,-0.00927,7877035
2022-10-24,AMZN,161.95,-0.00338,8528499
2022-10-25,AMZN,163.57,0.00998,7213847
2022-10-26,AMZN,168.85,0.03227,5993402
2022-10-27,AMZN,172.54,0.02183,11276295
2022-10-28,AMZN,172.66,0.00068,7184409
2022-10-31,AMZN,171.44,-0.00702,9322817
2022-11-01,AMZN,178.02,0.03835,16933901
2022-11-02,AMZN,173.74,-0.02401,13572772
2022-11-03,AMZN,172.11,-0.0094,9038409
2022-11-04,AMZN,176.57,0.02589,7586897
2022-11-07,AMZN,178.31,0.00985,13272790
2022-11-08,AMZN,176.88,-0.00798,5404227
2022-11-09,AMZN,177.86,0.00552,8439585
2022-11-10,AMZN,173.84,-0.02261,18947249
2022-11-11,AMZN,181.68,0.04509,14186112
2022-11-14,AMZN,176.82,-0.02672,17453622
2022-11-15,AMZN,176.41,-0.00237,6288605
2022-11-16,AMZN,172.44,-0.02247,11744521
2022-11-17,AMZN,176.87,0.02569,7941594
2022-11-18,AMZN,183.57,0.03789,4336756
2022-11-21,AMZN,178.13,-0.02967,8647394
2022-11-22,AMZN,183.55,0.03046,8169813
2022-11-23,AMZN,181.6,-0.01063,11074973
2022-11-24,AMZN,183.9,0.01266,5841752
2022-11-25,AMZN,180.18,-0.02025,7526210
2022-11-28,AMZN,183.25,0.01705,5929661
2022-11-29,AMZN,185.85,0.01418,11123838
2022-11-30,AMZN,190.62,0.02568,8099979
2022-12-01,AMZN,193.32,0.01416,7362447
2022-12-02,AMZN,189.54,-0.01953,8197100
2022-12-05,AMZN,197.96,0.04442,4466949
2022-12-06,AMZN,197.12,-0.00426,9157932
2022-12-07,AMZN,198.32,0.00609,16385853
2022-12-08,AMZN,199.21,0.00451,9273673
2022-12-09,AMZN,201.31,0.01053,9506564
2022-12-12,AMZN,205.03,0.01847,11987957
2022-12-13,AMZN,205.05,0.0001,15818149
2022-12-14,AMZN,214.77,0.04742,7254027
2022-12-15,AMZN,213.47,-0.00604,7421731
2022-12-16,AMZN,206.25,-0.03386,11552636
2022-12-19,AMZN,202.67,-0.01733,7526547
2022-12-20,AMZN,196.01,-0.03287,3927915
2022-12-21,AMZN,188.96,-0.03597,8616531
2022-12-22,AMZN,198.49,0.05042,10093052
2022-12-23,AMZN,197.89,-0.00298,6921223
2022-12-26,AMZN,197.75,-0.00071,7467206
2022-12-27,AMZN,202.8,0.0255,12895070
2022-12-28,AMZN,206.08,0.01618,14054515
2022-12-29,AMZN,198.23,-0.03807,7118308
2022-12-30,AMZN,202.58,0.02192,7441046
2023-01-02,AMZN,197.9,-0.02311,7707891
2023-01-03,AMZN,196.02,-0.00948,13941721
2023-01-04,AMZN,198.27,0.0115,9219213
2023-01-05,AMZN,196.4,-0.00946,14210444
2023-01-06,AMZN,196.36,-0.00022,8051368
2023-01-09,AMZN,196.41,0.00029,6399043
2023-01-10,AMZN,199.93,0.01792,13631835
2023-01-11,AMZN,195.52,-0.02208,14670707
2023-01-12,AMZN,197.62,0.01075,10028653
2023-01-13,AMZN,198.69,0.00543,6904363
2023-01-16,AMZN,198.99,0.0015,4831922
2023-01-17,AMZN,199.76,0.00387,9324385
2023-01-18,AMZN,196.11,-0.01829,8618284
2023-01-19,AMZN,191.45,-0.02374,9848274
2023-01-20,AMZN,192.47,0.00533,17747946
2023-01-23,AMZN,196.15,0.01912,8776023
2023-01-24,AMZN,190.0,-0.03134,23917319
2023-01-25,AMZN,195.11,0.02687,7801643
2023-01-26,AMZN,194.23,-0.00449,5279249
2023-01-27,AMZN,190.83,-0.01753,5153956
2023-01-30,AMZN,186.7,-0.02163,3428232
2023-01-31,AMZN,189.77,0.01643,13413864
2023-02-01,AMZN,196.02,0.03293,8444098
2023-02-02,AMZN,190.81,-0.02656,14729589
2023-02-03,AMZN,196.42,0.02938,4480404
2023-02-06,AMZN,189.37,-0.03588,4308946
2023-02-07,AMZN,188.12,-0.00658,4533182
2023-02-08,AMZN,193.6,0.02914,6640879
2023-02-09,AMZN,190.58,-0.01564,17172420
2023-02-10,AMZN,186.87,-0.01946,12562690
2023-02-13,AMZN,184.53,-0.01253,7623624
2023-02-14,AMZN,176.21,-0.0451,6342579
2023-02-15,AMZN,178.96,0.01564,11951259
2023-02-16,AMZN,179.11,0.00082,12698046
2023-02-17,AMZN,184.13,0.02804,6772325
2023-02-20,AMZN,190.79,0.03614,6230350
2023-02-21,AMZN,183.26,-0.03946,6907161
2023-02-22,AMZN,181.73,-0.00832,8499841
2023-02-23,AMZN,183.34,0.00883,10024566
2023-02-24,AMZN,176.0,-0.04002,8676187
2023-02-27,AMZN,170.6,-0.0307,10905166
2023-02-28,AMZN,171.73,0.00663,17047991
2023-03-01,AMZN,166.66,-0.0295,23064609
2023-03-02,AMZN,168.85,0.01315,4603234
2023-03-03,AMZN,168.95,0.00057,12447692
2023-03-06,AMZN,173.54,0.0272,12563976
2023-03-07,AMZN,173.14,-0.00232,24476613
2023-03-08,AMZN,172.93,-0.0012,3781373
2023-03-09,AMZN,170.78,-0.01248,15061968
2023-03-10,AMZN,171.66,0.00518,8234455
2023-03-13,AMZN,169.13,-0.01476,9939479
2023-03-14,AMZN,168.28,-0.00504,4875777
2023-03-15,AMZN,165.77,-0.01487,8970308
2023-03-16,AMZN,169.81,0.02432,14106747
2023-03-17,AMZN,172.7,0.01708,11021991
2023-03-20,AMZN,171.91,-0.00463,14136177
2023-03-21,AMZN,169.36,-0.01478,5222922
2023-03-22,AMZN,168.25,-0.00656,15655465
2023-03-23,AMZN,164.9,-0.01993,6547657
2023-03-24,AMZN,169.74,0.02933,10807772
2023-03-27,AMZN,172.33,0.01527,7919996
2023-03-28,AMZN,179.43,0.04123,10873287
2023-03-29,AMZN,183.71,0.02382,8505337
2023-03-30,AMZN,180.6,-0.01691,7747181
2023-03-31,AMZN,179.99,-0.0034,10527559
2023-04-03,AMZN,174.14,-0.03248,4771322
2023-04-04,AMZN,179.27,0.02944,7264769
2023-04-05,AMZN,176.65,-0.01463,3892691
2023-04-06,AMZN,182.08,0.03076,11355682
2023-04-07,AMZN,181.53,-0.00301,9617281
2023-04-10,AMZN,190.97,0.05201,10126628
2023-04-11,AMZN,185.06,-0.03094,7510054
2023-04-12,AMZN,187.81,0.01482,11067955
2023-04-13,AMZN,179.32,-0.04519,10647813
2023-04-14,AMZN,178.4,-0.00511,6693483
2023-04-17,AMZN,177.58,-0.00461,8451336
2023-04-18,AMZN,174.5,-0.01737,6117807
2023-04-19,AMZN,177.52,0.01733,8382391
2023-04-20,AMZN,179.23,0.00962,8198723
2023-04-21,AMZN,169.59,-0.05376,14498015
2023-04-24,AMZN,168.62,-0.00574,7511052
2023-04-25,AMZN,170.37,0.0104,5905650
2023-04-26,AMZN,170.06,-0.00185,7856956
2023-04-27,AMZN,171.84,0.01047,4372247
2023-04-28,AMZN,169.06,-0.01615,15299673
2023-05-01,AMZN,181.45,0.0733,4003108
2023-05-02,AMZN,171.67,-0.05392,24112956
2023-05-03,AMZN,170.2,-0.00857,7504651
2023-05-04,AMZN,171.78,0.0093,14089275
2023-05-05,AMZN,168.26,-0.02051,4172557
2023-05-08,AMZN,162.8,-0.03246,5928896
2023-05-09,AMZN,159.38,-0.02097,7036936
2023-05-10,AMZN,158.47,-0.0057,10867673
2023-05-11,AMZN,158.92,0.00278,4918106
2023-05-12,AMZN,160.31,0.00875,4766486
2023-05-15,AMZN,163.23,0.01823,17469842
2023-05-16,AMZN,172.05,0.05403,14481698
2023-05-17,AMZN,177.68,0.03275,13782279
2023-05-18,AMZN,181.26,0.02014,13189545
2023-05-19,AMZN,178.5,-0.01522,6391222
2023-05-22,AMZN,172.69,-0.03254,6483200
2023-05-23,AMZN,175.16,0.01427,30748805
2023-05-24,AMZN,178.13,0.01697,11583733
2023-05-25,AMZN,178.91,0.00436,17032708
2023-05-26,AMZN,178.94,0.00017,7375187
2023-05-29,AMZN,178.03,-0.00508,5496619
2023-05-30,AMZN,177.62,-0.00229,11381903
2023-05-31,AMZN,179.16,0.00869,9547403
2023-06-01,AMZN,177.43,-0.00967,8695848
2023-06-02,AMZN,179.15,0.00968,7132650
2023-06-05,AMZN,175.59,-0.01985,10177924
2023-06-06,AMZN,179.75,0.02367,9994759
2023-06-07,AMZN,185.06,0.02952,8562917
2023-06-08,AMZN,189.66,0.02489,21170023
2023-06-09,AMZN,188.26,-0.00741,7287111
2023-06-12,AMZN,188.98,0.00383,4263309
2023-06-13,AMZN,182.44,-0.03459,15729120
2023-06-14,AMZN,182.35,-0.00052,16761538
2023-06-15,AMZN,178.47,-0.02128,4266910
2023-06-16,AMZN,182.14,0.02059,13630874
2023-06-19,AMZN,178.27,-0.02124,11273166
2023-06-20,AMZN,181.69,0.01916,13042770
2023-06-21,AMZN,181.38,-0.0017,7926210
2023-06-22,AMZN,176.75,-0.02551,11283260
2023-06-23,AMZN,178.66,0.01076,6036778
2023-06-26,AMZN,179.91,0.00701,5836565
2023-06-27,AMZN,178.47,-0.008,21288951
2023-06-28,AMZN,175.62,-0.01598,8040760
2023-06-29,AMZN,177.49,0.01065,5988923
2023-06-30,AMZN,180.73,0.01825,4235643
2023-07-03,AMZN,179.31,-0.00784,12373283
2023-07-04,AMZN,184.02,0.02625,18927768
2023-07-05,AMZN,185.81,0.00976,10799477
2023-07-06,AMZN,190.82,0.02696,11018535
2023-07-07,AMZN,197.16,0.03324,6759672
2023-07-10,AMZN,192.47,-0.0238,6783199
2023-07-11,AMZN,195.71,0.01684,5604072
2023-07-12,AMZN,194.65,-0.00544,9551475
2023-07-13,AMZN,191.29,-0.01726,4669529
2023-07-14,AMZN,185.74,-0.02899,9622900
2022-01-03,TSLA,146.93,-0.02049,9452715
2022-01-04,TSLA,143.92,-0.02048,9965284
2022-01-05,TSLA,143.54,-0.00259,12256398
2022-01-06,TSLA,151.46,0.05514,5623405
2022-01-07,TSLA,145.15,-0.04166,13279350
2022-01-10,TSLA,146.97,0.01256,24872339
2022-01-11,TSLA,140.02,-0.0473,4507602
2022-01-12,TSLA,145.48,0.03897,8804498
2022-01-13,TSLA,146.62,0.00786,6253669
2022-01-14,TSLA,143.94,-0.01828,10683617
2022-01-17,TSLA,145.9,0.01364,9481024
2022-01-18,TSLA,151.7,0.03976,6810422
2022-01-19,TSLA,152.91,0.00794,11486072
2022-01-20,TSLA,150.76,-0.01406,4159133
2022-01-21,TSLA,156.4,0.03744,25204895
2022-01-24,TSLA,171.28,0.09509,10845068
2022-01-25,TSLA,167.88,-0.01983,13047695
2022-01-26,TSLA,176.98,0.0542,8595133
2022-01-27,TSLA,179.34,0.01334,6135770
2022-01-28,TSLA,186.26,0.03858,8804846
2022-01-31,TSLA,179.42,-0.0367,13152118
2022-02-01,TSLA,181.04,0.00904,15228455
2022-02-02,TSLA,179.67,-0.00762,11275525
2022-02-03,TSLA,180.03,0.00203,6479774
2022-02-04,TSLA,174.28,-0.03193,9466991
2022-02-07,TSLA,171.46,-0.01617,6767392
2022-02-08,TSLA,174.77,0.01927,4303056
2022-02-09,TSLA,178.36,0.02057,6882910
2022-02-10,TSLA,193.99,0.08759,15463605
2022-02-11,TSLA,199.94,0.03068,9189614
2022-02-14,TSLA,194.23,-0.02854,8398399
2022-02-15,TSLA,196.57,0.01205,14489930
2022-02-16,TSLA,198.03,0.0074,7577312
2022-02-17,TSLA,195.23,-0.0141,9118618
2022-02-18,TSLA,188.69,-0.03352,7814069
2022-02-21,TSLA,197.02,0.04413,7415140
2022-02-22,TSLA,201.25,0.02149,6376607
2022-02-23,TSLA,214.85,0.06756,7365386
2022-02-24,TSLA,213.43,-0.00662,6727369
2022-02-25,TSLA,204.85,-0.04019,22266976
2022-02-28,TSLA,195.27,-0.04675,20054495
2022-03-01,TSLA,192.8,-0.01267,8877016
2022-03-02,TSLA,202.63,0.051,9960037
2022-03-03,TSLA,191.56,-0.05462,9551010
2022-03-04,TSLA,195.78,0.02202,5797174
2022-03-07,TSLA,190.6,-0.02646,6284494
2022-03-08,TSLA,183.27,-0.03848,5550260
2022-03-09,TSLA,190.02,0.03685,6473265
2022-03-10,TSLA,201.95,0.06281,9418981
2022-03-11,TSLA,206.15,0.02078,5880170
2022-03-14,TSLA,199.1,-0.03423,5144668
2022-03-15,TSLA,195.86,-0.01623,16202451
2022-03-16,TSLA,199.38,0.01797,16933358
2022-03-17,TSLA,200.36,0.00488,6045502
2022-03-18,TSLA,203.88,0.0176,11081030
2022-03-21,TSLA,202.87,-0.00499,9074738
2022-03-22,TSLA,209.42,0.03232,28209542
2022-03-23,TSLA,199.32,-0.04822,9927486
2022-03-24,TSLA,186.74,-0.06312,12679127
2022-03-25,TSLA,198.87,0.06493,7041095
2022-03-28,TSLA,201.53,0.01339,9930199
2022-03-29,TSLA,194.77,-0.03357,7094322
2022-03-30,TSLA,190.67,-0.02102,7235378
2022-03-31,TSLA,181.21,-0.04962,11384749
2022-04-01,TSLA,181.57,0.00199,13298745
2022-04-04,TSLA,190.11,0.04703,12400281
2022-04-05,TSLA,180.97,-0.04806,11465716
2022-04-06,TSLA,189.14,0.04512,21770266
2022-04-07,TSLA,193.77,0.02449,9136266
2022-04-08,TSLA,181.89,-0.0613,15458065
2022-04-11,TSLA,184.0,0.01157,3850085
2022-04-12,TSLA,176.36,-0.04149,5359452
2022-04-13,TSLA,179.49,0.01775,5240210
2022-04-14,TSLA,180.29,0.00443,10272677
2022-04-15,TSLA,182.56,0.01262,9419533
2022-04-18,TSLA,179.24,-0.01821,13264833
2022-04-19,TSLA,173.68,-0.03104,7620746
2022-04-20,TSLA,167.09,-0.03795,16131494
2022-04-21,TSLA,160.04,-0.04217,15973936
2022-04-22,TSLA,165.76,0.03573,12802328
2022-04-25,TSLA,166.41,0.00396,9808518
2022-04-26,TSLA,162.83,-0.02156,3074638
2022-04-27,TSLA,167.05,0.02594,14188453
2022-04-28,TSLA,168.15,0.00657,7777453
2022-04-29,TSLA,156.57,-0.06883,14742974
2022-05-02,TSLA,151.48,-0.03251,9417582
2022-05-03,TSLA,148.08,-0.02248,6050631
2022-05-04,TSLA,154.55,0.04369,7224132
2022-05-05,TSLA,156.06,0.00975,11743625
2022-05-06,TSLA,148.61,-0.04768,6803685
2022-05-09,TSLA,149.12,0.00341,7298416
2022-05-10,TSLA,146.13,-0.02008,5094031
2022-05-11,TSLA,144.17,-0.0134,7208155
2022-05-12,TSLA,146.02,0.01287,16395657
2022-05-13,TSLA,153.58,0.05174,45173681
2022-05-16,TSLA,161.83,0.05373,8733362
2022-05-17,TSLA,169.73,0.04883,20231305
2022-05-18,TSLA,174.06,0.02551,5969741
2022-05-19,TSLA,179.72,0.03253,9344775
2022-05-20,TSLA,163.3,-0.09137,11018716
2022-05-23,TSLA,166.4,0.01899,9730179
2022-05-24,TSLA,167.67,0.00763,9307209
2022-05-25,TSLA,167.75,0.00046,24316758
2022-05-26,TSLA,158.32,-0.05623,10152874
2022-05-27,TSLA,160.05,0.01096,9558279
2022-05-30,TSLA,164.07,0.02513,12183534
2022-05-31,TSLA,159.77,-0.02624,5894689
2022-06-01,TSLA,159.22,-0.00344,7119883
2022-06-02,TSLA,163.85,0.02907,6255169
2022-06-03,TSLA,161.89,-0.01192,8642965
2022-06-06,TSLA,161.97,0.00049,12476702
2022-06-07,TSLA,153.9,-0.04986,7762800
2022-06-08,TSLA,147.6,-0.04094,14224667
2022-06-09,TSLA,143.41,-0.0284,13264707
2022-06-10,TSLA,143.2,-0.00146,13815875
2022-06-13,TSLA,143.1,-0.00066,13390606
2022-06-14,TSLA,146.58,0.02431,7449935
2022-06-15,TSLA,146.3,-0.00195,8537420
2022-06-16,TSLA,153.34,0.04812,21544945
2022-06-17,TSLA,156.66,0.02168,9978393
2022-06-20,TSLA,152.85,-0.02434,5752438
2022-06-21,TSLA,153.24,0.00258,16811706
2022-06-22,TSLA,143.73,-0.06207,14365702
2022-06-23,TSLA,147.87,0.02885,11360516
2022-06-24,TSLA,146.06,-0.01225,7248765
2022-06-27,TSLA,143.02,-0.02083,2095586
2022-06-28,TSLA,144.28,0.00884,20187150
2022-06-29,TSLA,145.98,0.01178,5734838
2022-06-30,TSLA,146.08,0.00067,19094214
2022-07-01,TSLA,140.52,-0.03806,5938536
2022-07-04,TSLA,142.49,0.014,12719727
2022-07-05,TSLA,143.37,0.00614,4462928
2022-07-06,TSLA,140.63,-0.01911,6178998
2022-07-07,TSLA,134.46,-0.04381,3875253
2022-07-08,TSLA,132.23,-0.0166,5802726
2022-07-11,TSLA,129.54,-0.02037,4228811
2022-07-12,TSLA,130.05,0.00394,9000054
2022-07-13,TSLA,125.16,-0.03761,7004862
2022-07-14,TSLA,122.64,-0.0201,17438816
2022-07-15,TSLA,124.08,0.0117,13203640
2022-07-18,TSLA,128.22,0.0334,14487412
2022-07-19,TSLA,130.17,0.01522,2480620
2022-07-20,TSLA,130.29,0.00086,10296474
2022-07-21,TSLA,126.27,-0.03085,14227473
2022-07-22,TSLA,125.34,-0.00729,7423473
2022-07-25,TSLA,134.92,0.07636,7650145
2022-07-26,TSLA,137.95,0.02245,27501182
2022-07-27,TSLA,142.6,0.03377,5833992
2022-07-28,TSLA,134.53,-0.05658,3734905
2022-07-29,TSLA,136.71,0.01614,11176754
2022-08-01,TSLA,134.89,-0.0133,9914847
2022-08-02,TSLA,134.24,-0.00483,8503598
2022-08-03,TSLA,140.98,0.05023,6556821
2022-08-04,TSLA,135.83,-0.0365,10339726
2022-08-05,TSLA,145.6,0.07194,5881166
2022-08-08,TSLA,144.79,-0.0056,7139673
2022-08-09,TSLA,147.09,0.01587,8349568
2022-08-10,TSLA,148.95,0.01265,5846996
2022-08-11,TSLA,148.24,-0.00474,3850881
2022-08-12,TSLA,137.49,-0.07254,7349745
2022-08-15,TSLA,138.67,0.00856,6101020
2022-08-16,TSLA,144.83,0.04448,7909568
2022-08-17,TSLA,142.31,-0.01745,11713302
2022-08-18,TSLA,143.43,0.0079,5349849
2022-08-19,TSLA,137.63,-0.04041,42770837
2022-08-22,TSLA,143.02,0.03914,7589723
2022-08-23,TSLA,146.7,0.02575,10128806
2022-08-24,TSLA,156.19,0.06463,9939232
2022-08-25,TSLA,158.24,0.01317,23292569
2022-08-26,TSLA,150.77,-0.04725,16874786
2022-08-29,TSLA,142.6,-0.05417,15404732
2022-08-30,TSLA,133.53,-0.06358,7473702
2022-08-31,TSLA,133.01,-0.0039,10477091
2022-09-01,TSLA,133.59,0.00433,7488175
2022-09-02,TSLA,123.96,-0.07203,18949404
2022-09-05,TSLA,122.74,-0.00989,9411692
2022-09-06,TSLA,118.33,-0.03594,13688318
2022-09-07,TSLA,113.03,-0.04474,7960144
2022-09-08,TSLA,109.18,-0.03411,11008445
2022-09-09,TSLA,108.58,-0.00549,11643895
2022-09-12,TSLA,107.95,-0.00575,5042539
2022-09-13,TSLA,114.08,0.05673,8312470
2022-09-14,TSLA,115.52,0.01264,8641450
2022-09-15,TSLA,111.36,-0.036,14008953
2022-09-16,TSLA,108.85,-0.02253,12405312
2022-09-19,TSLA,109.45,0.00549,10488002
2022-09-20,TSLA,106.7,-0.02516,2970489
2022-09-21,TSLA,107.73,0.00971,7828299
2022-09-22,TSLA,103.79,-0.03655,7421197
2022-09-23,TSLA,110.46,0.0642,12083845
2022-09-26,TSLA,112.35,0.01715,10172496
2022-09-27,TSLA,111.6,-0.00665,7493678
2022-09-28,TSLA,111.69,0.00076,4563465
2022-09-29,TSLA,113.06,0.01231,8879467
2022-09-30,TSLA,112.78,-0.0025,6045567
2022-10-03,TSLA,117.41,0.04103,14888326
2022-10-04,TSLA,121.32,0.03335,10216405
2022-10-05,TSLA,119.73,-0.01312,6788347
2022-10-06,TSLA,122.57,0.02369,16409300
2022-10-07,TSLA,121.72,-0.00692,4658586
2022-10-10,TSLA,123.71,0.01632,10343954
2022-10-11,TSLA,124.21,0.00408,4268531
2022-10-12,TSLA,123.86,-0.00286,15607972
2022-10-13,TSLA,122.05,-0.0146,7579310
2022-10-14,TSLA,120.95,-0.00897,9216558
2022-10-17,TSLA,116.87,-0.03376,6137267
2022-10-18,TSLA,116.51,-0.0031,15488839
2022-10-19,TSLA,121.58,0.04355,7847840
2022-10-20,TSLA,115.87,-0.04699,4554998
2022-10-21,TSLA,114.62,-0.01076,3753037
2022-10-24,TSLA,116.51,0.01645,12870169
2022-10-25,TSLA,118.55,0.0175,7349242
2022-10-26,TSLA,117.2,-0.01131,17495609
2022-10-27,TSLA,121.4,0.03581,9426379
2022-10-28,TSLA,122.33,0.00766,7762928
2022-10-31,TSLA,121.04,-0.01052,3734805
2022-11-01,TSLA,116.26,-0.03952,11692298
2022-11-02,TSLA,109.38,-0.05917,15101819
2022-11-03,TSLA,119.22,0.08992,11957200
2022-11-04,TSLA,120.23,0.00851,14370045
2022-11-07,TSLA,114.96,-0.04386,17655492
2022-11-08,TSLA,112.6,-0.02051,9080106
2022-11-09,TSLA,110.74,-0.01649,6189287
2022-11-10,TSLA,104.53,-0.05614,7113989
2022-11-11,TSLA,104.91,0.0037,6026968
2022-11-14,TSLA,102.56,-0.02241,10256607
2022-11-15,TSLA,97.62,-0.04813,7592415
2022-11-16,TSLA,102.13,0.04619,5906481
2022-11-17,TSLA,108.59,0.06318,4386447
2022-11-18,TSLA,100.77,-0.07196,11248538
2022-11-21,TSLA,101.8,0.01022,22145261
2022-11-22,TSLA,95.32,-0.06366,7815334
2022-11-23,TSLA,94.6,-0.0076,20254486
2022-11-24,TSLA,97.88,0.03472,6696316
2022-11-25,TSLA,103.84,0.06087,6294723
2022-11-28,TSLA,105.66,0.01753,8581623
2022-11-29,TSLA,103.74,-0.01816,7719051
2022-11-30,TSLA,103.07,-0.00651,5558709
2022-12-01,TSLA,101.43,-0.01589,18193468
2022-12-02,TSLA,99.11,-0.02286,9542242
2022-12-05,TSLA,102.59,0.03512,7514852
2022-12-06,TSLA,105.65,0.02982,14010042
2022-12-07,TSLA,104.8,-0.00805,15308962
2022-12-08,TSLA,108.61,0.03632,12133342
2022-12-09,TSLA,112.31,0.03407,8075889
2022-12-12,TSLA,116.48,0.03715,23492233
2022-12-13,TSLA,115.23,-0.01075,12577695
2022-12-14,TSLA,116.28,0.00916,4261384
2022-12-15,TSLA,122.52,0.05366,5637329
2022-12-16,TSLA,132.17,0.07872,3654655
2022-12-19,TSLA,132.82,0.00496,17629800
2022-12-20,TSLA,135.28,0.01849,9100225
2022-12-21,TSLA,139.23,0.02919,12463317
2022-12-22,TSLA,132.9,-0.04544,2140657
2022-12-23,TSLA,134.88,0.01489,8191199
2022-12-26,TSLA,134.29,-0.00438,12450045
2022-12-27,TSLA,141.72,0.05536,13440934
2022-12-28,TSLA,135.9,-0.04105,9676638
2022-12-29,TSLA,137.92,0.01484,8776561
2022-12-30,TSLA,132.69,-0.03794,13744877
2023-01-02,TSLA,130.04,-0.01997,7182920
2023-01-03,TSLA,131.94,0.01462,13670436
2023-01-04,TSLA,129.94,-0.01517,10615975
2023-01-05,TSLA,130.61,0.00517,13519386
2023-01-06,TSLA,125.98,-0.03547,4616642
2023-01-09,TSLA,122.62,-0.02665,8510229
2023-01-10,TSLA,121.97,-0.00531,4773418
2023-01-11,TSLA,126.33,0.03572,3914840
2023-01-12,TSLA,120.1,-0.04926,5174862
2023-01-13,TSLA,123.37,0.02721,5225360
2023-01-16,TSLA,122.64,-0.00593,3857473
2023-01-17,TSLA,122.9,0.00212,4793907
2023-01-18,TSLA,127.82,0.04003,14782358
2023-01-19,TSLA,135.86,0.0629,7951300
2023-01-20,TSLA,131.25,-0.03391,4530479
2023-01-23,TSLA,139.95,0.06626,12294050
2023-01-24,TSLA,135.07,-0.03483,7312853
2023-01-25,TSLA,136.77,0.01257,7178122
2023-01-26,TSLA,143.49,0.04912,17718928
2023-01-27,TSLA,135.19,-0.05785,18857571
2023-01-30,TSLA,138.81,0.02683,5639183
2023-01-31,TSLA,137.41,-0.01012,4267464
2023-02-01,TSLA,137.15,-0.00189,5674354
2023-02-02,TSLA,134.37,-0.02028,7101180
2023-02-03,TSLA,130.95,-0.02543,12211529
2023-02-06,TSLA,122.77,-0.06249,12867773
2023-02-07,TSLA,123.29,0.00425,6732493
2023-02-08,TSLA,117.61,-0.04611,2253849
2023-02-09,TSLA,123.05,0.04626,4051473
2023-02-10,TSLA,125.41,0.01917,5310549
2023-02-13,TSLA,126.51,0.00884,4165316
2023-02-14,TSLA,128.46,0.0154,4676389
2023-02-15,TSLA,131.75,0.02562,10569159
2023-02-16,TSLA,117.61,-0.10735,5072767
2023-02-17,TSLA,128.51,0.0927,12992005
2023-02-20,TSLA,135.1,0.05128,6712703
2023-02-21,TSLA,128.86,-0.04623,4461560
2023-02-22,TSLA,127.03,-0.01418,6096511
2023-02-23,TSLA,127.64,0.00481,4716349
2023-02-24,TSLA,129.57,0.01515,4029115
2023-02-27,TSLA,125.02,-0.03516,10784707
2023-02-28,TSLA,130.45,0.04348,16304140
2023-03-01,TSLA,131.36,0.00694,11713614
2023-03-02,TSLA,124.49,-0.05229,13490251
2023-03-03,TSLA,126.75,0.01818,7548355
2023-03-06,TSLA,130.87,0.03243,10121715
2023-03-07,TSLA,130.9,0.00025,7916213
2023-03-08,TSLA,130.27,-0.00477,9918228
2023-03-09,TSLA,120.26,-0.07686,11992939
2023-03-10,TSLA,125.45,0.04315,4672403
2023-03-13,TSLA,120.32,-0.04088,8420777
2023-03-14,TSLA,126.13,0.04826,8284768
2023-03-15,TSLA,123.66,-0.01955,5598182
2023-03-16,TSLA,134.33,0.08623,17215525
2023-03-17,TSLA,132.22,-0.01565,26947061
2023-03-20,TSLA,133.57,0.01016,4053034
2023-03-21,TSLA,128.91,-0.0349,8692816
2023-03-22,TSLA,121.08,-0.06071,4431466
2023-03-23,TSLA,120.21,-0.00716,10491592
2023-03-24,TSLA,118.8,-0.01172,17388758
2023-03-27,TSLA,116.63,-0.01831,7795143
2023-03-28,TSLA,115.93,-0.00603,5214833
2023-03-29,TSLA,117.38,0.01257,7523610
2023-03-30,TSLA,121.49,0.03498,4307375
2023-03-31,TSLA,119.48,-0.01655,3822822
2023-04-03,TSLA,113.88,-0.04684,7082533
2023-04-04,TSLA,110.32,-0.0313,14475702
2023-04-05,TSLA,115.34,0.04549,6064258
2023-04-06,TSLA,114.62,-0.00622,9099143
2023-04-07,TSLA,115.03,0.00359,7444859
2023-04-10,TSLA,121.41,0.05547,7127928
2023-04-11,TSLA,123.96,0.02101,6406689
2023-04-12,TSLA,125.33,0.01103,14158565
2023-04-13,TSLA,124.47,-0.00682,16100963
2023-04-14,TSLA,123.28,-0.00959,9717423
2023-04-17,TSLA,123.76,0.00391,15113628
2023-04-18,TSLA,119.29,-0.03612,5871901
2023-04-19,TSLA,115.56,-0.03132,6101141
2023-04-20,TSLA,112.41,-0.02726,4784876
2023-04-21,TSLA,110.92,-0.01318,13210237
2023-04-24,TSLA,112.01,0.0098,22172550
2023-04-25,TSLA,108.92,-0.02763,4495655
2023-04-26,TSLA,105.41,-0.03222,6400309
2023-04-27,TSLA,104.64,-0.00728,9065790
2023-04-28,TSLA,101.98,-0.02538,27705114
2023-05-01,TSLA,106.6,0.0453,7879589
2023-05-02,TSLA,103.27,-0.03129,6653435
2023-05-03,TSLA,106.38,0.03008,10208078
2023-05-04,TSLA,102.41,-0.0373,6243777
2023-05-05,TSLA,98.63,-0.03688,11390200
2023-05-08,TSLA,104.16,0.05608,16776845
2023-05-09,TSLA,102.34,-0.01754,10286259
2023-05-10,TSLA,98.91,-0.03343,10783652
2023-05-11,TSLA,100.98,0.02085,2984601
2023-05-12,TSLA,99.63,-0.01331,6527666
2023-05-15,TSLA,96.74,-0.02906,5727280
2023-05-16,TSLA,104.22,0.0774,9510837
2023-05-17,TSLA,102.36,-0.01786,6007066
2023-05-18,TSLA,100.69,-0.01631,5712475
2023-05-19,TSLA,100.76,0.00065,4653018
2023-05-22,TSLA,98.99,-0.01758,12285447
2023-05-23,TSLA,101.77,0.02815,3145453
2023-05-24,TSLA,104.03,0.02218,6167044
2023-05-25,TSLA,108.08,0.03892,5103733
2023-05-26,TSLA,106.77,-0.01213,9239074
2023-05-29,TSLA,109.84,0.02875,13474797
2023-05-30,TSLA,106.75,-0.0281,5934065
2023-05-31,TSLA,110.79,0.0378,6460622
2023-06-01,TSLA,117.53,0.06088,12119436
2023-06-02,TSLA,112.95,-0.039,13785831
2023-06-05,TSLA,114.13,0.01045,8218864
2023-06-06,TSLA,112.57,-0.01364,12997398
2023-06-07,TSLA,109.3,-0.02905,6033401
2023-06-08,TSLA,106.91,-0.02187,6851988
2023-06-09,TSLA,107.64,0.00679,10238076
2023-06-12,TSLA,110.47,0.02632,25241140
2023-06-13,TSLA,113.18,0.02456,7081619
2023-06-14,TSLA,113.98,0.00707,8792815
2023-06-15,TSLA,108.93,-0.0443,10432640
2023-06-16,TSLA,104.49,-0.0408,9818496
2023-06-19,TSLA,103.44,-0.01005,4109498
2023-06-20,TSLA,106.19,0.02664,11527126
2023-06-21,TSLA,110.21,0.03782,5943075
2023-06-22,TSLA,109.73,-0.00435,11457593
2023-06-23,TSLA,118.32,0.07827,8999702
2023-06-26,TSLA,116.49,-0.01547,5971824
2023-06-27,TSLA,122.13,0.04843,15936513
2023-06-28,TSLA,121.08,-0.00858,10542096
2023-06-29,TSLA,127.86,0.05597,11867228
2023-06-30,TSLA,124.76,-0.02422,7763575
2023-07-03,TSLA,125.97,0.00964,23524764
2023-07-04,TSLA,118.92,-0.05591,11409785
2023-07-05,TSLA,119.24,0.00264,24115603
2023-07-06,TSLA,122.45,0.02695,8529406
2023-07-07,TSLA,122.3,-0.00126,8435235
2023-07-10,TSLA,124.22,0.0157,12320717
2023-07-11,TSLA,120.13,-0.0329,6740320
2023-07-12,TSLA,121.64,0.01254,9763854
2023-07-13,TSLA,119.92,-0.0141,3344764
2023-07-14,TSLA,116.33,-0.02992,7367569
