transaction_id,customer_id,date,hour,day_of_week,amount,category,is_fraud
1,1096,2024-06-07,8,5,35.46,Electronics,0
2,1061,2024-06-27,18,3,28.37,Entertainment,0
3,1025,2024-05-31,15,1,106.41,Electronics,0
4,1057,2024-06-10,9,2,139.68,Food,0
5,1046,2024-06-19,11,4,39.64,Electronics,0
6,1051,2024-05-31,19,2,189.95,Healthcare,0
7,1079,2024-04-02,23,2,872.37,Entertainment,0
8,1000,2024-01-15,15,2,279.42,Electronics,0
9,1034,2024-04-05,15,5,53.09,Electronics,0
10,1055,2024-03-03,20,0,87.9,Electronics,0
11,1024,2024-05-28,16,6,60.46,Travel,0
12,1096,2024-03-14,11,1,52.13,Healthcare,0
13,1089,2024-02-18,11,4,81.4,Food,0
14,1039,2024-06-20,15,2,29.86,Electronics,0
15,1010,2024-05-30,13,5,222.41,Food,0
16,1001,2024-05-18,6,3,51.1,Utilities,0
17,1027,2024-02-28,17,3,11.32,Utilities,0
18,1024,2024-01-22,11,3,72.72,Utilities,0
19,1091,2024-05-06,14,1,65.0,Travel,0
20,1094,2024-01-27,12,6,62.38,Food,0
21,1054,2024-06-07,17,0,45.05,Food,0
22,1089,2024-05-14,21,4,254.72,Food,0
23,1006,2024-05-12,13,6,126.67,Food,0
24,1047,2024-02-15,12,5,66.45,Utilities,0
25,1023,2024-04-07,14,0,185.02,Entertainment,0
26,1011,2024-06-21,17,3,35.49,Food,0
27,1018,2024-05-10,1,4,40.96,Healthcare,1
28,1007,2024-05-08,3,5,82.4,Food,1
29,1071,2024-03-08,18,0,34.47,Utilities,0
30,1098,2024-05-10,16,5,39.39,Utilities,0
31,1050,2024-04-06,6,5,101.86,Healthcare,0
32,1006,2024-01-05,14,6,499.17,Healthcare,0
33,1046,2024-04-18,16,3,202.09,Electronics,0
34,1048,2024-06-04,20,1,12.66,Electronics,0
35,1002,2024-04-26,7,3,69.81,Utilities,0
36,1040,2024-03-25,17,6,49.68,Food,0
37,1074,2024-04-02,21,4,128.53,Food,0
38,1076,2024-05-23,20,0,193.34,Utilities,0
39,1034,2024-01-19,6,1,68.99,Utilities,0
40,1007,2024-01-27,13,5,27.49,Food,0
41,1003,2024-03-27,8,0,190.91,Utilities,0
42,1049,2024-01-30,10,2,130.97,Entertainment,0
43,1026,2024-05-29,6,3,192.31,Food,0
44,1086,2024-02-18,21,4,118.6,Healthcare,0
45,1019,2024-05-25,12,0,9.17,Food,0
46,1041,2024-01-05,18,0,36.9,Utilities,0
47,1009,2024-06-10,23,5,64.83,Food,0
48,1077,2024-03-27,21,6,178.98,Food,0
49,1009,2024-02-16,22,1,11.81,Travel,0
50,1054,2024-04-09,5,6,32.74,Food,0
51,1024,2024-06-13,13,6,37.59,Utilities,0
52,1018,2024-06-24,23,5,46.77,Utilities,0
53,1088,2024-04-10,14,3,188.74,Food,0
54,1077,2024-03-24,19,0,54.07,Food,0
55,1014,2024-04-13,7,4,43.51,Food,0
56,1025,2024-02-18,16,5,134.35,Utilities,0
57,1022,2024-06-06,13,0,60.56,Healthcare,0
58,1060,2024-05-14,10,3,27.7,Food,0
59,1031,2024-06-17,8,1,20.97,Healthcare,0
60,1028,2024-05-04,9,2,87.88,Utilities,0
61,1052,2024-05-04,15,5,6.49,Healthcare,0
62,1099,2024-02-09,18,3,44.56,Healthcare,0
63,1022,2024-04-20,17,0,23.23,Travel,0
64,1031,2024-03-04,16,3,191.77,Food,0
65,1086,2024-06-17,11,4,60.25,Travel,0
66,1031,2024-04-24,4,5,16.82,Food,0
67,1077,2024-03-10,18,5,232.18,Healthcare,0
68,1047,2024-01-12,10,4,33.13,Healthcare,0
69,1015,2024-04-01,14,4,50.88,Food,0
70,1037,2024-05-13,10,3,109.84,Utilities,0
71,1089,2024-03-18,5,5,99.72,Electronics,0
72,1067,2024-04-12,8,6,70.33,Utilities,0
73,1080,2024-04-15,13,1,30.4,Food,0
74,1057,2024-04-20,10,3,31.77,Food,0
75,1088,2024-05-28,4,3,83.18,Entertainment,0
76,1041,2024-04-19,9,3,26.57,Food,0
77,1077,2024-01-07,12,5,63.0,Utilities,0
78,1017,2024-03-18,15,0,4.59,Utilities,0
79,1018,2024-01-08,8,2,113.22,Entertainment,0
80,1014,2024-03-05,11,2,46.8,Healthcare,0
81,1037,2024-01-13,11,6,24.22,Electronics,0
82,1026,2024-03-18,15,6,23.52,Entertainment,0
83,1055,2024-03-02,13,5,72.76,Utilities,0
84,1096,2024-04-02,6,5,116.96,Utilities,0
85,1089,2024-03-11,16,4,47.86,Utilities,0
86,1048,2024-03-17,9,5,78.84,Travel,0
87,1007,2024-06-08,16,1,69.4,Healthcare,0
88,1045,2024-02-27,14,1,134.37,Healthcare,0
89,1033,2024-01-02,19,0,24.62,Entertainment,0
90,1064,2024-04-16,18,3,74.33,Healthcare,0
91,1019,2024-04-26,21,5,41.34,Electronics,0
92,1037,2024-01-05,16,6,63.82,Travel,0
93,1014,2024-03-04,14,6,30.73,Utilities,0
94,1064,2024-04-23,13,0,64.46,Utilities,0
95,1043,2024-03-26,19,2,18.68,Utilities,0
96,1098,2024-05-13,11,0,52.28,Food,0
97,1054,2024-01-05,15,5,73.36,Food,0
98,1053,2024-06-02,23,5,69.35,Utilities,1
99,1098,2024-02-21,18,3,125.81,Travel,0
100,1035,2024-01-21,7,5,22.44,Entertainment,0
101,1065,2024-06-13,10,1,23.74,Entertainment,0
102,1052,2024-04-12,11,6,83.36,Healthcare,0
103,1075,2024-04-18,13,2,129.27,Electronics,0
104,1050,2024-06-18,7,6,80.12,Entertainment,0
105,1040,2024-02-08,13,0,38.04,Food,0
106,1029,2024-06-02,13,4,31.76,Electronics,0
107,1008,2024-05-04,8,2,143.76,Electronics,0
108,1019,2024-01-26,6,6,5.13,Utilities,0
109,1055,2024-06-09,19,5,72.34,Electronics,0
110,1071,2024-05-07,23,0,83.09,Utilities,0
111,1062,2024-05-08,18,0,89.61,Food,0
112,1049,2024-01-02,10,2,71.18,Entertainment,0
113,1081,2024-01-10,13,5,42.91,Electronics,0
114,1025,2024-06-21,21,0,670.28,Electronics,0
115,1033,2024-02-21,14,1,483.58,Utilities,0
116,1076,2024-01-16,11,2,141.43,Healthcare,0
117,1036,2024-05-14,10,4,95.63,Travel,0
118,1091,2024-06-08,9,2,29.3,Utilities,0
119,1057,2024-04-10,16,5,83.31,Food,0
120,1058,2024-01-11,9,4,95.78,Food,0
121,1024,2024-03-22,14,6,139.96,Utilities,0
122,1005,2024-01-08,15,2,13.56,Utilities,0
123,1068,2024-04-13,11,4,64.23,Food,0
124,1054,2024-01-13,13,4,61.45,Utilities,0
125,1002,2024-04-17,13,0,65.94,Entertainment,0
126,1064,2024-05-08,15,0,85.9,Entertainment,0
127,1013,2024-06-18,7,4,33.95,Entertainment,0
128,1081,2024-04-28,21,4,10.88,Electronics,0
129,1071,2024-03-22,7,3,82.32,Food,0
130,1014,2024-01-17,15,0,38.43,Entertainment,0
131,1098,2024-06-04,13,4,64.81,Food,0
132,1086,2024-01-29,9,4,154.1,Food,0
133,1044,2024-06-28,10,5,99.8,Electronics,0
134,1056,2024-03-02,8,1,28.25,Travel,0
135,1011,2024-06-16,11,6,36.96,Travel,0
136,1043,2024-05-12,11,3,40.96,Entertainment,0
137,1011,2024-05-11,12,1,58.87,Utilities,0
138,1001,2024-04-26,16,5,66.74,Food,0
139,1069,2024-04-11,13,0,298.43,Healthcare,0
140,1018,2024-03-01,23,1,4.88,Food,1
141,1046,2024-04-10,12,6,45.55,Travel,0
142,1027,2024-01-13,10,0,91.56,Travel,0
143,1051,2024-06-13,8,0,25.09,Food,0
144,1092,2024-04-01,14,4,33.87,Utilities,0
145,1088,2024-03-17,7,5,45.15,Food,0
146,1038,2024-02-13,10,6,71.85,Food,0
147,1025,2024-03-20,10,0,70.39,Entertainment,0
148,1054,2024-01-01,7,3,52.39,Utilities,0
149,1058,2024-04-28,14,4,24.78,Utilities,0
150,1063,2024-03-31,8,3,108.15,Travel,0
151,1033,2024-03-31,15,0,25.79,Travel,0
152,1076,2024-06-24,18,0,200.91,Food,0
153,1064,2024-03-01,14,4,30.7,Utilities,0
154,1015,2024-04-30,0,4,25.49,Utilities,1
155,1053,2024-06-14,16,2,44.64,Food,0
156,1012,2024-03-01,16,5,21.3,Food,0
157,1086,2024-05-08,19,2,35.76,Healthcare,0
158,1067,2024-05-30,13,6,23.68,Entertainment,0
159,1001,2024-01-30,18,3,77.25,Utilities,0
160,1016,2024-04-16,12,5,125.8,Food,0
161,1023,2024-03-05,18,6,29.14,Utilities,0
162,1094,2024-05-12,9,5,904.8,Utilities,0
163,1025,2024-03-13,23,3,43.57,Utilities,0
164,1038,2024-06-17,14,2,40.3,Electronics,0
165,1051,2024-06-01,22,2,54.58,Travel,0
166,1073,2024-04-25,13,2,110.32,Food,0
167,1061,2024-06-14,18,1,1015.52,Travel,0
168,1022,2024-06-22,15,3,49.96,Food,0
169,1094,2024-03-19,3,1,101.49,Utilities,1
170,1029,2024-05-15,8,4,139.86,Food,0
171,1012,2024-04-28,14,4,38.31,Healthcare,0
172,1091,2024-01-01,8,6,102.62,Food,0
173,1000,2024-01-09,13,4,99.7,Electronics,0
174,1018,2024-06-25,19,1,37.47,Entertainment,0
175,1050,2024-02-25,5,5,93.13,Entertainment,0
176,1042,2024-01-21,9,4,68.24,Food,0
177,1034,2024-01-10,9,5,92.15,Utilities,0
178,1092,2024-02-15,14,3,227.49,Electronics,0
179,1054,2024-06-25,13,5,34.5,Travel,0
180,1023,2024-04-12,14,3,430.21,Electronics,0
181,1096,2024-06-14,13,0,38.06,Healthcare,0
182,1062,2024-01-07,16,3,67.75,Food,0
183,1022,2024-04-08,9,2,44.74,Healthcare,0
184,1016,2024-02-23,17,5,50.46,Entertainment,0
185,1062,2024-06-05,20,5,31.87,Food,0
186,1020,2024-01-30,18,5,64.08,Food,0
187,1043,2024-03-15,11,4,52.13,Electronics,0
188,1023,2024-04-29,11,2,23.33,Travel,0
189,1090,2024-02-04,11,1,17.52,Food,0
190,1091,2024-04-19,18,4,32.95,Electronics,0
191,1031,2024-03-28,0,1,61.92,Food,1
192,1010,2024-05-21,14,2,811.03,Food,0
193,1050,2024-05-18,10,1,42.33,Utilities,0
194,1051,2024-01-19,13,2,96.06,Utilities,0
195,1009,2024-04-22,17,4,23.09,Healthcare,0
196,1017,2024-04-07,10,5,31.81,Electronics,0
197,1059,2024-04-23,11,0,57.21,Utilities,0
198,1021,2024-06-01,11,5,9.43,Food,0
199,1064,2024-03-16,18,2,121.2,Food,0
200,1005,2024-04-28,9,5,87.53,Electronics,0
201,1029,2024-04-11,5,4,233.04,Food,0
202,1025,2024-02-13,10,4,20.89,Electronics,0
203,1076,2024-06-23,8,3,29.52,Electronics,0
204,1003,2024-03-31,10,2,87.29,Entertainment,0
205,1037,2024-03-05,18,2,40.66,Food,0
206,1013,2024-04-04,13,3,44.62,Entertainment,0
207,1015,2024-04-29,18,5,160.94,Healthcare,0
208,1033,2024-02-05,17,0,31.09,Healthcare,0
209,1095,2024-04-21,16,2,31.79,Electronics,0
210,1066,2024-03-05,17,2,28.65,Food,0
211,1030,2024-01-19,5,6,32.6,Healthcare,0
212,1021,2024-05-12,18,6,120.28,Food,0
213,1045,2024-01-05,10,4,77.53,Entertainment,0
214,1021,2024-06-25,9,2,50.09,Electronics,0
215,1048,2024-02-07,11,6,88.7,Entertainment,0
216,1082,2024-01-24,23,4,81.2,Utilities,0
217,1026,2024-02-25,17,5,26.66,Healthcare,0
218,1077,2024-02-16,15,2,2418.52,Entertainment,0
219,1014,2024-06-20,17,3,54.4,Utilities,0
220,1062,2024-03-23,15,4,119.27,Travel,0
221,1006,2024-01-09,16,4,78.35,Utilities,0
222,1035,2024-04-07,12,2,26.2,Utilities,0
223,1015,2024-04-09,20,6,1570.14,Utilities,0
224,1025,2024-03-08,11,5,213.47,Healthcare,0
225,1021,2024-01-04,23,1,42.12,Utilities,0
226,1081,2024-05-15,19,2,30.2,Entertainment,0
227,1075,2024-01-19,11,1,61.75,Healthcare,0
228,1062,2024-03-30,3,3,27.06,Food,0
229,1087,2024-02-18,20,0,42.69,Entertainment,0
230,1011,2024-04-06,10,1,35.63,Food,0
231,1020,2024-05-13,11,4,37.31,Electronics,0
232,1004,2024-04-14,17,4,161.95,Food,0
233,1062,2024-03-02,22,5,59.88,Entertainment,0
234,1004,2024-01-29,13,5,39.33,Entertainment,0
235,1063,2024-05-11,14,0,25.99,Electronics,0
236,1029,2024-01-03,15,5,50.85,Food,0
237,1038,2024-01-18,16,1,121.38,Entertainment,0
238,1064,2024-05-04,9,1,44.88,Entertainment,0
239,1031,2024-03-06,12,1,7.69,Utilities,0
240,1031,2024-05-13,16,5,11.13,Food,0
241,1034,2024-03-30,12,4,46.82,Electronics,0
242,1096,2024-05-26,19,4,37.31,Electronics,0
243,1050,2024-03-26,18,2,34.99,Healthcare,0
244,1040,2024-05-29,16,4,19.54,Travel,0
245,1089,2024-01-20,17,6,88.49,Travel,0
246,1096,2024-03-16,8,4,13.91,Food,0
247,1089,2024-03-09,17,5,344.3,Food,0
248,1082,2024-02-13,0,3,108.69,Electronics,0
249,1016,2024-03-25,19,1,18.51,Food,0
250,1025,2024-03-25,16,2,10.61,Entertainment,0
251,1003,2024-03-02,14,3,160.06,Food,0
252,1061,2024-04-09,6,3,35.39,Electronics,0
253,1069,2024-04-06,18,5,27.0,Electronics,0
254,1017,2024-04-09,15,0,72.65,Healthcare,0
255,1082,2024-02-15,10,0,88.67,Healthcare,0
256,1070,2024-04-07,14,5,56.58,Electronics,0
257,1002,2024-05-08,14,2,75.41,Food,0
258,1009,2024-04-13,22,1,82.37,Healthcare,0
259,1038,2024-03-06,9,5,126.43,Electronics,0
260,1072,2024-01-17,14,1,23.75,Electronics,0
261,1081,2024-04-25,14,6,229.13,Electronics,0
262,1082,2024-01-29,9,1,308.92,Utilities,0
263,1022,2024-01-10,1,5,22.88,Healthcare,0
264,1067,2024-04-12,19,6,33.76,Food,0
265,1077,2024-02-13,6,5,22.82,Healthcare,0
266,1006,2024-06-03,16,4,133.96,Food,0
267,1007,2024-05-06,14,6,106.79,Utilities,0
268,1020,2024-06-21,9,1,49.13,Food,0
269,1004,2024-04-19,3,0,103.23,Entertainment,0
270,1006,2024-02-17,12,1,97.05,Utilities,0
271,1037,2024-02-28,18,4,154.85,Utilities,0
272,1081,2024-03-31,23,6,47.62,Entertainment,0
273,1076,2024-03-07,23,1,2668.98,Electronics,0
274,1000,2024-03-25,13,1,106.11,Entertainment,0
275,1063,2024-01-10,13,0,30.12,Electronics,0
276,1042,2024-06-13,10,3,40.78,Electronics,0
277,1058,2024-02-25,16,0,29.39,Food,0
278,1035,2024-03-07,11,1,32.49,Food,0
279,1010,2024-06-07,18,0,314.54,Healthcare,0
280,1018,2024-02-18,12,4,46.92,Electronics,0
281,1038,2024-01-13,12,3,105.37,Entertainment,0
282,1070,2024-03-11,21,3,75.36,Healthcare,0
283,1074,2024-05-02,11,1,62.4,Healthcare,0
284,1093,2024-06-21,9,6,115.19,Healthcare,0
285,1000,2024-02-18,11,3,18.58,Entertainment,0
286,1009,2024-01-01,15,0,533.04,Travel,0
287,1025,2024-04-14,17,4,96.18,Food,0
288,1035,2024-02-22,12,1,111.28,Electronics,0
289,1073,2024-02-18,23,6,16.14,Entertainment,0
290,1059,2024-03-19,18,1,130.06,Healthcare,0
291,1029,2024-03-28,10,0,22.99,Electronics,0
292,1098,2024-04-20,10,3,41.41,Food,0
293,1084,2024-05-30,18,3,114.5,Healthcare,0
294,1005,2024-03-14,15,4,157.73,Travel,0
295,1081,2024-04-30,13,0,100.28,Food,0
296,1068,2024-03-09,15,2,134.03,Utilities,0
297,1041,2024-02-03,17,6,31.66,Food,0
298,1040,2024-01-27,19,0,28.48,Food,0
299,1036,2024-06-05,17,0,157.13,Electronics,0
300,1064,2024-02-05,3,1,97.74,Travel,1
301,1010,2024-01-01,2,3,25.35,Food,1
302,1078,2024-02-12,11,6,301.91,Food,0
303,1075,2024-01-27,16,1,24.73,Utilities,0
304,1096,2024-03-21,5,0,271.35,Travel,0
305,1062,2024-03-01,11,6,14.34,Utilities,0
306,1050,2024-06-19,17,2,14.54,Entertainment,0
307,1055,2024-05-01,17,5,26.92,Entertainment,0
308,1063,2024-06-26,9,4,87.31,Utilities,0
309,1021,2024-03-29,8,2,60.57,Electronics,0
310,1066,2024-02-13,4,6,84.15,Food,0
311,1082,2024-03-09,7,6,122.81,Electronics,0
312,1086,2024-02-01,19,6,4879.51,Utilities,0
313,1025,2024-03-11,9,6,75.55,Travel,0
314,1000,2024-01-25,16,3,54.37,Food,0
315,1010,2024-04-20,2,5,42.2,Entertainment,1
316,1097,2024-03-25,9,3,41.16,Food,0
317,1095,2024-06-04,11,6,1944.22,Utilities,0
318,1004,2024-06-22,7,4,23.17,Entertainment,0
319,1069,2024-02-17,14,5,264.55,Electronics,0
320,1091,2024-05-21,15,4,18.76,Utilities,0
321,1099,2024-05-27,11,5,64.46,Entertainment,0
322,1078,2024-05-04,21,4,41.83,Entertainment,0
323,1018,2024-01-25,11,2,37.36,Electronics,0
324,1014,2024-01-05,11,2,83.16,Utilities,0
325,1025,2024-01-09,15,3,29.84,Food,0
326,1090,2024-04-23,15,1,78.84,Entertainment,0
327,1071,2024-02-29,10,6,253.08,Entertainment,0
328,1032,2024-01-24,10,0,25.55,Entertainment,0
329,1083,2024-03-02,17,1,59.35,Electronics,0
330,1010,2024-02-06,23,1,48.27,Utilities,0
331,1003,2024-06-18,23,1,41.16,Electronics,0
332,1017,2024-01-30,4,1,43.78,Healthcare,0
333,1005,2024-06-24,14,1,257.01,Food,0
334,1003,2024-03-05,10,0,159.97,Travel,0
335,1001,2024-02-21,19,0,44.84,Food,0
336,1050,2024-04-12,15,5,45.75,Travel,0
337,1044,2024-05-16,16,2,38.72,Entertainment,0
338,1014,2024-02-07,16,0,46.46,Electronics,0
339,1092,2024-06-10,13,3,99.79,Utilities,0
340,1041,2024-05-08,14,6,27.79,Utilities,0
341,1016,2024-01-10,12,2,1887.57,Utilities,0
342,1040,2024-06-01,8,5,18.29,Entertainment,0
343,1025,2024-04-17,23,4,57.47,Food,0
344,1015,2024-05-09,22,4,41.71,Utilities,0
345,1038,2024-03-29,22,3,23.34,Food,0
346,1015,2024-06-01,23,0,253.01,Travel,1
347,1021,2024-03-19,16,3,60.85,Electronics,0
348,1058,2024-06-20,20,1,131.54,Food,0
349,1083,2024-02-20,2,4,45.97,Utilities,0
350,1004,2024-02-23,9,0,20.63,Electronics,0
351,1051,2024-06-09,0,3,422.49,Entertainment,1
352,1057,2024-03-25,4,0,76.41,Entertainment,0
353,1086,2024-04-04,9,1,64.51,Entertainment,0
354,1074,2024-03-29,14,2,41.58,Healthcare,0
355,1056,2024-04-17,23,1,158.77,Entertainment,0
356,1067,2024-03-13,16,3,12.98,Healthcare,0
357,1001,2024-04-13,9,4,242.63,Utilities,0
358,1038,2024-06-03,18,5,63.29,Healthcare,0
359,1058,2024-02-18,15,4,10.57,Utilities,0
360,1003,2024-01-21,6,5,67.77,Electronics,0
361,1034,2024-06-11,17,5,119.92,Entertainment,0
362,1011,2024-02-26,8,1,164.16,Electronics,0
363,1082,2024-06-02,21,2,52.18,Healthcare,0
364,1019,2024-01-04,14,0,179.81,Travel,0
365,1037,2024-03-29,20,5,24.55,Healthcare,0
366,1029,2024-05-26,12,3,57.01,Entertainment,0
367,1047,2024-05-03,19,4,24.32,Healthcare,0
368,1008,2024-01-18,17,1,60.78,Food,0
369,1028,2024-03-24,18,3,48.38,Entertainment,0
370,1020,2024-04-03,11,6,9.28,Utilities,0
371,1088,2024-02-06,2,5,51.04,Travel,1
372,1040,2024-05-23,14,6,72.46,Utilities,0
373,1024,2024-06-24,20,5,50.26,Food,0
374,1054,2024-02-28,6,5,27.97,Travel,0
375,1085,2024-03-03,15,3,63.05,Food,0
376,1094,2024-06-09,8,0,47.65,Healthcare,0
377,1034,2024-02-25,13,4,38.59,Healthcare,0
378,1027,2024-06-14,17,3,57.65,Utilities,0
379,1036,2024-02-12,19,3,50.5,Electronics,0
380,1011,2024-06-07,22,4,26.6,Healthcare,0
381,1025,2024-04-17,13,5,26.99,Food,0
382,1052,2024-01-03,23,2,158.17,Entertainment,0
383,1046,2024-06-10,14,4,15.17,Utilities,0
384,1066,2024-05-27,18,6,1097.16,Food,0
385,1012,2024-01-09,12,5,38.13,Healthcare,0
386,1045,2024-05-02,19,3,93.9,Electronics,0
387,1053,2024-04-09,20,4,37.83,Utilities,0
388,1051,2024-05-22,22,2,65.6,Electronics,0
389,1078,2024-03-17,14,6,56.57,Travel,0
390,1090,2024-02-09,11,1,117.67,Utilities,0
391,1044,2024-03-27,22,1,55.47,Food,0
392,1039,2024-01-03,7,0,39.39,Food,0
393,1071,2024-05-09,15,0,23.89,Healthcare,0
394,1084,2024-02-12,11,3,41.03,Utilities,0
395,1071,2024-01-08,15,1,91.34,Food,0
396,1024,2024-06-28,23,0,62.41,Food,1
397,1074,2024-05-22,14,6,19.3,Food,0
398,1076,2024-02-21,6,4,75.09,Food,0
399,1061,2024-01-29,15,6,24.19,Food,0
400,1034,2024-04-27,11,6,67.08,Electronics,0
401,1062,2024-06-27,21,0,81.02,Food,0
402,1056,2024-01-20,6,5,12.86,Food,0
403,1066,2024-03-03,15,1,79.08,Food,0
404,1068,2024-05-22,10,1,78.79,Healthcare,0
405,1088,2024-06-08,20,0,7.35,Food,0
406,1046,2024-06-03,1,4,118.29,Food,1
407,1009,2024-04-21,11,1,22.64,Travel,0
408,1003,2024-01-19,9,0,19.92,Entertainment,0
409,1038,2024-04-25,10,1,21.33,Healthcare,0
410,1083,2024-05-08,17,2,19.44,Entertainment,0
411,1091,2024-06-17,21,6,96.71,Food,0
412,1002,2024-05-08,11,2,84.85,Food,0
413,1080,2024-03-25,4,6,241.08,Travel,0
414,1057,2024-03-22,11,5,136.72,Electronics,0
415,1078,2024-05-09,14,1,123.41,Entertainment,0
416,1032,2024-02-06,10,6,97.34,Utilities,0
417,1022,2024-01-08,11,3,18.28,Healthcare,0
418,1044,2024-04-08,17,2,10.9,Electronics,0
419,1043,2024-01-11,14,0,34.86,Travel,0
420,1061,2024-02-13,17,3,96.39,Utilities,0
421,1095,2024-05-20,14,3,58.39,Utilities,0
422,1027,2024-05-02,11,5,121.27,Food,0
423,1049,2024-05-08,8,5,21.23,Healthcare,0
424,1016,2024-06-24,17,6,2194.46,Food,0
425,1087,2024-06-05,1,4,33.4,Healthcare,0
426,1025,2024-06-17,13,3,6.71,Entertainment,0
427,1087,2024-03-29,13,6,19.01,Food,0
428,1056,2024-01-18,18,5,54.73,Food,0
429,1038,2024-05-19,12,1,61.77,Electronics,0
430,1004,2024-05-17,10,6,48.18,Food,0
431,1000,2024-03-02,7,5,44.73,Utilities,0
432,1053,2024-02-16,14,4,37.58,Travel,0
433,1072,2024-01-15,17,2,85.74,Entertainment,0
434,1017,2024-05-16,16,5,22.34,Utilities,0
435,1085,2024-04-14,18,4,63.87,Entertainment,0
436,1009,2024-01-29,0,6,36.51,Electronics,1
437,1067,2024-03-20,22,1,54.93,Food,0
438,1016,2024-04-05,18,6,59.38,Food,0
439,1021,2024-04-04,17,1,99.85,Food,0
440,1095,2024-05-31,11,5,29.42,Utilities,0
441,1050,2024-04-30,18,2,56.12,Utilities,0
442,1070,2024-02-06,23,5,15.26,Entertainment,0
443,1049,2024-04-10,13,5,148.24,Entertainment,0
444,1008,2024-01-20,18,6,57.37,Utilities,0
445,1005,2024-05-07,15,4,59.65,Healthcare,0
446,1060,2024-01-09,23,6,157.76,Travel,0
447,1015,2024-04-26,5,4,148.13,Electronics,0
448,1099,2024-02-09,16,3,110.29,Food,0
449,1015,2024-06-22,22,1,216.43,Electronics,0
450,1077,2024-01-17,14,2,214.89,Travel,0
451,1098,2024-03-23,13,4,74.17,Healthcare,0
452,1069,2024-04-21,5,0,88.03,Electronics,0
453,1048,2024-06-07,10,5,89.53,Utilities,0
454,1045,2024-01-10,16,0,57.64,Entertainment,0
455,1095,2024-03-29,12,4,77.21,Electronics,0
456,1077,2024-03-17,19,6,18.15,Entertainment,0
457,1066,2024-01-15,5,4,178.73,Healthcare,0
458,1008,2024-06-05,19,1,113.25,Utilities,0
459,1068,2024-01-25,14,5,49.06,Food,0
460,1009,2024-01-02,8,5,138.64,Utilities,0
461,1012,2024-02-01,17,2,21.91,Entertainment,0
462,1062,2024-01-14,5,2,50.61,Food,0
463,1090,2024-04-10,13,3,119.41,Travel,0
464,1051,2024-04-11,0,1,22.42,Entertainment,1
465,1097,2024-02-28,10,3,57.87,Electronics,0
466,1028,2024-03-25,10,3,141.47,Food,0
467,1082,2024-04-24,15,2,741.77,Food,0
468,1041,2024-01-03,20,3,29.2,Electronics,0
469,1098,2024-02-03,6,3,39.56,Food,0
470,1086,2024-01-17,5,1,40.04,Utilities,0
471,1055,2024-05-22,9,1,37.21,Utilities,0
472,1050,2024-06-16,16,5,34.36,Electronics,0
473,1045,2024-02-27,11,0,755.13,Food,0
474,1073,2024-06-07,18,4,2437.32,Travel,0
475,1018,2024-05-18,20,5,189.81,Food,0
476,1010,2024-03-28,6,3,29.93,Utilities,0
477,1098,2024-06-11,13,6,53.34,Travel,0
478,1024,2024-06-15,12,2,5.0,Travel,0
479,1007,2024-02-10,13,1,43.76,Electronics,0
480,1083,2024-02-27,11,3,280.18,Food,0
481,1043,2024-01-19,13,3,122.07,Utilities,0
482,1058,2024-05-25,23,3,19.45,Travel,1
483,1043,2024-03-05,17,4,67.08,Travel,0
484,1004,2024-06-04,10,6,38.29,Entertainment,0
485,1030,2024-03-17,0,4,6.89,Healthcare,0
486,1057,2024-02-21,10,1,51.15,Entertainment,0
487,1019,2024-05-03,23,0,64.4,Entertainment,1
488,1088,2024-05-16,7,6,14.74,Food,0
489,1021,2024-03-11,5,6,62.41,Utilities,0
490,1014,2024-03-19,18,4,101.49,Food,0
491,1017,2024-01-18,15,0,10.35,Food,0
492,1050,2024-02-05,23,1,79.75,Food,1
493,1025,2024-02-02,7,3,25.26,Travel,0
494,1022,2024-02-17,8,6,25.12,Entertainment,0
495,1069,2024-03-28,16,0,172.26,Electronics,0
496,1035,2024-01-12,14,6,43.35,Electronics,0
497,1018,2024-06-17,13,4,66.37,Food,0
498,1043,2024-02-19,13,2,84.01,Food,0
499,1052,2024-06-21,10,1,156.21,Utilities,0
500,1005,2024-04-19,10,2,188.95,Healthcare,0
501,1092,2024-03-23,14,3,72.02,Electronics,0
502,1068,2024-03-04,22,6,37.08,Electronics,0
503,1083,2024-01-14,3,2,137.7,Travel,0
504,1091,2024-04-05,13,1,6901.22,Food,0
505,1077,2024-05-23,8,5,97.46,Utilities,0
506,1096,2024-01-10,23,0,132.36,Food,0
507,1039,2024-04-28,14,1,33.56,Food,0
508,1096,2024-02-02,12,5,50.07,Food,0
509,1005,2024-06-02,15,6,10.83,Electronics,0
510,1049,2024-03-10,11,4,29.81,Food,0
511,1011,2024-02-10,14,1,19.92,Utilities,0
512,1077,2024-02-26,18,2,32.45,Utilities,0
513,1061,2024-02-09,12,6,12.81,Travel,0
514,1084,2024-02-28,20,6,100.05,Utilities,0
515,1019,2024-05-31,15,6,28.72,Entertainment,0
516,1066,2024-05-22,11,1,23.59,Utilities,0
517,1096,2024-01-16,14,0,149.46,Electronics,0
518,1007,2024-06-18,17,6,224.41,Utilities,0
519,1064,2024-04-26,6,3,65.16,Entertainment,0
520,1019,2024-01-12,10,1,29.79,Entertainment,0
521,1046,2024-03-06,13,5,126.68,Food,0
522,1021,2024-02-25,13,2,44.87,Food,0
523,1016,2024-04-30,12,4,42.81,Travel,0
524,1061,2024-04-30,13,1,189.96,Healthcare,0
525,1078,2024-02-11,0,0,22.62,Utilities,1
526,1073,2024-05-07,15,6,41.7,Food,0
527,1062,2024-05-03,18,3,65.55,Food,0
528,1043,2024-03-03,16,5,29.64,Food,0
529,1077,2024-06-14,14,2,15.27,Electronics,0
530,1075,2024-05-29,15,6,89.51,Healthcare,0
531,1007,2024-02-27,8,1,84.52,Electronics,0
532,1092,2024-06-19,15,5,31.96,Utilities,0
533,1062,2024-01-19,17,1,29.4,Utilities,0
534,1059,2024-05-30,11,4,259.58,Food,0
535,1003,2024-06-23,17,2,12.6,Utilities,0
536,1080,2024-06-19,14,6,92.09,Food,0
537,1096,2024-02-12,15,4,67.95,Entertainment,0
538,1041,2024-04-23,10,2,86.14,Utilities,0
539,1011,2024-03-26,12,6,36.81,Food,0
540,1092,2024-06-20,10,5,46.96,Healthcare,0
541,1058,2024-03-01,11,3,55.39,Entertainment,0
542,1056,2024-04-03,16,5,25.55,Utilities,0
543,1085,2024-06-24,13,0,23.02,Utilities,0
544,1020,2024-06-21,17,2,52.61,Utilities,0
545,1081,2024-01-29,17,4,29.55,Electronics,0
546,1098,2024-04-21,17,0,5984.64,Travel,0
547,1033,2024-06-02,14,1,103.5,Electronics,0
548,1045,2024-04-15,16,2,28.37,Food,0
549,1010,2024-02-25,4,1,72.77,Utilities,0
550,1006,2024-02-05,19,3,264.03,Food,0
551,1027,2024-01-03,18,2,24.4,Utilities,0
552,1058,2024-01-13,16,2,69.74,Healthcare,0
553,1021,2024-04-25,15,2,54.84,Electronics,0
554,1008,2024-01-13,20,6,34.22,Utilities,0
555,1047,2024-04-09,19,5,103.59,Electronics,0
556,1096,2024-05-04,14,1,111.34,Healthcare,0
557,1098,2024-01-09,14,3,48.57,Healthcare,0
558,1067,2024-02-09,16,2,46.78,Travel,0
559,1082,2024-05-23,17,2,28.77,Food,0
560,1063,2024-03-29,7,6,106.2,Food,0
561,1004,2024-05-08,21,0,50.28,Food,0
562,1077,2024-04-07,23,4,108.65,Utilities,0
563,1035,2024-04-04,20,0,260.12,Travel,0
564,1096,2024-05-03,4,2,42.63,Electronics,0
565,1082,2024-01-04,15,3,46.18,Utilities,0
566,1081,2024-05-02,15,0,53.15,Entertainment,0
567,1035,2024-03-30,4,2,77.7,Utilities,0
568,1090,2024-01-10,8,2,60.85,Entertainment,0
569,1016,2024-01-25,18,5,97.0,Electronics,0
570,1063,2024-06-20,12,2,14.34,Electronics,0
571,1038,2024-01-10,11,4,24.63,Utilities,0
572,1029,2024-02-09,12,5,42.99,Electronics,0
573,1035,2024-06-08,12,5,34.03,Electronics,0
574,1074,2024-03-07,14,2,65.04,Food,0
575,1084,2024-03-09,15,0,24.63,Travel,0
576,1014,2024-06-19,11,4,28.64,Entertainment,0
577,1066,2024-05-27,21,0,159.94,Healthcare,0
578,1098,2024-01-14,16,2,27.92,Food,0
579,1053,2024-01-10,14,3,95.09,Healthcare,0
580,1026,2024-02-03,12,2,8.13,Utilities,0
581,1053,2024-06-22,2,5,31.4,Entertainment,0
582,1034,2024-04-03,13,3,75.39,Healthcare,0
583,1037,2024-02-05,15,6,23.2,Entertainment,0
584,1046,2024-03-29,11,2,38.81,Utilities,0
585,1049,2024-02-03,21,6,20.71,Entertainment,0
586,1045,2024-05-27,12,1,41.69,Travel,0
587,1050,2024-04-03,13,2,28.36,Food,0
588,1092,2024-05-14,23,2,49.58,Food,1
589,1010,2024-04-04,9,3,3159.37,Food,0
590,1037,2024-06-27,15,4,129.82,Travel,0
591,1031,2024-01-23,8,5,79.06,Food,0
592,1060,2024-03-19,9,5,34.99,Travel,0
593,1039,2024-01-01,15,1,18.76,Entertainment,0
594,1039,2024-02-08,15,4,693.99,Food,0
595,1057,2024-03-10,18,2,76.57,Food,0
596,1098,2024-01-12,19,3,59.37,Food,0
597,1057,2024-01-18,13,3,24.47,Entertainment,0
598,1082,2024-04-06,6,2,12.22,Entertainment,0
599,1093,2024-04-15,21,0,18.19,Utilities,0
600,1033,2024-06-10,14,4,215.76,Food,0
