order_id,customer_id,order_date,category,unit_price,quantity,total_amount,channel,returned,rating
10001,871,2023-06-17,Electronics,165.21,3,495.63,Mobile,0,4
10002,163,2023-11-09,Home & Garden,29.09,3,87.27,Mobile,0,5
10003,871,2023-02-25,Clothing,106.29,1,106.29,Web,0,3
10004,612,2023-10-22,Toys,5,1,5,In-Store,0,5
10005,485,2023-10-26,Sports,46.33,1,46.33,Web,0,4
10006,523,2023-01-21,Home & Garden,41.99,1,41.99,Web,0,1
10007,296,2023-10-30,Toys,52.51,1,52.51,Mobile,0,4
10008,961,2023-09-08,Electronics,143.2,3,429.6,Web,0,
10009,600,2023-02-09,Books,5,1,5,In-Store,0,5
10010,454,2023-09-10,Electronics,180.89,1,180.89,Mobile,0,4
10011,466,2023-08-23,Home & Garden,105.3,1,105.3,In-Store,0,4
10012,412,2023-11-19,Electronics,148.1,3,444.3,In-Store,0,4
10013,785,2023-07-26,Electronics,5,3,15,Mobile,0,5
10014,645,2023-03-31,Toys,52.09,1,52.09,In-Store,1,4
10015,144,2023-06-30,Clothing,21.39,1,21.39,Mobile,0,3
10016,641,2023-04-10,Electronics,159.39,2,318.78,In-Store,0,3
10017,976,2023-01-08,Toys,24.05,4,96.2,Mobile,1,2
10018,594,2023-12-07,Clothing,17.04,4,68.16,Web,0,4
10019,977,2023-10-10,Electronics,218.06,1,218.06,In-Store,0,5
10020,976,2023-01-18,Clothing,72.8,4,291.2,Web,0,4
10021,976,2023-08-11,Clothing,31.22,2,62.44,Mobile,0,5
10022,446,2023-10-23,Books,5,2,10,Mobile,0,
10023,104,2023-03-19,Electronics,10.43,5,52.15,In-Store,0,3
10024,189,2023-08-17,Sports,59.74,1,59.74,Web,0,
10025,425,2023-05-30,Toys,5,4,20,Mobile,0,5
10026,388,2023-11-28,Toys,35.55,1,35.55,Mobile,0,5
10027,569,2023-04-30,Electronics,5,2,10,In-Store,0,5
10028,238,2023-06-07,Toys,11.12,1,11.12,Web,0,5
10029,855,2023-08-02,Toys,10.71,2,21.42,Web,0,5
10030,253,2023-02-11,Sports,99.55,1,99.55,Web,0,5
10031,164,2023-04-01,Clothing,37.45,3,112.35,Mobile,0,5
10032,261,2023-11-11,Toys,25.57,4,102.28,Mobile,0,5
10033,244,2023-05-20,Sports,24.06,1,24.06,Web,0,3
10034,937,2023-01-17,Books,53.16,3,159.48,Mobile,1,5
10035,196,2023-12-14,Home & Garden,5,1,5,Mobile,0,4
10036,501,2023-12-26,Electronics,53.6,1,53.6,Web,0,2
10037,315,2023-01-10,Books,16.94,1,16.94,Mobile,1,4
10038,141,2023-12-27,Clothing,50.21,1,50.21,Mobile,0,5
10039,372,2023-07-06,Toys,50.75,1,50.75,Web,0,5
10040,743,2023-12-20,Electronics,230.58,1,230.58,Mobile,0,3
10041,760,2023-11-26,Clothing,100.64,1,100.64,In-Store,0,5
10042,283,2023-03-21,Clothing,41.82,1,41.82,Web,0,5
10043,198,2023-06-19,Toys,41.93,3,125.79,Web,0,4
10044,831,2023-12-30,Sports,111.14,1,111.14,Web,0,5
10045,834,2023-02-17,Toys,32.25,1,32.25,In-Store,0,5
10046,652,2023-01-24,Toys,19.87,1,19.87,Web,0,4
10047,548,2023-09-26,Clothing,47.37,1,47.37,Mobile,0,5
10048,258,2023-05-24,Clothing,26.2,2,52.4,Mobile,0,3
10049,151,2023-05-09,Electronics,118.56,1,118.56,Mobile,0,4
10050,757,2023-08-22,Toys,50.33,4,201.32,In-Store,0,4
10051,477,2023-03-06,Sports,47.12,1,47.12,Mobile,0,4
10052,924,2023-12-03,Toys,60.36,3,181.08,Web,0,4
10053,642,2023-02-08,Home & Garden,5,1,5,Mobile,0,4
10054,525,2023-10-01,Sports,47.29,1,47.29,Web,1,1
10055,921,2023-01-27,Books,14.07,1,14.07,Web,0,2
10056,546,2023-04-21,Electronics,219.11,3,657.33,Mobile,0,5
10057,491,2023-12-30,Sports,73.38,1,73.38,In-Store,0,3
10058,965,2023-10-27,Home & Garden,5,2,10,Web,0,4
10059,225,2023-01-22,Sports,70.67,3,212.01,Mobile,0,4
10060,749,2023-06-26,Toys,26.41,1,26.41,Mobile,0,2
10061,673,2023-11-07,Toys,30.94,3,92.82,In-Store,1,2
10062,672,2023-03-30,Toys,29.23,3,87.69,Web,0,5
10063,538,2023-01-31,Home & Garden,165.75,1,165.75,Web,0,5
10064,810,2023-02-11,Clothing,48.19,1,48.19,Web,1,3
10065,251,2023-07-28,Electronics,342.77,1,342.77,Mobile,0,4
10066,586,2023-11-23,Toys,5.22,1,5.22,Web,0,
10067,210,2023-03-07,Electronics,74.24,3,222.72,Web,0,5
10068,821,2023-03-20,Clothing,78.36,1,78.36,Mobile,0,5
10069,669,2023-06-21,Toys,44.91,1,44.91,Web,0,3
10070,991,2023-02-03,Toys,13.15,1,13.15,Web,0,4
10071,759,2023-08-15,Books,14.66,2,29.32,Web,0,3
10072,320,2023-07-06,Books,29.22,2,58.44,Web,0,5
10073,265,2023-06-07,Electronics,390.92,2,781.84,Web,0,5
10074,913,2023-10-12,Home & Garden,14.94,1,14.94,Web,0,3
10075,991,2023-01-05,Electronics,5,3,15,Mobile,0,4
10076,167,2023-08-12,Sports,80.36,2,160.72,Mobile,0,4
10077,156,2023-04-18,Home & Garden,93.32,1,93.32,Web,0,5
10078,847,2023-12-24,Toys,13.84,2,27.68,Mobile,0,5
10079,375,2023-09-29,Toys,43.15,1,43.15,Web,0,5
10080,716,2023-11-21,Toys,5,1,5,Mobile,0,4
10081,807,2023-12-21,Home & Garden,98.97,1,98.97,Web,0,4
10082,320,2023-12-22,Clothing,44.75,1,44.75,Web,0,2
10083,803,2023-12-14,Electronics,179.42,1,179.42,In-Store,0,4
10084,616,2023-05-08,Toys,53.53,1,53.53,Web,0,4
10085,636,2023-02-07,Home & Garden,52.9,1,52.9,Mobile,0,5
10086,860,2023-03-02,Clothing,5,1,5,Mobile,0,4
10087,920,2023-01-26,Toys,28.99,1,28.99,Mobile,0,2
10088,497,2023-05-20,Books,32.68,1,32.68,Mobile,0,4
10089,198,2023-06-25,Books,35.69,2,71.38,Mobile,0,3
10090,220,2023-04-27,Home & Garden,216.47,1,216.47,Web,0,5
10091,564,2023-09-23,Toys,23.43,1,23.43,In-Store,0,5
10092,254,2023-09-23,Clothing,42.73,1,42.73,Web,0,5
10093,763,2023-01-17,Clothing,5,2,10,In-Store,1,1
10094,270,2023-07-18,Books,28.46,1,28.46,Mobile,0,5
10095,443,2023-03-07,Home & Garden,117.18,4,468.72,Web,0,4
10096,869,2023-10-07,Books,18.41,1,18.41,Web,0,2
10097,558,2023-02-23,Electronics,213.45,4,853.8,Web,0,3
10098,479,2023-07-31,Toys,43.0,2,86.0,Web,0,4
10099,202,2023-11-25,Books,31.68,2,63.36,Web,0,4
10100,837,2023-10-21,Clothing,23.64,1,23.64,Web,0,4
10101,380,2023-04-27,Sports,60.9,4,243.6,In-Store,1,2
10102,777,2023-01-08,Home & Garden,138.55,1,138.55,Mobile,0,5
10103,749,2023-03-26,Electronics,75.21,2,150.42,Web,0,4
10104,603,2023-08-12,Electronics,128.15,2,256.3,Web,0,5
10105,153,2023-11-06,Sports,16.94,1,16.94,Web,0,4
10106,508,2023-04-21,Sports,18.18,1,18.18,Mobile,0,
10107,340,2023-12-31,Clothing,48.71,1,48.71,Mobile,0,5
10108,308,2023-08-19,Toys,66.73,1,66.73,Web,0,4
10109,206,2023-06-08,Sports,74.69,3,224.07,Mobile,0,
10110,369,2023-07-31,Electronics,71.25,1,71.25,Web,0,
10111,227,2023-09-24,Sports,10.86,1,10.86,Web,0,4
10112,427,2023-11-02,Books,21.41,1,21.41,Web,0,4
10113,176,2023-12-20,Electronics,446.76,1,446.76,Web,0,5
10114,904,2023-09-13,Home & Garden,18.71,1,18.71,Web,0,4
10115,672,2023-08-16,Toys,20.2,2,40.4,Mobile,0,5
10116,213,2023-03-04,Toys,14.87,1,14.87,Web,0,4
10117,948,2023-12-20,Books,13.12,1,13.12,Mobile,0,4
10118,923,2023-04-18,Electronics,141.45,1,141.45,Web,0,4
10119,658,2023-06-14,Books,26.98,2,53.96,Web,0,4
10120,340,2023-07-19,Books,5,1,5,Web,0,4
10121,682,2023-07-09,Electronics,281.45,2,562.9,Web,1,3
10122,826,2023-10-04,Books,46.89,1,46.89,Mobile,0,5
10123,483,2023-04-25,Toys,35.41,2,70.82,Mobile,0,3
10124,631,2023-06-08,Electronics,297.24,1,297.24,Web,0,3
10125,597,2023-07-10,Books,33.6,1,33.6,Web,0,4
10126,324,2023-12-26,Home & Garden,62.34,2,124.68,Web,0,1
10127,343,2023-09-01,Clothing,21.5,1,21.5,Mobile,0,3
10128,511,2023-07-22,Electronics,318.15,1,318.15,Mobile,0,4
10129,200,2023-04-05,Books,21.8,2,43.6,In-Store,0,5
10130,791,2023-08-11,Home & Garden,116.28,1,116.28,Web,0,4
10131,924,2023-02-16,Sports,35.83,1,35.83,Web,0,5
10132,679,2023-08-18,Sports,100.12,1,100.12,Web,0,3
10133,937,2023-02-15,Clothing,31.04,2,62.08,Web,0,4
10134,215,2023-03-13,Books,22.1,2,44.2,Web,1,2
10135,428,2023-09-12,Books,29.62,2,59.24,In-Store,0,5
10136,849,2023-01-09,Electronics,82.1,1,82.1,In-Store,0,4
10137,786,2023-07-04,Clothing,134.47,2,268.94,Mobile,0,3
10138,647,2023-02-06,Toys,18.07,2,36.14,In-Store,0,4
10139,299,2023-05-20,Clothing,90.43,2,180.86,Web,0,4
10140,835,2023-07-20,Clothing,77.59,2,155.18,Web,0,5
10141,830,2023-07-10,Home & Garden,77.02,1,77.02,Web,0,4
10142,969,2023-03-27,Electronics,130.7,1,130.7,Mobile,1,3
10143,817,2023-09-18,Books,39.68,1,39.68,Web,0,4
10144,377,2023-04-15,Clothing,25.7,2,51.4,In-Store,1,1
10145,738,2023-04-29,Electronics,182.1,1,182.1,Mobile,0,4
10146,659,2023-12-31,Electronics,545.02,2,1090.04,Web,0,5
10147,891,2023-07-01,Home & Garden,73.64,3,220.92,Web,0,5
10148,768,2023-02-11,Electronics,263.23,1,263.23,Web,1,3
10149,291,2023-03-26,Books,32.76,4,131.04,Mobile,0,5
10150,938,2023-08-06,Books,26.26,3,78.78,Mobile,0,4
10151,806,2023-05-11,Clothing,42.07,1,42.07,Web,0,5
10152,426,2023-09-10,Sports,41.05,1,41.05,Web,0,5
10153,402,2023-03-06,Books,8.27,5,41.35,Mobile,0,4
10154,938,2023-07-30,Sports,110.82,3,332.46,Web,0,3
10155,558,2023-03-09,Clothing,67.74,1,67.74,Mobile,0,4
10156,346,2023-05-03,Sports,100.4,1,100.4,In-Store,0,3
10157,110,2023-04-19,Electronics,5,3,15,Mobile,0,3
10158,966,2023-07-21,Books,22.79,1,22.79,Mobile,0,5
10159,637,2023-04-04,Clothing,34.91,1,34.91,In-Store,1,3
10160,338,2023-09-06,Home & Garden,104.97,1,104.97,Web,0,5
10161,362,2023-10-09,Home & Garden,131.96,1,131.96,Mobile,0,4
10162,320,2023-11-13,Books,14.28,1,14.28,Web,0,2
10163,502,2023-03-01,Books,12.53,2,25.06,Web,0,2
10164,496,2023-03-20,Toys,23.74,4,94.96,Mobile,0,5
10165,665,2023-05-13,Home & Garden,139.19,2,278.38,In-Store,0,3
10166,127,2023-01-08,Electronics,282.59,3,847.77,Web,0,3
10167,807,2023-05-18,Electronics,318.14,1,318.14,Mobile,1,3
10168,914,2023-09-26,Toys,17.55,5,87.75,In-Store,0,5
10169,957,2023-03-17,Electronics,293.86,3,881.58,In-Store,0,5
10170,892,2023-07-28,Clothing,29.28,1,29.28,Mobile,0,5
10171,353,2023-10-18,Electronics,236.43,1,236.43,Mobile,0,2
10172,563,2023-07-21,Books,6.79,2,13.58,Web,0,5
10173,237,2023-04-26,Home & Garden,145.33,4,581.32,Mobile,0,3
10174,784,2023-01-17,Electronics,326.7,1,326.7,Web,0,5
10175,557,2023-07-02,Electronics,255.04,1,255.04,Web,0,4
10176,498,2023-01-25,Sports,5,1,5,Web,0,3
10177,169,2023-04-21,Sports,97.47,5,487.35,Mobile,0,4
10178,801,2023-10-24,Electronics,289.71,3,869.13,Web,0,3
10179,676,2023-06-15,Books,25.21,3,75.63,Web,0,4
10180,729,2023-04-24,Home & Garden,78.57,4,314.28,In-Store,0,4
10181,991,2023-08-20,Books,9.45,3,28.35,Mobile,0,3
10182,809,2023-03-11,Toys,23.31,5,116.55,Mobile,0,4
10183,765,2023-08-02,Clothing,53.81,2,107.62,Mobile,0,5
10184,153,2023-07-16,Books,9.25,2,18.5,Mobile,0,5
10185,491,2023-11-04,Books,32.04,1,32.04,Mobile,1,3
10186,300,2023-04-29,Electronics,502.59,1,502.59,Web,0,4
10187,992,2023-01-27,Home & Garden,5,1,5,Mobile,0,5
10188,586,2023-07-15,Home & Garden,64.49,1,64.49,Mobile,0,4
10189,955,2023-03-28,Sports,27.25,2,54.5,Web,0,5
10190,733,2023-09-25,Clothing,36.73,4,146.92,Web,0,5
10191,419,2023-08-05,Books,20.48,3,61.44,Mobile,0,3
10192,400,2023-12-23,Clothing,9.54,1,9.54,Web,1,3
10193,281,2023-09-05,Toys,19.01,1,19.01,In-Store,0,5
10194,741,2023-10-16,Clothing,5,2,10,Mobile,0,5
10195,882,2023-11-10,Toys,45.76,1,45.76,Mobile,0,4
10196,342,2023-08-30,Home & Garden,67.11,2,134.22,Mobile,0,5
10197,252,2023-02-09,Toys,12.31,5,61.55,In-Store,0,
10198,783,2023-11-19,Home & Garden,131.36,1,131.36,Mobile,0,5
10199,406,2023-02-05,Sports,100.77,1,100.77,Web,0,5
10200,198,2023-05-09,Clothing,5,2,10,Mobile,0,4
10201,580,2023-10-16,Home & Garden,101.1,2,202.2,In-Store,0,4
10202,178,2023-04-22,Sports,89.16,1,89.16,Web,1,3
10203,719,2023-08-02,Clothing,38.08,1,38.08,In-Store,0,2
10204,622,2023-08-02,Clothing,56.03,1,56.03,Web,0,4
10205,241,2023-08-05,Books,34.12,1,34.12,Mobile,0,5
10206,677,2023-07-03,Sports,14.5,3,43.5,Web,0,5
10207,283,2023-11-19,Home & Garden,107.08,1,107.08,In-Store,1,1
10208,950,2023-05-25,Books,33.9,2,67.8,Mobile,0,5
10209,882,2023-08-20,Sports,38.7,1,38.7,Web,0,5
10210,463,2023-10-03,Home & Garden,122.89,1,122.89,Web,0,4
10211,108,2023-08-26,Electronics,328.64,2,657.28,Mobile,0,5
10212,972,2023-08-24,Sports,5,4,20,Web,0,5
10213,298,2023-11-21,Books,12.95,1,12.95,Mobile,0,1
10214,146,2023-09-29,Books,5,1,5,Web,0,3
10215,727,2023-05-04,Home & Garden,54.26,1,54.26,Web,0,3
10216,210,2023-11-29,Books,15.15,2,30.3,Web,0,5
10217,198,2023-03-08,Toys,16.19,1,16.19,Web,0,3
10218,492,2023-12-24,Toys,37.35,3,112.05,In-Store,0,4
10219,218,2023-07-29,Books,49.94,1,49.94,Web,0,5
10220,180,2023-05-17,Electronics,584.3,1,584.3,Web,0,5
10221,640,2023-09-05,Toys,9.1,3,27.3,Web,0,4
10222,647,2023-04-16,Home & Garden,184.95,3,554.85,Web,0,4
10223,957,2023-11-13,Books,28.72,1,28.72,Mobile,0,4
10224,980,2023-01-12,Home & Garden,75.37,2,150.74,Mobile,0,5
10225,662,2023-11-03,Clothing,5,1,5,Mobile,0,4
10226,653,2023-06-08,Books,26.17,2,52.34,Web,0,5
10227,328,2023-03-14,Home & Garden,86.6,3,259.8,Web,0,5
10228,749,2023-11-02,Sports,35.49,3,106.47,Web,0,5
10229,191,2023-05-30,Electronics,136.09,1,136.09,Mobile,0,3
10230,186,2023-03-17,Toys,5,1,5,Web,0,4
10231,694,2023-07-27,Home & Garden,180.14,3,540.42,Web,0,4
10232,806,2023-03-23,Toys,29.58,1,29.58,In-Store,0,4
10233,252,2023-08-24,Electronics,312.39,2,624.78,Mobile,0,5
10234,193,2023-06-22,Electronics,324.85,2,649.7,Web,0,3
10235,483,2023-09-20,Sports,67.13,2,134.26,In-Store,0,3
10236,400,2023-06-14,Clothing,66.72,1,66.72,In-Store,0,4
10237,150,2023-02-17,Clothing,82.19,2,164.38,Mobile,0,4
10238,180,2023-01-09,Home & Garden,5,3,15,Web,0,4
10239,981,2023-07-15,Books,48.35,2,96.7,Mobile,0,5
10240,297,2023-03-18,Home & Garden,14.6,1,14.6,Web,0,5
10241,194,2023-09-17,Home & Garden,71.55,1,71.55,In-Store,0,3
10242,570,2023-01-02,Clothing,101.68,4,406.72,Mobile,1,4
10243,290,2023-09-19,Clothing,21.31,1,21.31,Mobile,0,5
10244,604,2023-09-12,Sports,49.74,3,149.22,Mobile,0,4
10245,608,2023-10-11,Electronics,172.14,1,172.14,Mobile,0,4
10246,125,2023-08-18,Sports,49.4,2,98.8,Web,0,5
10247,890,2023-04-08,Electronics,208.38,5,1041.9,Mobile,0,4
10248,982,2023-11-17,Sports,156.96,2,313.92,Mobile,0,1
10249,562,2023-01-20,Clothing,95.9,1,95.9,Web,0,4
10250,928,2023-11-06,Sports,9.75,2,19.5,In-Store,1,3
10251,735,2023-02-23,Toys,29.41,1,29.41,Mobile,0,5
10252,967,2023-08-04,Home & Garden,99.98,1,99.98,In-Store,0,4
10253,822,2023-08-17,Clothing,50.23,2,100.46,Web,0,5
10254,475,2023-04-21,Toys,22.15,1,22.15,Web,0,3
10255,841,2023-12-31,Home & Garden,99.71,3,299.13,Web,0,2
10256,134,2023-02-14,Books,13.26,1,13.26,Web,0,5
10257,675,2023-04-12,Books,17.66,1,17.66,Web,0,5
10258,937,2023-08-31,Electronics,276.2,2,552.4,In-Store,0,5
10259,360,2023-10-28,Sports,55.46,2,110.92,Mobile,0,4
10260,350,2023-11-15,Clothing,42.14,1,42.14,Web,0,4
10261,163,2023-03-04,Home & Garden,77.3,1,77.3,Mobile,0,2
10262,313,2023-10-14,Sports,55.95,1,55.95,Web,0,2
10263,655,2023-03-03,Home & Garden,144.46,2,288.92,Web,0,5
10264,152,2023-07-24,Toys,29.71,3,89.13,In-Store,0,4
10265,526,2023-02-10,Toys,5,1,5,In-Store,0,5
10266,145,2023-04-26,Sports,52.34,3,157.02,Web,0,5
10267,137,2023-10-27,Electronics,347.9,1,347.9,Web,0,1
10268,819,2023-01-30,Sports,56.06,1,56.06,Web,0,4
10269,481,2023-08-31,Toys,8.44,3,25.32,In-Store,0,4
10270,658,2023-03-19,Home & Garden,157.86,1,157.86,Web,0,5
10271,341,2023-10-08,Books,13.24,1,13.24,Web,0,4
10272,179,2023-11-24,Home & Garden,56.24,3,168.72,In-Store,0,
10273,441,2023-07-14,Electronics,307.14,4,1228.56,Web,0,3
10274,848,2023-12-10,Clothing,13.81,2,27.62,Mobile,0,5
10275,380,2023-10-06,Books,27.54,2,55.08,Mobile,0,1
10276,815,2023-04-02,Electronics,157.06,2,314.12,Web,0,4
10277,256,2023-08-19,Home & Garden,56.97,4,227.88,In-Store,0,4
10278,274,2023-02-22,Home & Garden,98.32,2,196.64,Web,0,5
10279,361,2023-02-09,Electronics,5,3,15,Web,1,3
10280,693,2023-03-15,Electronics,110.28,1,110.28,In-Store,0,5
10281,191,2023-11-27,Toys,26.52,1,26.52,Mobile,0,2
10282,187,2023-12-26,Sports,35.18,4,140.72,Mobile,0,5
10283,363,2023-12-31,Home & Garden,49.27,3,147.81,Web,0,2
10284,249,2023-07-21,Books,36.56,4,146.24,Mobile,0,5
10285,744,2023-06-18,Clothing,84.18,1,84.18,In-Store,0,4
10286,800,2023-11-17,Toys,30.6,3,91.8,Web,0,5
10287,477,2023-10-05,Clothing,25.68,1,25.68,Mobile,1,4
10288,749,2023-07-04,Sports,70.42,3,211.26,Web,0,5
10289,770,2023-07-30,Toys,19.49,3,58.47,Web,0,4
10290,769,2023-11-27,Books,11.09,2,22.18,Mobile,0,1
10291,344,2023-11-22,Home & Garden,111.53,2,223.06,Web,0,5
10292,912,2023-06-11,Books,24.05,1,24.05,Web,0,3
10293,695,2023-01-08,Electronics,263.01,1,263.01,Mobile,0,4
10294,175,2023-04-30,Home & Garden,51.55,1,51.55,Web,0,5
10295,960,2023-11-24,Books,41.96,1,41.96,Mobile,0,4
10296,407,2023-08-10,Books,31.85,1,31.85,Web,0,5
10297,728,2023-10-24,Sports,54.07,2,108.14,In-Store,0,5
10298,380,2023-01-11,Clothing,37.54,1,37.54,Web,0,5
10299,233,2023-07-13,Books,5,1,5,In-Store,0,3
10300,749,2023-11-14,Books,18.2,1,18.2,Mobile,0,2
10301,805,2023-03-14,Books,16.13,2,32.26,Mobile,0,5
10302,698,2023-03-26,Home & Garden,30.07,1,30.07,Mobile,0,2
10303,529,2023-07-28,Home & Garden,53.24,1,53.24,Mobile,0,4
10304,375,2023-05-01,Toys,54.77,2,109.54,Web,0,5
10305,119,2023-04-09,Sports,58.1,2,116.2,In-Store,0,4
10306,610,2023-07-04,Home & Garden,107.36,3,322.08,Mobile,0,5
10307,726,2023-02-07,Toys,20.75,5,103.75,Web,1,5
10308,960,2023-02-18,Books,29.27,3,87.81,Mobile,0,3
10309,213,2023-03-03,Toys,26.79,1,26.79,In-Store,0,4
10310,103,2023-07-16,Electronics,93.9,1,93.9,Web,0,1
10311,950,2023-03-14,Electronics,313.98,2,627.96,Mobile,0,5
10312,743,2023-12-11,Home & Garden,67.37,1,67.37,Mobile,0,5
10313,722,2023-11-27,Books,25.73,1,25.73,Web,0,2
10314,763,2023-05-26,Home & Garden,5,1,5,In-Store,0,4
10315,770,2023-04-21,Electronics,260.59,3,781.77,Web,1,3
10316,446,2023-07-29,Toys,31.41,1,31.41,Mobile,0,3
10317,928,2023-05-31,Books,39.67,2,79.34,Web,0,
10318,524,2023-04-22,Clothing,29.26,4,117.04,Mobile,0,4
10319,954,2023-03-01,Sports,9.37,1,9.37,Mobile,0,4
10320,284,2023-02-04,Electronics,5,3,15,Web,0,4
10321,989,2023-06-13,Electronics,66.79,3,200.37,Mobile,0,3
10322,827,2023-08-01,Clothing,96.43,4,385.72,In-Store,0,4
10323,521,2023-09-08,Books,17.25,3,51.75,Mobile,0,4
10324,924,2023-09-10,Sports,60.63,1,60.63,In-Store,1,2
10325,796,2023-03-31,Sports,113.34,2,226.68,In-Store,0,3
10326,532,2023-06-03,Electronics,5,5,25,In-Store,0,5
10327,826,2023-08-24,Home & Garden,87.49,1,87.49,Mobile,0,1
10328,165,2023-06-16,Home & Garden,5,4,20,Web,0,4
10329,758,2023-02-03,Home & Garden,148.51,3,445.53,Web,0,5
10330,886,2023-12-09,Books,5.24,1,5.24,Mobile,0,5
10331,434,2023-11-09,Electronics,160.47,1,160.47,Web,0,4
10332,308,2023-10-11,Toys,43.97,3,131.91,Web,0,5
10333,166,2023-08-22,Electronics,327.62,2,655.24,Web,0,3
10334,193,2023-10-22,Sports,21.9,1,21.9,Web,0,4
10335,481,2023-02-14,Home & Garden,154.17,2,308.34,Mobile,0,4
10336,847,2023-08-06,Books,5.39,2,10.78,In-Store,0,5
10337,837,2023-12-08,Home & Garden,16.54,2,33.08,Web,0,
10338,652,2023-08-22,Electronics,293.83,1,293.83,In-Store,0,
10339,823,2023-04-09,Toys,38.8,1,38.8,Web,0,3
10340,456,2023-12-03,Toys,26.27,1,26.27,Web,0,5
10341,234,2023-11-03,Toys,19.52,1,19.52,Web,0,5
10342,943,2023-05-11,Toys,47.47,1,47.47,In-Store,0,4
10343,720,2023-10-04,Clothing,48.8,1,48.8,In-Store,0,4
10344,223,2023-06-09,Sports,31.88,1,31.88,Mobile,0,5
10345,494,2023-04-25,Books,28.91,2,57.82,Mobile,0,3
10346,344,2023-01-03,Electronics,476.06,1,476.06,Web,0,5
10347,651,2023-03-01,Books,14.23,1,14.23,Mobile,1,1
10348,191,2023-09-19,Clothing,5,1,5,Web,0,4
10349,199,2023-11-10,Electronics,191.51,3,574.53,Mobile,0,5
10350,906,2023-11-25,Home & Garden,82.73,4,330.92,In-Store,0,5
10351,781,2023-10-06,Sports,107.77,2,215.54,Web,0,2
10352,863,2023-01-05,Books,16.21,1,16.21,Mobile,0,4
10353,559,2023-11-12,Sports,5,1,5,Mobile,0,5
10354,203,2023-03-26,Clothing,88.44,1,88.44,Web,0,4
10355,358,2023-04-16,Clothing,30.45,4,121.8,Mobile,0,4
10356,551,2023-03-17,Home & Garden,21.58,1,21.58,Web,0,5
10357,776,2023-08-13,Toys,44.43,1,44.43,Mobile,0,5
10358,703,2023-10-11,Electronics,397.33,1,397.33,In-Store,0,5
10359,248,2023-07-04,Books,13.97,1,13.97,Web,0,5
10360,141,2023-12-06,Books,20.02,2,40.04,Mobile,0,1
10361,442,2023-09-14,Toys,14.79,1,14.79,Web,1,2
10362,290,2023-01-25,Electronics,98.12,1,98.12,Web,0,5
10363,661,2023-10-25,Home & Garden,32.72,2,65.44,In-Store,0,2
10364,910,2023-03-08,Electronics,227.62,1,227.62,Mobile,0,4
10365,955,2023-04-11,Home & Garden,5,2,10,Mobile,1,3
10366,997,2023-10-07,Home & Garden,111.25,4,445.0,Mobile,0,4
10367,301,2023-03-26,Toys,9.46,5,47.3,Web,0,5
10368,747,2023-06-04,Books,38.48,4,153.92,Web,0,4
10369,310,2023-05-05,Toys,36.54,2,73.08,Web,0,5
10370,334,2023-08-29,Books,40.66,2,81.32,Web,0,3
10371,497,2023-03-11,Home & Garden,90.59,1,90.59,Web,0,3
10372,109,2023-03-04,Sports,56.03,3,168.09,Web,0,5
10373,890,2023-05-07,Toys,5.48,1,5.48,Web,0,3
10374,359,2023-04-07,Home & Garden,77.0,2,154.0,In-Store,0,4
10375,461,2023-05-25,Clothing,41.89,3,125.67,Mobile,1,3
10376,523,2023-03-19,Sports,71.33,3,213.99,Web,1,2
10377,498,2023-10-05,Clothing,42.2,2,84.4,Mobile,0,4
10378,542,2023-04-25,Books,35.41,2,70.82,Web,0,
10379,570,2023-06-17,Books,40.35,1,40.35,Web,0,2
10380,422,2023-02-06,Books,22.17,1,22.17,Web,1,1
10381,476,2023-10-17,Toys,5.73,1,5.73,In-Store,0,5
10382,708,2023-09-28,Sports,40.47,2,80.94,Web,0,3
10383,312,2023-01-27,Sports,27.04,1,27.04,Mobile,0,5
10384,272,2023-08-07,Electronics,371.52,1,371.52,In-Store,0,5
10385,304,2023-03-06,Toys,5,3,15,Web,0,5
10386,490,2023-03-08,Books,33.83,1,33.83,Web,0,3
10387,175,2023-08-26,Home & Garden,161.66,1,161.66,In-Store,0,5
10388,627,2023-04-02,Sports,75.64,2,151.28,Web,0,5
10389,836,2023-04-17,Toys,26.87,2,53.74,Web,0,4
10390,990,2023-11-01,Home & Garden,41.72,1,41.72,Web,0,5
10391,814,2023-08-20,Sports,58.03,1,58.03,In-Store,0,4
10392,324,2023-11-22,Clothing,59.71,1,59.71,Mobile,0,5
10393,579,2023-02-12,Clothing,5,1,5,Web,0,5
10394,499,2023-02-19,Electronics,110.26,1,110.26,Web,0,4
10395,822,2023-07-20,Electronics,256.73,1,256.73,Web,0,5
10396,876,2023-01-20,Sports,64.37,1,64.37,In-Store,0,3
10397,863,2023-10-02,Electronics,264.34,1,264.34,Web,0,4
10398,370,2023-03-23,Books,30.47,2,60.94,Web,0,4
10399,707,2023-07-17,Books,21.59,1,21.59,In-Store,0,5
10400,604,2023-09-28,Electronics,386.73,1,386.73,Web,0,4
10401,332,2023-10-18,Sports,79.68,3,239.04,Web,0,4
10402,302,2023-01-24,Electronics,112.75,3,338.25,Web,1,2
10403,418,2023-02-16,Home & Garden,131.89,2,263.78,Web,0,5
10404,440,2023-11-14,Home & Garden,42.74,1,42.74,Web,0,5
10405,512,2023-02-05,Clothing,47.7,1,47.7,Mobile,0,5
10406,533,2023-02-06,Books,32.56,1,32.56,Mobile,0,5
10407,686,2023-10-08,Sports,31.78,1,31.78,In-Store,0,5
10408,458,2023-11-28,Books,12.44,1,12.44,In-Store,0,4
10409,472,2023-07-01,Clothing,11.97,2,23.94,In-Store,0,2
10410,788,2023-01-06,Books,11.01,1,11.01,Mobile,0,5
10411,124,2023-12-13,Books,9.62,1,9.62,Mobile,0,5
10412,236,2023-08-12,Books,5,1,5,Mobile,0,5
10413,276,2023-01-29,Sports,90.32,1,90.32,Mobile,0,2
10414,751,2023-02-15,Clothing,31.32,3,93.96,Web,1,4
10415,234,2023-08-11,Books,35.32,4,141.28,Web,0,4
10416,995,2023-03-16,Home & Garden,119.92,3,359.76,Web,0,5
10417,638,2023-05-23,Books,11.51,1,11.51,Mobile,0,5
10418,852,2023-02-06,Toys,50.02,3,150.06,Mobile,0,5
10419,870,2023-10-09,Sports,131.35,2,262.7,Mobile,1,4
10420,533,2023-07-31,Home & Garden,170.05,2,340.1,Web,0,3
10421,112,2023-05-23,Clothing,89.04,1,89.04,Web,0,5
10422,876,2023-12-11,Toys,83.63,3,250.89,Mobile,0,5
10423,127,2023-03-12,Electronics,614.79,1,614.79,Mobile,0,5
10424,597,2023-06-22,Electronics,334.69,3,1004.07,Mobile,0,4
10425,365,2023-02-18,Sports,5,1,5,Web,0,5
10426,614,2023-02-07,Books,14.75,1,14.75,Web,0,
10427,481,2023-08-27,Toys,43.33,1,43.33,Mobile,0,1
10428,145,2023-08-11,Books,17.9,1,17.9,Mobile,0,5
10429,135,2023-08-14,Toys,55.05,1,55.05,Mobile,0,4
10430,165,2023-05-06,Clothing,76.91,2,153.82,Mobile,0,2
10431,136,2023-01-02,Home & Garden,115.9,1,115.9,Mobile,0,
10432,105,2023-07-14,Electronics,226.25,1,226.25,Web,0,5
10433,546,2023-11-17,Electronics,170.55,4,682.2,Web,0,4
10434,851,2023-05-17,Clothing,23.31,5,116.55,Mobile,0,4
10435,778,2023-10-07,Toys,58.29,2,116.58,In-Store,0,5
10436,298,2023-10-10,Electronics,5,1,5,Web,1,2
10437,318,2023-10-05,Books,5,1,5,Web,1,3
10438,507,2023-10-12,Electronics,378.24,1,378.24,Web,0,4
10439,436,2023-10-08,Electronics,5,1,5,Mobile,0,4
10440,785,2023-05-03,Sports,123.71,2,247.42,Web,0,1
10441,329,2023-01-29,Books,42.36,2,84.72,Web,0,5
10442,989,2023-07-31,Electronics,223.15,1,223.15,In-Store,0,5
10443,247,2023-10-04,Home & Garden,5,1,5,Web,0,2
10444,189,2023-03-25,Books,26.07,2,52.14,Web,0,5
10445,135,2023-08-20,Toys,26.35,3,79.05,Web,0,3
10446,641,2023-10-12,Books,11.41,1,11.41,Web,0,5
10447,297,2023-02-08,Toys,23.19,2,46.38,In-Store,0,5
10448,340,2023-12-11,Sports,5,1,5,Mobile,0,3
10449,164,2023-01-09,Home & Garden,58.32,2,116.64,In-Store,1,2
10450,986,2023-01-21,Sports,104.45,1,104.45,Web,0,5
10451,993,2023-09-18,Home & Garden,12.0,2,24.0,Web,0,4
10452,730,2023-06-10,Toys,5,1,5,Mobile,1,2
10453,504,2023-07-29,Home & Garden,89.75,3,269.25,In-Store,0,5
10454,413,2023-06-30,Books,16.23,5,81.15,Web,0,5
10455,801,2023-12-18,Home & Garden,81.12,1,81.12,Web,0,5
10456,692,2023-06-29,Home & Garden,21.83,1,21.83,In-Store,0,4
10457,437,2023-02-26,Electronics,297.19,1,297.19,Web,0,5
10458,928,2023-09-05,Toys,38.77,1,38.77,Mobile,0,5
10459,915,2023-07-26,Clothing,65.77,1,65.77,In-Store,0,3
10460,702,2023-02-15,Electronics,389.72,1,389.72,Web,0,5
10461,372,2023-03-13,Books,6.28,2,12.56,Web,0,2
10462,834,2023-12-13,Home & Garden,68.45,2,136.9,Mobile,0,1
10463,417,2023-06-14,Home & Garden,175.09,4,700.36,Web,0,3
10464,491,2023-10-03,Sports,35.43,1,35.43,In-Store,0,2
10465,867,2023-01-06,Books,13.4,4,53.6,Web,0,2
10466,632,2023-08-10,Home & Garden,13.34,3,40.02,In-Store,0,5
10467,599,2023-12-15,Books,28.65,1,28.65,In-Store,0,3
10468,586,2023-05-11,Books,7.59,3,22.77,Web,0,1
10469,116,2023-12-12,Clothing,14.44,1,14.44,In-Store,0,5
10470,630,2023-05-27,Clothing,72.19,2,144.38,Mobile,0,4
10471,247,2023-11-04,Clothing,8.62,1,8.62,In-Store,0,3
10472,429,2023-03-04,Home & Garden,93.61,1,93.61,Web,1,3
10473,332,2023-10-09,Sports,5,1,5,Web,0,4
10474,800,2023-10-15,Electronics,261.51,1,261.51,Mobile,0,4
10475,945,2023-11-24,Books,28.98,3,86.94,Mobile,0,5
10476,701,2023-01-08,Books,36.15,1,36.15,In-Store,0,4
10477,925,2023-09-17,Clothing,48.17,4,192.68,Mobile,0,5
10478,936,2023-12-24,Books,26.0,3,78.0,In-Store,0,5
10479,873,2023-02-10,Sports,91.91,2,183.82,Mobile,0,5
10480,668,2023-05-24,Home & Garden,5,1,5,In-Store,0,5
10481,910,2023-06-19,Toys,64.54,2,129.08,In-Store,0,2
10482,852,2023-03-27,Clothing,67.19,3,201.57,In-Store,0,4
10483,899,2023-01-19,Toys,44.16,1,44.16,Web,0,4
10484,445,2023-01-03,Toys,46.66,3,139.98,Web,0,5
10485,925,2023-02-03,Toys,42.82,2,85.64,In-Store,0,4
10486,668,2023-11-16,Home & Garden,86.65,1,86.65,Web,0,2
10487,918,2023-11-21,Home & Garden,77.63,5,388.15,In-Store,0,4
10488,967,2023-06-04,Electronics,268.38,2,536.76,Web,0,4
10489,213,2023-12-29,Toys,15.6,5,78.0,Web,1,3
10490,141,2023-11-25,Toys,29.92,1,29.92,Web,0,4
10491,272,2023-02-03,Electronics,271.96,2,543.92,Web,1,4
10492,741,2023-05-07,Sports,7.8,1,7.8,Web,0,2
10493,821,2023-10-20,Home & Garden,90.45,1,90.45,Mobile,0,3
10494,763,2023-12-29,Clothing,80.56,4,322.24,In-Store,0,5
10495,759,2023-01-23,Clothing,5.88,4,23.52,Mobile,0,4
10496,907,2023-08-09,Sports,101.84,2,203.68,Mobile,0,4
10497,900,2023-03-14,Clothing,80.67,1,80.67,Mobile,1,1
10498,415,2023-09-13,Home & Garden,165.61,3,496.83,Web,0,4
10499,246,2023-04-08,Electronics,280.3,2,560.6,Mobile,0,4
10500,163,2023-07-29,Clothing,84.09,1,84.09,Mobile,0,3
10501,146,2023-09-09,Home & Garden,121.97,2,243.94,Web,0,3
10502,651,2023-09-13,Sports,89.18,2,178.36,Web,0,5
10503,546,2023-08-15,Electronics,89.66,3,268.98,Web,0,5
10504,512,2023-06-18,Toys,32.45,1,32.45,In-Store,0,4
10505,430,2023-11-14,Sports,26.11,2,52.22,In-Store,0,4
10506,332,2023-02-20,Home & Garden,52.72,2,105.44,In-Store,0,4
10507,583,2023-10-03,Electronics,93.71,2,187.42,Web,0,5
10508,479,2023-04-17,Home & Garden,85.08,1,85.08,Mobile,0,3
10509,982,2023-02-13,Home & Garden,116.8,1,116.8,In-Store,0,2
10510,940,2023-12-27,Books,5,1,5,Mobile,0,4
10511,163,2023-02-23,Sports,65.55,2,131.1,Mobile,0,2
10512,869,2023-04-25,Clothing,51.66,1,51.66,Web,0,5
10513,954,2023-04-16,Electronics,153.52,3,460.56,Mobile,0,3
10514,101,2023-10-24,Home & Garden,86.34,3,259.02,In-Store,0,5
10515,345,2023-04-19,Sports,61.49,1,61.49,Web,0,4
10516,568,2023-09-25,Toys,29.67,4,118.68,Web,0,5
10517,909,2023-02-19,Clothing,56.89,4,227.56,In-Store,0,5
10518,440,2023-11-26,Clothing,93.48,1,93.48,Web,0,5
10519,183,2023-11-24,Electronics,5,1,5,Web,0,4
10520,610,2023-05-22,Toys,9.46,5,47.3,Mobile,0,3
10521,712,2023-06-05,Clothing,29.36,3,88.08,In-Store,0,4
10522,437,2023-06-27,Home & Garden,83.78,1,83.78,Web,0,4
10523,338,2023-01-14,Toys,42.88,1,42.88,Mobile,0,4
10524,695,2023-09-29,Books,40.73,1,40.73,Web,0,4
10525,242,2023-08-11,Toys,51.22,1,51.22,Web,0,4
10526,349,2023-09-30,Toys,54.08,2,108.16,In-Store,0,4
10527,922,2023-03-26,Electronics,217.21,1,217.21,Web,0,4
10528,546,2023-08-26,Toys,5,1,5,In-Store,0,5
10529,641,2023-07-20,Books,33.86,1,33.86,In-Store,0,5
10530,610,2023-01-12,Books,23.19,4,92.76,Mobile,0,2
10531,871,2023-07-23,Clothing,5,3,15,Web,1,5
10532,625,2023-05-24,Clothing,86.93,3,260.79,Web,0,4
10533,766,2023-07-12,Home & Garden,135.25,2,270.5,Web,0,5
10534,816,2023-01-12,Sports,91.47,2,182.94,In-Store,0,5
10535,318,2023-04-02,Home & Garden,51.16,2,102.32,In-Store,0,2
10536,868,2023-05-22,Sports,98.68,1,98.68,Web,0,3
10537,916,2023-12-28,Sports,5,1,5,Mobile,0,5
10538,287,2023-02-27,Books,22.36,2,44.72,Web,0,4
10539,209,2023-05-14,Books,17.62,1,17.62,Web,0,4
10540,905,2023-02-08,Sports,25.03,1,25.03,Mobile,1,3
10541,914,2023-10-21,Electronics,5,2,10,Mobile,0,4
10542,579,2023-12-30,Clothing,48.5,1,48.5,Web,0,4
10543,944,2023-09-14,Home & Garden,55.09,3,165.27,Mobile,0,4
10544,303,2023-03-01,Clothing,12.79,1,12.79,Web,0,5
10545,203,2023-06-21,Clothing,27.57,2,55.14,In-Store,0,3
10546,581,2023-12-16,Sports,105.18,2,210.36,Web,0,3
10547,226,2023-07-31,Books,55.59,5,277.95,Web,0,5
10548,525,2023-10-25,Home & Garden,18.32,1,18.32,Mobile,0,5
10549,987,2023-08-09,Home & Garden,74.25,1,74.25,In-Store,0,4
10550,511,2023-10-07,Home & Garden,143.13,4,572.52,Web,0,4
10551,943,2023-06-15,Sports,173.85,3,521.55,Web,0,5
10552,337,2023-12-04,Home & Garden,170.87,1,170.87,In-Store,0,5
10553,714,2023-06-22,Books,24.71,1,24.71,Mobile,0,5
10554,945,2023-12-07,Electronics,361.45,1,361.45,Mobile,0,5
10555,990,2023-12-30,Sports,44.53,1,44.53,Web,0,4
10556,459,2023-08-31,Clothing,5,2,10,Mobile,0,5
10557,184,2023-06-01,Home & Garden,78.13,1,78.13,Web,0,4
10558,850,2023-07-17,Toys,5,1,5,Mobile,0,5
10559,119,2023-09-04,Books,5.05,2,10.1,In-Store,0,5
10560,349,2023-01-17,Electronics,48.89,4,195.56,Web,0,5
10561,368,2023-09-13,Sports,64.89,3,194.67,In-Store,0,4
10562,454,2023-09-28,Home & Garden,44.71,3,134.13,Web,0,5
10563,534,2023-03-18,Electronics,146.12,4,584.48,In-Store,0,4
10564,775,2023-04-15,Electronics,99.22,1,99.22,Web,0,5
10565,622,2023-05-16,Books,18.45,2,36.9,Mobile,0,5
10566,286,2023-05-24,Toys,37.74,1,37.74,In-Store,0,4
10567,616,2023-03-21,Clothing,55.0,2,110.0,Web,0,3
10568,178,2023-01-18,Books,21.68,1,21.68,Mobile,0,2
10569,135,2023-04-06,Sports,68.45,1,68.45,In-Store,0,5
10570,948,2023-10-24,Clothing,23.22,1,23.22,Mobile,0,3
10571,540,2023-08-23,Sports,82.55,1,82.55,Mobile,0,3
10572,951,2023-05-27,Electronics,216.99,2,433.98,Mobile,0,4
10573,303,2023-07-31,Books,36.62,1,36.62,Mobile,0,5
10574,283,2023-01-21,Toys,34.58,3,103.74,Web,0,5
10575,160,2023-03-25,Clothing,50.71,4,202.84,Web,0,5
10576,423,2023-05-16,Electronics,274.77,1,274.77,Web,0,
10577,605,2023-03-04,Toys,27.46,2,54.92,Web,0,5
10578,482,2023-02-16,Home & Garden,15.82,1,15.82,Web,0,5
10579,562,2023-11-11,Books,21.03,1,21.03,In-Store,0,4
10580,872,2023-06-30,Books,11.93,2,23.86,In-Store,0,5
10581,288,2023-05-29,Books,37.76,1,37.76,Web,0,2
10582,621,2023-01-29,Home & Garden,39.17,1,39.17,Web,0,5
10583,478,2023-02-14,Home & Garden,67.67,3,203.01,Mobile,0,5
10584,642,2023-07-12,Home & Garden,51.08,1,51.08,Web,0,3
10585,145,2023-10-12,Electronics,307.75,2,615.5,Web,0,4
10586,597,2023-01-15,Toys,48.48,1,48.48,Web,0,4
10587,212,2023-12-12,Toys,17.22,2,34.44,Mobile,0,4
10588,987,2023-07-05,Home & Garden,57.81,2,115.62,Mobile,0,4
10589,667,2023-09-24,Books,8.82,1,8.82,Mobile,0,2
10590,708,2023-03-25,Toys,32.18,1,32.18,Web,0,4
10591,417,2023-11-05,Sports,42.05,1,42.05,Mobile,1,
10592,720,2023-03-13,Clothing,21.22,1,21.22,Web,1,5
10593,381,2023-02-05,Books,9.48,1,9.48,Mobile,0,5
10594,656,2023-08-30,Clothing,19.24,1,19.24,Web,0,3
10595,984,2023-10-16,Home & Garden,29.33,1,29.33,Web,0,5
10596,742,2023-08-06,Sports,35.88,1,35.88,Web,0,5
10597,659,2023-01-23,Electronics,413.06,2,826.12,Web,0,5
10598,630,2023-05-20,Home & Garden,40.83,1,40.83,Web,0,
10599,817,2023-12-08,Electronics,188.11,1,188.11,In-Store,0,5
10600,106,2023-01-17,Toys,5,1,5,Web,0,4
10601,978,2023-05-11,Clothing,99.35,2,198.7,Mobile,0,5
10602,286,2023-03-29,Books,25.69,1,25.69,In-Store,0,2
10603,493,2023-04-04,Clothing,14.56,2,29.12,Mobile,1,3
10604,755,2023-02-16,Sports,29.55,3,88.65,Mobile,0,3
10605,984,2023-01-29,Home & Garden,86.04,5,430.2,Web,0,3
10606,654,2023-02-08,Toys,16.39,2,32.78,In-Store,0,4
10607,906,2023-03-13,Clothing,65.05,2,130.1,Web,0,4
10608,758,2023-03-09,Home & Garden,158.32,3,474.96,Mobile,0,3
10609,193,2023-04-27,Toys,32.09,1,32.09,Web,0,5
10610,526,2023-05-24,Sports,6.74,2,13.48,Web,0,2
10611,611,2023-10-29,Electronics,181.77,2,363.54,Web,0,5
10612,880,2023-09-07,Home & Garden,99.67,2,199.34,Web,0,3
10613,686,2023-01-05,Home & Garden,28.71,2,57.42,Web,0,5
10614,947,2023-04-30,Books,12.13,2,24.26,In-Store,0,2
10615,106,2023-09-28,Home & Garden,156.13,2,312.26,In-Store,1,2
10616,382,2023-08-02,Clothing,61.89,4,247.56,Web,0,2
10617,743,2023-12-07,Sports,109.91,1,109.91,Web,1,2
10618,318,2023-02-01,Sports,56.26,1,56.26,Web,0,3
10619,807,2023-04-11,Home & Garden,14.75,1,14.75,Mobile,0,3
10620,443,2023-03-02,Home & Garden,100.6,1,100.6,Web,0,4
10621,707,2023-12-15,Clothing,88.4,3,265.2,Web,0,5
10622,832,2023-08-05,Sports,92.78,1,92.78,Web,0,4
10623,960,2023-05-23,Clothing,71.92,4,287.68,Web,1,3
10624,280,2023-09-24,Home & Garden,45.54,2,91.08,Mobile,0,
10625,197,2023-12-27,Books,36.2,3,108.6,Mobile,0,4
10626,755,2023-12-09,Electronics,480.17,1,480.17,Web,0,4
10627,643,2023-10-13,Clothing,37.55,2,75.1,Web,0,5
10628,695,2023-05-04,Clothing,22.71,3,68.13,Web,0,5
10629,959,2023-06-09,Electronics,304.67,1,304.67,Mobile,0,5
10630,597,2023-04-21,Clothing,5,2,10,In-Store,0,5
10631,891,2023-05-25,Electronics,140.44,2,280.88,Web,0,3
10632,586,2023-07-08,Toys,6.4,5,32.0,Web,0,4
10633,574,2023-08-14,Clothing,54.35,1,54.35,Web,0,5
10634,714,2023-01-22,Sports,93.74,3,281.22,Web,0,5
10635,474,2023-11-17,Home & Garden,40.96,2,81.92,In-Store,0,3
10636,943,2023-09-28,Toys,50.42,2,100.84,Web,0,4
10637,877,2023-03-07,Toys,8.4,1,8.4,Mobile,0,3
10638,654,2023-05-01,Clothing,56.62,2,113.24,Web,0,5
10639,590,2023-01-22,Sports,14.15,1,14.15,Web,1,1
10640,771,2023-07-25,Toys,38.33,1,38.33,Web,0,2
10641,232,2023-07-19,Home & Garden,77.64,2,155.28,Web,0,4
10642,658,2023-12-29,Electronics,96.4,2,192.8,In-Store,0,5
10643,705,2023-07-19,Clothing,13.29,4,53.16,Mobile,0,3
10644,569,2023-12-16,Toys,5,1,5,Web,0,4
10645,996,2023-04-13,Sports,132.12,5,660.6,Mobile,0,4
10646,514,2023-04-12,Toys,56.01,2,112.02,Web,0,3
10647,492,2023-11-18,Home & Garden,87.83,2,175.66,In-Store,0,5
10648,379,2023-05-02,Electronics,212.85,2,425.7,Mobile,0,5
10649,567,2023-03-31,Home & Garden,5,2,10,Mobile,0,5
10650,851,2023-01-14,Clothing,57.14,1,57.14,Web,0,3
10651,802,2023-01-08,Books,18.28,3,54.84,Web,0,4
10652,601,2023-02-15,Home & Garden,66.72,2,133.44,Mobile,0,5
10653,878,2023-01-04,Clothing,65.25,1,65.25,Web,0,5
10654,756,2023-01-17,Books,14.77,1,14.77,In-Store,0,4
10655,960,2023-03-08,Electronics,357.91,1,357.91,Web,0,2
10656,363,2023-04-04,Home & Garden,36.38,1,36.38,Web,0,4
10657,389,2023-02-25,Electronics,5,2,10,Mobile,0,5
10658,649,2023-06-20,Electronics,333.87,3,1001.61,Web,0,
10659,350,2023-01-06,Electronics,94.56,2,189.12,Mobile,0,4
10660,745,2023-06-08,Books,21.32,1,21.32,Mobile,0,4
10661,160,2023-05-08,Home & Garden,5,1,5,Mobile,0,1
10662,921,2023-05-20,Electronics,27.8,1,27.8,Web,0,5
10663,537,2023-07-16,Clothing,71.14,3,213.42,In-Store,1,1
10664,816,2023-07-08,Toys,27.56,4,110.24,Web,0,5
10665,589,2023-02-19,Electronics,233.86,1,233.86,In-Store,0,5
10666,186,2023-08-14,Books,5.3,1,5.3,Mobile,0,5
10667,240,2023-10-26,Electronics,157.66,3,472.98,Mobile,0,5
10668,381,2023-02-23,Sports,99.82,1,99.82,In-Store,0,5
10669,834,2023-06-10,Clothing,49.96,1,49.96,Web,0,5
10670,175,2023-05-17,Books,5,3,15,Mobile,0,4
10671,125,2023-09-24,Toys,53.82,1,53.82,Web,0,2
10672,693,2023-01-02,Toys,68.3,3,204.9,Mobile,0,
10673,791,2023-11-16,Sports,30.2,1,30.2,Web,0,5
10674,899,2023-03-30,Home & Garden,138.39,5,691.95,Web,0,5
10675,607,2023-11-19,Toys,42.73,3,128.19,In-Store,0,5
10676,745,2023-12-10,Clothing,60.11,1,60.11,In-Store,0,1
10677,121,2023-01-29,Toys,5,2,10,Web,0,5
10678,702,2023-02-11,Electronics,164.07,1,164.07,In-Store,1,5
10679,475,2023-06-05,Toys,46.07,3,138.21,Mobile,0,5
10680,799,2023-11-04,Home & Garden,106.56,2,213.12,Mobile,0,5
10681,668,2023-05-29,Home & Garden,151.68,2,303.36,Mobile,0,3
10682,500,2023-12-09,Toys,19.26,1,19.26,Web,0,5
10683,733,2023-09-28,Toys,10.82,1,10.82,Web,0,3
10684,428,2023-03-18,Sports,5,3,15,Web,0,5
10685,646,2023-12-10,Books,27.84,3,83.52,Web,0,5
10686,270,2023-08-26,Clothing,39.04,1,39.04,Web,0,5
10687,654,2023-11-22,Books,22.66,2,45.32,In-Store,0,5
10688,442,2023-07-18,Books,5,1,5,Web,0,4
10689,968,2023-12-25,Books,22.01,1,22.01,Mobile,0,5
10690,545,2023-10-12,Toys,70.85,1,70.85,Web,0,5
10691,862,2023-09-27,Home & Garden,132.9,1,132.9,Mobile,0,4
10692,718,2023-09-01,Clothing,5,1,5,Web,0,4
10693,462,2023-08-13,Electronics,162.94,2,325.88,Web,0,5
10694,643,2023-07-21,Toys,32.82,2,65.64,Web,0,5
10695,703,2023-11-02,Home & Garden,28.1,5,140.5,Web,0,4
10696,876,2023-03-03,Home & Garden,38.82,2,77.64,Mobile,0,5
10697,147,2023-12-02,Home & Garden,87.14,1,87.14,In-Store,0,4
10698,915,2023-03-29,Sports,5,1,5,Web,0,3
10699,447,2023-02-17,Toys,64.65,2,129.3,Web,0,3
10700,823,2023-03-15,Books,5,1,5,In-Store,0,5
10701,221,2023-01-01,Electronics,135.06,1,135.06,Mobile,0,5
10702,989,2023-02-09,Toys,22.39,3,67.17,Web,0,5
10703,660,2023-12-17,Toys,53.47,1,53.47,Mobile,0,3
10704,581,2023-01-26,Home & Garden,61.67,2,123.34,Web,0,5
10705,721,2023-01-22,Home & Garden,51.84,1,51.84,Web,0,5
10706,572,2023-11-30,Sports,82.87,1,82.87,Web,0,5
10707,355,2023-09-30,Electronics,143.18,1,143.18,Mobile,0,4
10708,777,2023-04-18,Sports,169.95,2,339.9,Web,0,5
10709,327,2023-09-22,Electronics,297.92,2,595.84,Mobile,1,2
10710,554,2023-04-23,Sports,112.87,1,112.87,In-Store,0,5
10711,811,2023-06-02,Electronics,143.9,1,143.9,Mobile,0,3
10712,289,2023-10-28,Books,5,3,15,Mobile,0,3
10713,256,2023-05-02,Home & Garden,69.71,1,69.71,In-Store,0,5
10714,682,2023-12-08,Toys,28.58,5,142.9,Mobile,0,5
10715,495,2023-03-09,Toys,16.13,2,32.26,In-Store,0,4
10716,593,2023-10-15,Clothing,48.48,3,145.44,Mobile,1,2
10717,340,2023-12-09,Books,26.25,3,78.75,Mobile,0,5
10718,495,2023-09-09,Books,27.31,1,27.31,In-Store,0,5
10719,463,2023-01-22,Sports,124.68,1,124.68,Web,0,4
10720,555,2023-08-27,Home & Garden,98.85,2,197.7,Mobile,0,5
10721,619,2023-06-22,Clothing,5,1,5,Web,1,2
10722,237,2023-09-21,Sports,5,2,10,In-Store,0,5
10723,375,2023-01-04,Books,38.56,3,115.68,Mobile,0,3
10724,378,2023-04-03,Electronics,229.3,1,229.3,Web,0,4
10725,721,2023-07-18,Clothing,12.48,2,24.96,In-Store,0,5
10726,119,2023-02-07,Home & Garden,111.8,2,223.6,Mobile,0,4
10727,292,2023-02-28,Home & Garden,128.41,3,385.23,Web,0,4
10728,319,2023-03-05,Home & Garden,5,1,5,Web,0,5
10729,378,2023-10-31,Electronics,379.27,3,1137.81,Mobile,0,5
10730,738,2023-01-28,Books,19.24,3,57.72,Mobile,0,
10731,955,2023-07-30,Electronics,37.2,3,111.6,Mobile,0,4
10732,551,2023-05-20,Books,26.24,1,26.24,Web,0,1
10733,703,2023-03-06,Electronics,320.04,5,1600.2,Mobile,0,1
10734,557,2023-09-14,Books,25.07,1,25.07,In-Store,0,5
10735,120,2023-02-24,Electronics,569.59,3,1708.77,Web,0,4
10736,149,2023-12-31,Toys,21.43,1,21.43,In-Store,0,
10737,161,2023-01-26,Books,14.21,3,42.63,Mobile,0,
10738,932,2023-05-28,Home & Garden,118.89,3,356.67,In-Store,0,3
10739,965,2023-05-11,Electronics,95.54,3,286.62,In-Store,0,4
10740,658,2023-11-23,Books,33.39,3,100.17,Mobile,0,5
10741,417,2023-03-11,Home & Garden,65.78,1,65.78,Mobile,1,4
10742,983,2023-03-14,Home & Garden,102.68,2,205.36,Web,0,3
10743,469,2023-11-10,Toys,18.13,1,18.13,Mobile,1,1
10744,662,2023-02-11,Books,22.13,2,44.26,Web,0,5
10745,371,2023-05-17,Electronics,235.78,1,235.78,Web,1,1
10746,985,2023-07-13,Sports,99.45,3,298.35,Web,0,4
10747,786,2023-05-19,Home & Garden,41.56,2,83.12,Web,0,3
10748,400,2023-04-04,Home & Garden,17.83,1,17.83,Web,0,4
10749,164,2023-12-12,Clothing,49.87,3,149.61,In-Store,0,5
10750,978,2023-08-20,Toys,64.81,5,324.05,Mobile,1,3
10751,395,2023-07-30,Sports,11.98,1,11.98,In-Store,0,5
10752,346,2023-05-14,Clothing,78.03,1,78.03,Mobile,0,4
10753,659,2023-07-01,Home & Garden,58.28,1,58.28,In-Store,0,4
10754,513,2023-11-13,Sports,31.92,2,63.84,Web,0,2
10755,337,2023-04-24,Books,12.33,2,24.66,Mobile,0,1
10756,627,2023-04-12,Clothing,34.89,1,34.89,Web,0,5
10757,176,2023-03-03,Toys,8.21,2,16.42,Mobile,0,4
10758,751,2023-12-01,Books,5,1,5,In-Store,0,3
10759,727,2023-01-02,Books,5,3,15,Mobile,0,3
10760,200,2023-12-06,Sports,44.58,1,44.58,Web,0,4
10761,494,2023-01-23,Toys,15.01,1,15.01,Mobile,0,5
10762,882,2023-04-28,Toys,31.25,1,31.25,In-Store,0,2
10763,863,2023-07-02,Clothing,73.79,1,73.79,Web,0,4
10764,126,2023-01-14,Clothing,82.73,3,248.19,Web,0,
10765,915,2023-02-17,Sports,26.86,1,26.86,Mobile,0,5
10766,825,2023-03-21,Sports,61.72,1,61.72,Web,0,5
10767,992,2023-10-26,Electronics,14.37,2,28.74,Mobile,0,4
10768,397,2023-01-08,Clothing,94.97,4,379.88,Web,0,5
10769,102,2023-09-04,Home & Garden,81.83,1,81.83,Web,0,5
10770,925,2023-07-04,Home & Garden,204.73,1,204.73,Web,0,5
10771,629,2023-06-07,Clothing,44.33,1,44.33,In-Store,0,4
10772,386,2023-04-17,Books,10.12,1,10.12,Web,0,4
10773,504,2023-10-30,Clothing,48.73,2,97.46,Mobile,1,3
10774,915,2023-03-09,Home & Garden,44.06,1,44.06,Mobile,0,4
10775,326,2023-12-04,Sports,67.36,1,67.36,Web,0,1
10776,979,2023-06-30,Books,24.76,1,24.76,Web,0,4
10777,633,2023-02-06,Toys,11.34,2,22.68,Web,0,5
10778,485,2023-06-04,Home & Garden,114.19,1,114.19,Web,0,5
10779,776,2023-09-26,Sports,18.23,5,91.15,Mobile,0,2
10780,887,2023-10-08,Sports,92.1,1,92.1,Web,0,4
10781,821,2023-04-16,Electronics,92.18,1,92.18,Mobile,0,4
10782,475,2023-06-09,Electronics,478.04,1,478.04,Web,0,5
10783,614,2023-07-04,Books,13.22,1,13.22,Web,0,4
10784,268,2023-10-24,Sports,40.16,1,40.16,Web,0,5
10785,461,2023-10-26,Sports,48.57,2,97.14,Web,0,4
10786,873,2023-11-05,Toys,23.27,1,23.27,Web,0,5
10787,605,2023-08-05,Books,12.48,1,12.48,Mobile,0,2
10788,413,2023-10-03,Home & Garden,95.96,1,95.96,Web,0,4
10789,362,2023-01-31,Books,5,3,15,Mobile,0,5
10790,529,2023-09-24,Toys,5,1,5,Mobile,0,4
10791,847,2023-05-22,Toys,51.96,5,259.8,In-Store,0,3
10792,545,2023-02-04,Clothing,44.62,1,44.62,Mobile,0,3
10793,805,2023-12-13,Home & Garden,105.57,1,105.57,Mobile,0,1
10794,831,2023-04-28,Books,15.4,2,30.8,Mobile,0,4
10795,612,2023-09-21,Toys,36.36,2,72.72,Web,0,4
10796,560,2023-10-17,Electronics,5,3,15,Mobile,0,5
10797,839,2023-03-03,Electronics,531.02,2,1062.04,Mobile,1,2
10798,800,2023-07-12,Sports,92.8,1,92.8,Mobile,0,4
10799,448,2023-08-29,Toys,50.52,1,50.52,Mobile,0,3
10800,799,2023-10-09,Clothing,23.65,3,70.95,Web,0,5
10801,201,2023-10-01,Books,14.74,2,29.48,Web,0,5
10802,889,2023-03-18,Sports,42.19,1,42.19,Mobile,0,4
10803,363,2023-02-28,Electronics,22.69,2,45.38,Web,0,5
10804,170,2023-03-15,Books,6.14,1,6.14,Web,0,3
10805,532,2023-03-14,Toys,18.19,1,18.19,Mobile,0,1
10806,579,2023-10-17,Home & Garden,40.51,1,40.51,Web,0,4
10807,157,2023-06-24,Electronics,146.65,2,293.3,Web,1,5
10808,349,2023-10-19,Toys,8.33,1,8.33,Web,0,3
10809,748,2023-05-03,Electronics,185.41,1,185.41,Mobile,0,5
10810,625,2023-06-13,Electronics,168.73,3,506.19,Web,0,4
10811,937,2023-07-06,Clothing,100.22,1,100.22,Mobile,0,3
10812,312,2023-01-26,Home & Garden,13.8,2,27.6,Mobile,0,5
10813,591,2023-09-30,Sports,78.21,1,78.21,Web,0,3
10814,931,2023-07-11,Electronics,382.42,3,1147.26,Web,0,
10815,654,2023-02-25,Home & Garden,58.2,3,174.6,Mobile,0,4
10816,778,2023-05-25,Books,10.02,4,40.08,Web,0,5
10817,901,2023-07-29,Toys,11.5,1,11.5,Mobile,0,4
10818,664,2023-11-24,Electronics,145.74,1,145.74,In-Store,0,5
10819,326,2023-12-12,Sports,120.26,3,360.78,Mobile,0,3
10820,540,2023-02-13,Toys,38.38,1,38.38,Web,0,4
10821,634,2023-06-19,Electronics,421.64,3,1264.92,Web,0,5
10822,641,2023-09-26,Clothing,5,1,5,Web,0,5
10823,835,2023-01-28,Electronics,308.77,3,926.31,Web,0,5
10824,303,2023-10-27,Home & Garden,125.63,2,251.26,Mobile,0,5
10825,118,2023-04-04,Toys,42.89,2,85.78,Web,0,5
10826,448,2023-06-08,Books,50.12,3,150.36,Mobile,0,5
10827,259,2023-10-23,Toys,62.47,2,124.94,Web,0,
10828,951,2023-09-18,Home & Garden,5,1,5,Mobile,0,4
10829,808,2023-10-25,Sports,61.71,3,185.13,In-Store,0,5
10830,735,2023-10-02,Sports,156.86,1,156.86,Mobile,0,3
10831,451,2023-02-10,Sports,28.73,5,143.65,Web,0,5
10832,970,2023-12-19,Electronics,5,3,15,In-Store,0,4
10833,136,2023-05-01,Books,5,2,10,Mobile,0,3
10834,678,2023-09-11,Books,15.54,1,15.54,Web,0,
10835,769,2023-03-26,Home & Garden,100.77,3,302.31,Mobile,0,3
10836,487,2023-08-13,Sports,52.68,2,105.36,Web,0,4
10837,433,2023-04-01,Sports,34.65,2,69.3,In-Store,0,1
10838,772,2023-08-24,Toys,11.04,1,11.04,Web,0,2
10839,217,2023-04-29,Sports,97.75,1,97.75,In-Store,0,5
10840,816,2023-12-19,Toys,5,1,5,Mobile,0,4
10841,133,2023-11-16,Clothing,72.04,2,144.08,Web,0,4
10842,636,2023-09-13,Sports,91.21,3,273.63,Web,0,5
10843,936,2023-05-13,Clothing,45.8,1,45.8,Mobile,0,3
10844,339,2023-07-09,Clothing,117.84,1,117.84,Web,0,4
10845,932,2023-03-07,Books,23.02,1,23.02,Web,0,4
10846,298,2023-11-23,Sports,68.36,1,68.36,Web,0,3
10847,569,2023-10-24,Toys,5.89,3,17.67,Mobile,1,4
10848,553,2023-08-09,Electronics,331.06,1,331.06,Mobile,1,3
10849,767,2023-08-16,Sports,5,4,20,Mobile,0,5
10850,868,2023-03-29,Books,25.55,3,76.65,Mobile,0,4
10851,354,2023-12-22,Electronics,118.31,3,354.93,Mobile,0,4
10852,321,2023-04-13,Books,24.83,1,24.83,Mobile,0,2
10853,155,2023-09-24,Clothing,5,1,5,In-Store,0,5
10854,711,2023-07-24,Electronics,118.9,2,237.8,In-Store,0,4
10855,748,2023-11-04,Books,9.63,1,9.63,Mobile,0,4
10856,573,2023-09-03,Home & Garden,59.73,1,59.73,Web,0,3
10857,994,2023-01-13,Books,19.11,2,38.22,Web,0,5
10858,258,2023-04-02,Electronics,176.49,5,882.45,Web,0,5
10859,642,2023-07-24,Home & Garden,112.47,1,112.47,Mobile,0,2
10860,852,2023-10-05,Clothing,128.09,1,128.09,Mobile,0,4
10861,238,2023-12-16,Electronics,173.43,1,173.43,Mobile,0,4
10862,270,2023-01-20,Clothing,26.38,1,26.38,Web,0,4
10863,741,2023-01-25,Electronics,5,1,5,Web,0,5
10864,227,2023-08-11,Toys,14.35,2,28.7,Web,0,5
10865,252,2023-03-04,Sports,10.27,2,20.54,Web,0,2
10866,547,2023-04-29,Toys,49.84,1,49.84,In-Store,0,5
10867,525,2023-12-25,Books,16.93,1,16.93,Mobile,0,5
10868,455,2023-02-15,Books,30.7,1,30.7,Web,0,3
10869,775,2023-10-17,Sports,71.69,2,143.38,Mobile,0,2
10870,496,2023-02-27,Electronics,144.33,2,288.66,Web,0,2
10871,341,2023-07-28,Electronics,295.65,1,295.65,In-Store,0,5
10872,992,2023-09-10,Clothing,53.4,2,106.8,Mobile,0,5
10873,277,2023-06-23,Sports,78.47,1,78.47,Mobile,0,5
10874,991,2023-01-02,Toys,64.58,2,129.16,Web,0,2
10875,923,2023-09-06,Books,28.75,2,57.5,Web,0,5
10876,378,2023-12-21,Books,13.12,3,39.36,Web,0,5
10877,699,2023-08-26,Electronics,246.85,3,740.55,In-Store,0,5
10878,303,2023-01-22,Electronics,99.34,2,198.68,Mobile,0,3
10879,215,2023-06-01,Home & Garden,23.83,1,23.83,In-Store,0,5
10880,575,2023-10-22,Books,29.31,2,58.62,Mobile,0,5
10881,183,2023-09-26,Toys,38.26,1,38.26,Mobile,0,4
10882,307,2023-02-27,Home & Garden,5,4,20,Web,0,5
10883,478,2023-10-09,Sports,60.07,1,60.07,Web,0,2
10884,911,2023-02-16,Books,47.92,1,47.92,Web,0,5
10885,672,2023-07-10,Home & Garden,54.67,2,109.34,Mobile,1,2
10886,890,2023-07-13,Electronics,225.61,1,225.61,In-Store,0,3
10887,616,2023-04-09,Clothing,39.69,2,79.38,Mobile,0,4
10888,390,2023-06-30,Home & Garden,66.91,1,66.91,Web,0,5
10889,927,2023-06-05,Electronics,5,2,10,In-Store,0,5
10890,556,2023-05-06,Home & Garden,97.44,1,97.44,Mobile,0,5
10891,381,2023-08-05,Clothing,42.86,2,85.72,Web,0,4
10892,288,2023-04-14,Books,37.3,2,74.6,Web,0,5
10893,948,2023-01-03,Sports,81.92,1,81.92,Web,0,5
10894,984,2023-11-08,Toys,16.92,1,16.92,Web,0,5
10895,288,2023-10-24,Toys,7.27,3,21.81,Web,0,4
10896,766,2023-09-22,Sports,62.91,1,62.91,Mobile,0,5
10897,156,2023-02-26,Books,46.33,1,46.33,Web,0,4
10898,916,2023-11-11,Electronics,392.86,2,785.72,Web,1,3
10899,899,2023-01-09,Sports,101.37,1,101.37,Web,0,4
10900,513,2023-11-27,Sports,6.94,3,20.82,Web,0,2
10901,512,2023-11-23,Books,6.07,1,6.07,Mobile,1,3
10902,189,2023-01-17,Books,12.78,1,12.78,Web,0,4
10903,410,2023-05-30,Books,12.07,1,12.07,In-Store,0,4
10904,382,2023-01-20,Books,5,2,10,Web,0,4
10905,765,2023-12-24,Clothing,46.86,3,140.58,Web,0,3
10906,284,2023-10-12,Home & Garden,7.99,1,7.99,Web,1,4
10907,583,2023-06-12,Electronics,163.84,3,491.52,Web,0,3
10908,725,2023-12-30,Sports,90.31,3,270.93,Web,1,1
10909,302,2023-09-14,Clothing,19.88,5,99.4,Mobile,0,4
10910,338,2023-12-31,Electronics,150.05,1,150.05,Mobile,0,5
10911,100,2023-06-24,Clothing,27.87,1,27.87,Web,0,4
10912,290,2023-10-15,Sports,18.83,5,94.15,Web,0,5
10913,434,2023-07-01,Home & Garden,74.38,1,74.38,Web,0,5
10914,912,2023-03-28,Sports,22.65,2,45.3,Web,0,4
10915,852,2023-08-14,Sports,21.0,2,42.0,Web,0,3
10916,180,2023-08-04,Electronics,199.34,3,598.02,Mobile,0,4
10917,566,2023-05-29,Clothing,25.44,4,101.76,Web,0,5
10918,246,2023-12-30,Clothing,91.02,2,182.04,Mobile,0,4
10919,964,2023-10-28,Toys,41.6,1,41.6,Mobile,0,4
10920,172,2023-06-18,Toys,12.93,3,38.79,Mobile,1,1
10921,357,2023-01-19,Home & Garden,72.74,3,218.22,Web,0,5
10922,841,2023-10-23,Books,12.62,3,37.86,In-Store,0,4
10923,867,2023-02-25,Home & Garden,78.0,3,234.0,Web,0,4
10924,478,2023-07-23,Sports,55.42,1,55.42,Web,0,3
10925,165,2023-11-12,Clothing,40.08,2,80.16,Mobile,0,4
10926,310,2023-07-11,Sports,5,4,20,Web,0,4
10927,793,2023-04-27,Home & Garden,31.65,1,31.65,Web,0,4
10928,873,2023-06-23,Sports,5.29,3,15.87,In-Store,0,4
10929,259,2023-07-01,Electronics,322.59,2,645.18,Mobile,0,5
10930,805,2023-01-16,Electronics,183.86,2,367.72,Mobile,0,4
10931,311,2023-01-10,Electronics,147.01,1,147.01,Mobile,0,4
10932,748,2023-10-08,Clothing,5,4,20,Web,0,1
10933,324,2023-05-05,Electronics,241.01,2,482.02,Web,0,4
10934,194,2023-03-30,Books,15.24,1,15.24,Web,0,5
10935,260,2023-07-31,Sports,5,3,15,In-Store,0,4
10936,975,2023-09-19,Clothing,75.26,1,75.26,In-Store,0,2
10937,807,2023-08-08,Home & Garden,49.07,4,196.28,Web,0,4
10938,997,2023-10-23,Clothing,69.81,2,139.62,Mobile,1,3
10939,914,2023-05-23,Sports,6.26,1,6.26,In-Store,0,4
10940,719,2023-11-25,Home & Garden,42.9,2,85.8,In-Store,0,5
10941,399,2023-06-01,Toys,70.85,3,212.55,Mobile,0,4
10942,644,2023-06-25,Electronics,314.26,4,1257.04,Mobile,0,4
10943,655,2023-05-25,Home & Garden,128.15,3,384.45,Mobile,0,5
10944,230,2023-03-21,Toys,34.74,2,69.48,In-Store,0,5
10945,751,2023-06-16,Sports,109.31,1,109.31,Mobile,0,2
10946,649,2023-08-27,Electronics,8.84,1,8.84,Web,0,4
10947,473,2023-04-04,Home & Garden,66.96,3,200.88,In-Store,0,3
10948,242,2023-03-12,Electronics,75.5,3,226.5,Mobile,0,1
10949,800,2023-07-05,Sports,26.73,1,26.73,Mobile,0,4
10950,990,2023-08-29,Toys,64.42,2,128.84,Mobile,0,3
10951,943,2023-09-15,Toys,62.73,2,125.46,In-Store,0,2
10952,305,2023-09-24,Sports,27.55,2,55.1,Mobile,0,3
10953,828,2023-11-17,Books,33.3,2,66.6,Mobile,0,4
10954,383,2023-09-14,Electronics,49.2,2,98.4,Mobile,0,5
10955,964,2023-03-27,Electronics,176.14,1,176.14,Web,0,2
10956,239,2023-08-11,Clothing,80.78,1,80.78,Web,0,4
10957,716,2023-07-28,Home & Garden,69.45,1,69.45,Mobile,0,4
10958,425,2023-01-09,Electronics,140.71,1,140.71,Web,0,5
10959,740,2023-05-30,Home & Garden,65.57,2,131.14,Mobile,0,5
10960,580,2023-08-04,Home & Garden,88.37,4,353.48,In-Store,0,4
10961,377,2023-05-10,Electronics,373.99,3,1121.97,Mobile,0,1
10962,684,2023-01-05,Electronics,219.8,1,219.8,Mobile,0,3
10963,555,2023-04-03,Clothing,80.32,1,80.32,Mobile,0,4
10964,546,2023-12-03,Toys,5,1,5,In-Store,0,3
10965,250,2023-07-09,Sports,101.31,1,101.31,Web,0,5
10966,945,2023-03-18,Books,5.2,1,5.2,Web,0,4
10967,136,2023-07-21,Books,38.24,2,76.48,Web,0,4
10968,107,2023-01-12,Toys,48.24,1,48.24,Web,0,3
10969,805,2023-09-11,Electronics,166.13,1,166.13,Mobile,0,4
10970,892,2023-12-03,Books,6.92,1,6.92,Mobile,0,4
10971,219,2023-04-13,Electronics,279.81,1,279.81,Web,0,3
10972,322,2023-09-21,Toys,5,1,5,Mobile,0,5
10973,544,2023-06-30,Sports,56.33,1,56.33,Web,0,4
10974,908,2023-08-18,Clothing,36.99,5,184.95,Web,0,2
10975,449,2023-07-17,Toys,57.72,4,230.88,Web,0,4
10976,897,2023-06-01,Toys,38.41,2,76.82,In-Store,0,4
10977,542,2023-12-01,Home & Garden,89.71,2,179.42,Mobile,0,5
10978,440,2023-06-27,Sports,5,1,5,Web,0,4
10979,345,2023-09-14,Clothing,51.58,1,51.58,In-Store,1,2
10980,471,2023-05-09,Electronics,207.77,2,415.54,Web,1,3
10981,450,2023-12-01,Electronics,194.45,1,194.45,Web,0,3
10982,897,2023-05-12,Home & Garden,149.71,2,299.42,Mobile,0,5
10983,744,2023-02-22,Toys,5,2,10,In-Store,1,3
10984,936,2023-11-03,Home & Garden,125.01,1,125.01,Web,0,5
10985,631,2023-04-09,Electronics,225.67,4,902.68,Mobile,0,5
10986,581,2023-02-19,Home & Garden,79.99,4,319.96,Web,1,2
10987,626,2023-12-30,Home & Garden,47.69,1,47.69,Mobile,0,2
10988,364,2023-07-10,Toys,5,1,5,Web,0,5
10989,283,2023-11-14,Books,20.53,1,20.53,Web,0,5
10990,792,2023-01-25,Home & Garden,82.11,4,328.44,In-Store,0,5
10991,871,2023-04-06,Electronics,63.99,1,63.99,Web,0,4
10992,752,2023-01-16,Clothing,28.7,1,28.7,Mobile,0,4
10993,427,2023-07-14,Books,15.68,1,15.68,Mobile,0,3
10994,978,2023-03-23,Toys,39.3,5,196.5,Web,0,5
10995,985,2023-10-09,Toys,34.94,2,69.88,Mobile,0,4
10996,925,2023-10-02,Clothing,118.04,2,236.08,Mobile,0,5
10997,935,2023-02-26,Clothing,31.9,1,31.9,In-Store,0,5
10998,350,2023-09-15,Electronics,94.12,1,94.12,Mobile,0,5
10999,716,2023-06-23,Sports,61.48,1,61.48,In-Store,0,5
11000,342,2023-07-06,Toys,20.84,3,62.52,In-Store,0,3
