order_id,customer_id,order_date,category,unit_price,quantity,total_amount,channel,returned,rating
10001,251,2023-06-21,Electronics,451.1,1,451.1,Web,0,5
10002,102,2023-06-22,Clothing,35.54,2,71.08,App,0,5
10003,235,2023-08-05,Clothing,50.12,3,150.36,Web,0,4
10004,243,2023-07-19,Home,22.29,1,22.29,Web,0,5
10005,261,2023-08-03,Clothing,16.58,1,16.58,App,0,5
10006,166,2023-07-12,Electronics,27.92,1,27.92,App,0,4
10007,203,2023-10-24,Food,82.01,3,246.03,Web,0,5
10008,286,2023-10-18,Clothing,51.35,1,51.35,Web,0,3
10009,173,2023-11-09,Electronics,637.48,3,1912.44,Mobile,0,4
10010,120,2023-05-18,Electronics,197.95,2,395.9,Web,0,5
10011,126,2023-03-08,Home,17.68,2,35.36,Web,0,4
10012,233,2023-02-19,Electronics,247.57,2,495.14,Web,0,3
10013,250,2023-09-26,Clothing,67.78,2,135.56,Web,0,5
10014,263,2023-03-02,Electronics,93.19,1,93.19,Web,0,4
10015,138,2023-12-12,Electronics,302.53,3,907.59,Mobile,0,4
10016,238,2023-06-21,Food,15.33,2,30.66,App,0,4
10017,248,2023-11-28,Books,31.87,3,95.61,Mobile,0,3
10018,299,2023-03-07,Food,42.34,2,84.68,App,0,4
10019,260,2023-01-26,Sports,22.33,2,44.66,Web,0,3
10020,253,2023-11-16,Food,21.81,1,21.81,App,0,4
10021,231,2023-12-09,Electronics,378.98,1,378.98,Web,0,4
10022,158,2023-08-24,Food,6.32,2,12.64,App,0,4
10023,296,2023-09-13,Electronics,230.3,1,230.3,Web,0,3
10024,160,2023-09-18,Clothing,57.05,2,114.1,App,0,5
10025,133,2023-05-21,Clothing,20.11,3,60.33,App,0,4
10026,219,2023-09-01,Books,7.48,1,7.48,Web,0,3
10027,115,2023-05-04,Electronics,29.92,1,29.92,App,0,4
10028,225,2023-09-05,Home,12.24,3,36.72,Mobile,0,3
10029,179,2023-01-17,Food,21.39,1,21.39,Mobile,0,3
10030,136,2023-03-12,Books,28.24,2,56.48,App,0,5
10031,157,2023-12-09,Clothing,12.59,3,37.77,Web,0,5
10032,256,2023-04-03,Food,6.5,2,13.0,Web,0,5
10033,286,2023-06-18,Books,12.47,2,24.94,Web,0,5
10034,279,2023-02-14,Clothing,15.83,1,15.83,App,0,3
10035,197,2023-08-07,Books,100.36,1,100.36,App,0,4
10036,240,2023-08-13,Electronics,24.46,2,48.92,Mobile,0,3
10037,134,2023-03-02,Books,14.13,3,42.39,Web,0,4
10038,116,2023-12-05,Clothing,91.6,1,91.6,Web,0,3
10039,150,2023-11-28,Clothing,30.1,2,60.2,App,0,5
10040,261,2023-07-09,Electronics,202.94,1,202.94,App,0,4
10041,109,2023-09-14,Clothing,32.86,2,65.72,App,0,3
10042,174,2023-10-23,Books,24.18,1,24.18,Web,0,5
10043,153,2023-11-10,Home,34.16,1,34.16,Mobile,0,5
10044,116,2023-12-21,Sports,11.48,1,11.48,App,1,3
10045,173,2023-05-26,Home,26.23,2,52.46,App,0,4
10046,104,2023-09-08,Food,17.46,3,52.38,Mobile,0,5
10047,212,2023-06-27,Sports,15.31,2,30.62,App,0,5
10048,237,2023-09-12,Electronics,124.56,1,124.56,Mobile,0,5
10049,118,2023-08-03,Clothing,16.84,2,33.68,Mobile,0,5
10050,278,2023-10-26,Sports,79.4,1,79.4,Web,0,4
10051,223,2023-06-27,Clothing,21.47,1,21.47,Mobile,0,5
10052,260,2023-07-03,Clothing,55.77,1,55.77,Web,0,3
10053,239,2023-07-05,Books,31.66,1,31.66,Mobile,0,4
10054,200,2023-09-12,Electronics,187.48,3,562.44,Mobile,0,5
10055,180,2023-07-01,Clothing,11.22,1,11.22,App,0,5
10056,277,2023-05-21,Electronics,138.69,2,277.38,Mobile,0,5
10057,107,2023-03-10,Clothing,23.23,3,69.69,App,0,4
10058,298,2023-11-16,Food,14.05,2,28.1,Web,0,5
10059,285,2023-11-01,Clothing,21.94,2,43.88,App,0,3
10060,170,2023-09-13,Sports,34.28,1,34.28,Web,0,5
10061,156,2023-02-25,Home,18.88,1,18.88,Mobile,0,4
10062,121,2023-02-12,Electronics,124.48,1,124.48,Web,0,4
10063,250,2023-04-18,Food,31.06,1,31.06,Mobile,1,3
10064,282,2023-07-05,Sports,16.96,1,16.96,App,0,4
10065,221,2023-09-05,Books,23.1,1,23.1,App,0,5
10066,197,2023-01-15,Clothing,38.86,1,38.86,Mobile,0,4
10067,275,2023-02-02,Clothing,65.42,2,130.84,Web,0,3
10068,296,2023-02-27,Food,17.72,2,35.44,Mobile,0,5
10069,180,2023-03-04,Food,6.89,2,13.78,Mobile,0,4
10070,247,2023-06-10,Clothing,33.63,2,67.26,App,0,4
10071,281,2023-08-14,Electronics,194.79,2,389.58,Mobile,0,3
10072,108,2023-06-10,Clothing,42.28,2,84.56,Mobile,0,3
10073,139,2023-09-20,Food,9.06,2,18.12,Web,0,3
10074,265,2023-03-02,Electronics,71.9,2,143.8,Mobile,0,5
10075,248,2023-02-03,Clothing,26.65,1,26.65,Web,0,4
10076,225,2023-03-26,Electronics,247.09,1,247.09,Mobile,0,5
10077,150,2023-08-11,Electronics,330.49,1,330.49,Web,0,4
10078,194,2023-01-13,Electronics,128.41,1,128.41,App,0,5
10079,154,2023-02-03,Food,8.52,2,17.04,Web,1,3
10080,233,2023-11-06,Home,18.78,1,18.78,App,0,5
10081,102,2023-09-13,Home,17.81,2,35.62,Web,0,5
10082,222,2023-11-19,Sports,6.78,1,6.78,Mobile,0,4
10083,236,2023-02-10,Sports,13.2,1,13.2,App,0,5
10084,202,2023-10-19,Electronics,114.92,1,114.92,App,0,4
10085,193,2023-11-27,Home,37.42,1,37.42,Web,0,4
10086,193,2023-03-06,Books,23.52,3,70.56,App,0,4
10087,225,2023-04-14,Books,17.17,1,17.17,Web,0,4
10088,117,2023-01-04,Books,17.25,1,17.25,Web,0,4
10089,187,2023-02-23,Sports,20.54,1,20.54,App,0,4
10090,114,2023-11-16,Electronics,336.61,1,336.61,Mobile,0,3
10091,226,2023-02-27,Home,15.97,1,15.97,Mobile,0,5
10092,279,2023-12-10,Electronics,179.85,1,179.85,Web,0,5
10093,222,2023-09-21,Electronics,145.34,2,290.68,App,0,3
10094,205,2023-01-01,Clothing,86.94,2,173.88,App,0,4
10095,243,2023-05-24,Books,20.48,3,61.44,Web,0,3
10096,261,2023-01-10,Clothing,35.65,3,106.95,App,0,4
10097,201,2023-02-22,Electronics,150.69,1,150.69,Mobile,0,4
10098,256,2023-12-13,Clothing,70.96,1,70.96,Web,0,4
10099,166,2023-04-20,Home,18.35,2,36.7,Mobile,0,3
10100,230,2023-10-04,Home,9.38,2,18.76,Web,0,4
10101,221,2023-09-03,Sports,19.21,1,19.21,Web,0,4
10102,221,2023-08-27,Food,6.82,1,6.82,App,1,1
10103,239,2023-12-15,Clothing,19.09,1,19.09,Mobile,0,4
10104,240,2023-06-18,Sports,13.27,2,26.54,Mobile,0,4
10105,198,2023-04-26,Home,13.37,1,13.37,Mobile,0,5
10106,177,2023-03-18,Clothing,31.81,2,63.62,Web,1,3
10107,151,2023-06-02,Books,16.11,2,32.22,Mobile,0,5
10108,296,2023-12-18,Food,14.76,1,14.76,Web,0,3
10109,262,2023-11-11,Sports,14.08,2,28.16,Web,0,3
10110,202,2023-10-04,Books,10.94,1,10.94,Mobile,0,4
10111,137,2023-06-06,Electronics,388.54,1,388.54,Web,0,5
10112,248,2023-05-09,Electronics,27.38,2,54.76,App,0,4
10113,107,2023-12-24,Sports,15.27,3,45.81,Mobile,0,4
10114,299,2023-10-09,Home,16.35,1,16.35,Web,0,3
10115,285,2023-01-19,Home,26.67,1,26.67,Web,0,3
10116,156,2023-11-02,Electronics,91.44,3,274.32,Web,0,5
10117,263,2023-01-24,Sports,14.8,2,29.6,Web,0,5
10118,183,2023-02-12,Books,19.16,2,38.32,App,0,3
10119,101,2023-01-02,Books,26.46,1,26.46,Web,0,5
10120,185,2023-10-23,Clothing,18.74,2,37.48,App,0,4
10121,145,2023-11-06,Home,34.02,3,102.06,Web,0,4
10122,134,2023-07-28,Electronics,52.74,2,105.48,App,0,5
10123,103,2023-04-22,Food,67.03,1,67.03,Mobile,0,5
10124,221,2023-07-07,Sports,32.84,3,98.52,App,0,5
10125,239,2023-11-09,Clothing,36.27,2,72.54,Mobile,0,5
10126,183,2023-08-27,Home,15.74,2,31.48,App,0,4
10127,229,2023-12-03,Home,6.5,1,6.5,Web,0,3
10128,273,2023-12-05,Books,19.9,1,19.9,App,0,4
10129,102,2023-09-12,Home,20.97,1,20.97,Mobile,0,4
10130,183,2023-09-01,Clothing,54.83,2,109.66,App,0,5
10131,113,2023-12-23,Clothing,35.9,1,35.9,Mobile,0,4
10132,120,2023-06-25,Clothing,24.59,2,49.18,Mobile,0,5
10133,127,2023-06-25,Electronics,108.88,1,108.88,Web,0,5
10134,174,2023-05-13,Electronics,60.67,1,60.67,Web,0,5
10135,171,2023-12-01,Electronics,291.06,2,582.12,App,0,4
10136,160,2023-09-27,Sports,19.7,2,39.4,Web,0,5
10137,142,2023-04-05,Sports,25.41,1,25.41,Web,0,5
10138,126,2023-09-05,Electronics,232.6,1,232.6,App,0,3
10139,291,2023-07-11,Home,17.06,1,17.06,App,0,4
10140,232,2023-08-08,Sports,18.75,2,37.5,Web,0,3
10141,150,2023-12-07,Books,11.65,1,11.65,Web,0,4
10142,165,2023-02-06,Electronics,242.58,3,727.74,Mobile,0,4
10143,118,2023-12-06,Home,31.69,2,63.38,Mobile,0,5
10144,240,2023-12-14,Electronics,48.01,1,48.01,Mobile,0,4
10145,168,2023-05-13,Clothing,16.86,3,50.58,Mobile,0,5
10146,130,2023-08-06,Sports,8.08,3,24.24,Mobile,0,4
10147,114,2023-10-09,Sports,37.33,1,37.33,Mobile,0,5
10148,270,2023-01-28,Sports,18.38,1,18.38,Mobile,0,5
10149,192,2023-12-20,Books,14.04,3,42.12,Web,0,5
10150,249,2023-01-06,Clothing,29.06,2,58.12,App,0,4
10151,156,2023-09-04,Food,20.58,2,41.16,Web,0,5
10152,132,2023-12-22,Sports,10.18,2,20.36,Mobile,0,5
10153,284,2023-07-04,Food,23.6,3,70.8,Web,0,4
10154,130,2023-06-23,Books,21.61,3,64.83,Mobile,0,3
10155,282,2023-03-06,Sports,42.23,1,42.23,Web,0,3
10156,278,2023-02-03,Sports,40.96,1,40.96,Web,0,5
10157,285,2023-01-06,Home,20.64,1,20.64,Mobile,0,5
10158,138,2023-09-02,Home,17.7,2,35.4,Web,0,3
10159,202,2023-04-05,Food,9.95,1,9.95,Web,0,4
10160,121,2023-03-06,Electronics,341.12,1,341.12,Mobile,0,5
10161,110,2023-06-21,Clothing,26.98,2,53.96,Web,0,4
10162,170,2023-12-16,Books,25.04,2,50.08,Mobile,0,4
10163,144,2023-10-07,Clothing,26.58,1,26.58,Mobile,0,4
10164,296,2023-05-22,Food,6.59,3,19.77,App,0,5
10165,176,2023-12-09,Home,27.82,2,55.64,App,0,5
10166,281,2023-11-17,Books,35.33,1,35.33,App,0,5
10167,193,2023-08-11,Electronics,184.87,1,184.87,Mobile,0,3
10168,110,2023-10-21,Sports,27.27,3,81.81,Web,0,4
10169,173,2023-09-09,Clothing,105.09,3,315.27,Mobile,0,4
10170,102,2023-11-06,Books,16.52,1,16.52,Web,0,4
10171,104,2023-07-20,Electronics,133.81,2,267.62,Mobile,0,4
10172,158,2023-09-11,Electronics,154.44,1,154.44,Mobile,0,5
10173,148,2023-09-10,Food,18.92,1,18.92,App,0,3
10174,100,2023-07-08,Electronics,379.11,1,379.11,App,1,1
10175,167,2023-08-10,Books,20.18,1,20.18,Mobile,0,4
10176,160,2023-11-18,Books,30.6,3,91.8,Web,0,5
10177,294,2023-08-18,Home,17.52,2,35.04,Mobile,0,5
10178,280,2023-12-05,Food,22.07,1,22.07,App,0,3
10179,100,2023-09-02,Home,42.98,2,85.96,Mobile,0,5
10180,164,2023-05-13,Electronics,317.27,2,634.54,Mobile,0,4
10181,140,2023-04-17,Food,17.76,3,53.28,Mobile,0,4
10182,267,2023-09-13,Clothing,42.4,1,42.4,Web,0,4
10183,237,2023-07-09,Electronics,68.4,1,68.4,Mobile,0,5
10184,261,2023-12-08,Food,26.65,1,26.65,Mobile,0,5
10185,192,2023-04-02,Clothing,24.21,1,24.21,Mobile,0,3
10186,215,2023-11-19,Food,8.8,2,17.6,Mobile,0,4
10187,158,2023-08-20,Books,12.74,3,38.22,Web,0,3
10188,108,2023-06-23,Home,16.86,2,33.72,Web,0,3
10189,255,2023-03-05,Clothing,43.83,1,43.83,Mobile,0,5
10190,156,2023-12-05,Clothing,15.37,1,15.37,Mobile,0,5
10191,266,2023-09-05,Electronics,88.28,2,176.56,Web,0,5
10192,198,2023-03-18,Clothing,58.51,1,58.51,Web,0,4
10193,172,2023-09-25,Sports,12.36,1,12.36,Mobile,0,5
10194,112,2023-02-10,Home,15.24,3,45.72,Mobile,0,5
10195,215,2023-03-28,Clothing,32.25,2,64.5,Mobile,0,4
10196,240,2023-11-19,Food,22.77,1,22.77,Mobile,0,5
10197,282,2023-01-10,Clothing,23.19,1,23.19,Web,0,5
10198,133,2023-07-21,Sports,4.25,1,4.25,Web,0,4
10199,245,2023-04-24,Books,10.29,1,10.29,Mobile,0,4
10200,212,2023-11-15,Books,96.95,1,96.95,Mobile,0,4
10201,217,2023-10-01,Home,27.65,1,27.65,Web,0,4
10202,205,2023-05-06,Food,10.69,3,32.07,App,0,4
10203,210,2023-12-04,Clothing,51.72,1,51.72,Web,0,3
10204,282,2023-06-24,Home,10.56,1,10.56,Web,0,4
10205,149,2023-11-20,Sports,25.92,2,51.84,App,0,3
10206,298,2023-10-01,Clothing,23.0,1,23.0,Mobile,0,4
10207,208,2023-10-26,Books,12.37,1,12.37,Web,0,4
10208,110,2023-12-04,Electronics,524.11,1,524.11,App,0,3
10209,108,2023-12-06,Home,20.5,1,20.5,Mobile,0,5
10210,169,2023-03-21,Books,31.9,2,63.8,Mobile,0,4
10211,269,2023-10-14,Food,22.85,1,22.85,App,0,5
10212,194,2023-02-26,Electronics,245.19,1,245.19,Web,0,5
10213,274,2023-04-25,Clothing,48.25,1,48.25,Web,0,4
10214,133,2023-11-15,Electronics,283.06,3,849.18,Web,0,4
10215,208,2023-10-05,Electronics,190.37,1,190.37,Web,0,4
10216,137,2023-05-08,Home,30.37,1,30.37,App,0,4
10217,177,2023-10-28,Books,11.55,2,23.1,Web,0,5
10218,210,2023-11-05,Clothing,32.11,1,32.11,Mobile,0,3
10219,275,2023-02-18,Clothing,49.76,1,49.76,Mobile,0,5
10220,211,2023-04-28,Sports,3.94,1,3.94,App,0,3
10221,295,2023-06-21,Electronics,163.07,1,163.07,Mobile,1,1
10222,214,2023-01-21,Clothing,45.14,1,45.14,Web,0,4
10223,192,2023-12-12,Electronics,93.58,1,93.58,App,0,5
10224,253,2023-10-01,Books,19.42,2,38.84,App,0,5
10225,246,2023-02-14,Home,17.65,3,52.95,Mobile,0,4
10226,119,2023-02-20,Home,19.55,1,19.55,Web,0,3
10227,117,2023-05-23,Electronics,74.99,2,149.98,Mobile,0,5
10228,256,2023-12-17,Electronics,151.85,2,303.7,Web,1,3
10229,169,2023-05-04,Sports,24.28,2,48.56,Mobile,0,4
10230,120,2023-02-23,Food,7.06,2,14.12,Web,0,4
10231,294,2023-09-05,Home,55.12,1,55.12,Web,0,5
10232,210,2023-06-21,Clothing,50.17,1,50.17,App,0,5
10233,228,2023-11-27,Clothing,41.29,1,41.29,App,0,4
10234,216,2023-12-07,Books,10.51,2,21.02,Web,0,4
10235,168,2023-04-10,Books,81.86,2,163.72,Web,0,5
10236,175,2023-11-24,Clothing,47.82,1,47.82,Mobile,0,3
10237,292,2023-04-06,Sports,43.99,1,43.99,Web,0,3
10238,273,2023-04-07,Books,44.0,1,44.0,Web,0,5
10239,104,2023-03-22,Books,26.43,1,26.43,Mobile,0,4
10240,260,2023-10-11,Food,14.52,3,43.56,Mobile,0,5
10241,136,2023-03-10,Clothing,25.45,1,25.45,Web,0,3
10242,101,2023-04-22,Food,30.19,1,30.19,Mobile,0,4
10243,192,2023-07-02,Electronics,88.01,2,176.02,Web,0,4
10244,286,2023-02-10,Home,15.09,1,15.09,Web,0,5
10245,292,2023-11-23,Food,19.28,2,38.56,Web,0,5
10246,136,2023-11-03,Electronics,668.96,2,1337.92,Mobile,0,5
10247,203,2023-05-24,Food,22.22,1,22.22,App,1,1
10248,113,2023-07-21,Electronics,102.84,1,102.84,Mobile,0,5
10249,216,2023-09-28,Food,27.94,1,27.94,App,0,4
10250,227,2023-01-23,Electronics,1096.39,3,3289.17,Mobile,1,2
10251,299,2023-11-18,Sports,18.79,1,18.79,Web,0,5
10252,119,2023-06-06,Electronics,180.0,1,180.0,App,0,5
10253,174,2023-01-27,Clothing,58.34,2,116.68,Web,0,4
10254,250,2023-03-10,Clothing,29.58,1,29.58,Web,0,4
10255,204,2023-11-19,Clothing,18.74,2,37.48,Mobile,1,3
10256,156,2023-01-22,Electronics,84.4,3,253.2,App,0,5
10257,290,2023-11-13,Books,34.93,1,34.93,App,0,5
10258,180,2023-04-12,Electronics,675.86,2,1351.72,App,0,4
10259,120,2023-07-13,Clothing,41.2,1,41.2,Web,0,5
10260,277,2023-12-15,Clothing,27.82,1,27.82,Mobile,0,3
10261,232,2023-05-02,Home,8.89,2,17.78,Mobile,0,4
10262,127,2023-09-03,Electronics,84.57,2,169.14,Mobile,0,3
10263,226,2023-02-06,Home,10.85,1,10.85,App,1,2
10264,170,2023-11-22,Electronics,247.22,1,247.22,Web,0,4
10265,232,2023-12-08,Electronics,100.58,1,100.58,Mobile,0,3
10266,190,2023-10-26,Electronics,82.77,1,82.77,App,0,4
10267,121,2023-12-12,Sports,56.32,2,112.64,Mobile,1,2
10268,181,2023-09-13,Sports,14.16,1,14.16,Web,0,3
10269,175,2023-11-21,Home,14.75,1,14.75,App,0,5
10270,101,2023-03-25,Clothing,71.01,3,213.03,Web,1,2
10271,298,2023-03-01,Home,19.71,3,59.13,Web,0,4
10272,164,2023-03-21,Clothing,14.15,2,28.3,Mobile,0,3
10273,123,2023-11-08,Books,14.09,1,14.09,App,0,5
10274,162,2023-10-22,Clothing,27.1,2,54.2,Mobile,0,5
10275,121,2023-04-20,Books,6.52,2,13.04,App,0,4
10276,197,2023-12-25,Sports,28.89,3,86.67,Web,0,4
10277,228,2023-11-10,Home,45.78,1,45.78,App,0,4
10278,250,2023-10-25,Clothing,92.79,3,278.37,App,0,3
10279,110,2023-02-03,Clothing,10.35,3,31.05,Web,1,3
10280,290,2023-07-02,Clothing,17.66,1,17.66,Mobile,0,5
10281,120,2023-11-26,Clothing,20.56,1,20.56,Web,0,4
10282,224,2023-08-10,Electronics,93.11,1,93.11,App,0,3
10283,213,2023-11-12,Electronics,76.66,1,76.66,Web,1,3
10284,217,2023-08-04,Clothing,97.29,2,194.58,Web,0,5
10285,230,2023-12-16,Food,47.94,3,143.82,Web,0,4
10286,120,2023-03-16,Sports,14.3,2,28.6,Mobile,0,5
10287,108,2023-08-05,Clothing,40.11,2,80.22,App,0,5
10288,165,2023-12-07,Electronics,77.28,1,77.28,Web,0,5
10289,192,2023-04-11,Clothing,37.89,2,75.78,Web,0,4
10290,244,2023-05-19,Books,27.83,1,27.83,Mobile,0,3
10291,287,2023-02-04,Electronics,180.13,2,360.26,Web,0,5
10292,144,2023-11-08,Food,12.2,1,12.2,Mobile,0,5
10293,231,2023-06-26,Home,21.74,3,65.22,Mobile,0,5
10294,125,2023-04-05,Books,14.86,1,14.86,Web,0,4
10295,219,2023-12-11,Clothing,34.36,1,34.36,App,0,4
10296,159,2023-01-15,Clothing,64.87,1,64.87,App,0,5
10297,267,2023-07-09,Clothing,41.86,2,83.72,App,0,3
10298,207,2023-02-25,Clothing,65.29,2,130.58,Mobile,0,5
10299,232,2023-08-21,Sports,15.26,1,15.26,Web,0,4
10300,252,2023-04-17,Books,4.85,2,9.7,Web,1,1
10301,189,2023-08-10,Clothing,33.62,1,33.62,Web,1,2
10302,221,2023-12-16,Books,21.91,2,43.82,Web,0,5
10303,132,2023-11-28,Home,32.32,3,96.96,Web,0,3
10304,136,2023-04-15,Food,68.91,1,68.91,Mobile,0,5
10305,255,2023-11-18,Home,9.02,1,9.02,Mobile,0,3
10306,232,2023-09-27,Books,28.1,2,56.2,Web,1,3
10307,137,2023-02-02,Books,12.17,2,24.34,Web,0,5
10308,269,2023-11-22,Sports,4.42,2,8.84,Mobile,0,5
10309,152,2023-10-15,Electronics,88.17,2,176.34,Web,0,4
10310,187,2023-12-16,Clothing,35.82,3,107.46,Web,0,3
10311,138,2023-02-24,Clothing,18.12,2,36.24,Mobile,0,5
10312,103,2023-08-28,Clothing,43.14,1,43.14,Mobile,0,5
10313,195,2023-06-05,Books,37.79,3,113.37,Web,1,3
10314,257,2023-09-07,Clothing,37.6,1,37.6,Web,0,5
10315,115,2023-04-09,Home,49.16,1,49.16,App,0,5
10316,147,2023-07-05,Electronics,105.69,2,211.38,Mobile,0,4
10317,169,2023-09-07,Books,26.89,2,53.78,Web,0,3
10318,180,2023-09-13,Books,30.24,1,30.24,Mobile,0,4
10319,232,2023-10-26,Home,27.47,1,27.47,Mobile,0,4
10320,216,2023-04-18,Books,13.64,1,13.64,Mobile,0,4
10321,161,2023-05-24,Electronics,151.71,3,455.13,App,0,5
10322,213,2023-08-26,Clothing,42.37,3,127.11,App,1,3
10323,286,2023-03-01,Home,75.04,2,150.08,App,0,5
10324,237,2023-03-13,Books,76.98,1,76.98,Web,0,4
10325,272,2023-04-05,Books,45.89,2,91.78,Mobile,0,5
10326,271,2023-06-24,Sports,9.98,1,9.98,Mobile,0,5
10327,225,2023-12-09,Home,26.44,1,26.44,Mobile,1,1
10328,137,2023-11-22,Clothing,46.29,2,92.58,Mobile,0,5
10329,254,2023-08-11,Home,19.0,1,19.0,Web,0,3
10330,201,2023-12-26,Electronics,138.4,1,138.4,Mobile,0,3
10331,200,2023-08-22,Electronics,191.92,2,383.84,Mobile,0,4
10332,242,2023-12-22,Clothing,62.57,3,187.71,App,0,4
10333,165,2023-05-18,Food,18.0,1,18.0,Web,0,4
10334,107,2023-10-24,Electronics,63.5,1,63.5,App,0,4
10335,157,2023-05-28,Books,52.46,3,157.38,App,0,5
10336,230,2023-02-03,Food,15.27,2,30.54,Web,0,5
10337,263,2023-03-12,Home,15.12,3,45.36,App,0,5
10338,170,2023-11-14,Food,9.96,1,9.96,Web,0,3
10339,144,2023-07-05,Books,55.93,2,111.86,Web,0,4
10340,279,2023-12-19,Electronics,121.61,1,121.61,Web,0,5
10341,119,2023-01-27,Sports,13.14,2,26.28,Web,0,5
10342,178,2023-07-17,Home,31.3,1,31.3,Web,0,5
10343,259,2023-10-20,Electronics,187.66,3,562.98,Web,0,4
10344,229,2023-01-26,Food,19.46,2,38.92,Web,0,5
10345,184,2023-07-23,Food,23.99,1,23.99,Mobile,0,3
10346,198,2023-08-19,Food,34.41,2,68.82,Web,0,4
10347,279,2023-11-24,Clothing,18.26,1,18.26,App,0,5
10348,189,2023-12-10,Clothing,42.73,1,42.73,Mobile,0,5
10349,123,2023-09-17,Books,16.4,3,49.2,App,0,5
10350,120,2023-01-27,Sports,11.89,1,11.89,Web,0,4
10351,155,2023-02-15,Books,29.03,2,58.06,Mobile,0,5
10352,118,2023-05-21,Food,13.62,1,13.62,App,0,5
10353,213,2023-12-19,Home,35.0,2,70.0,App,0,5
10354,140,2023-10-18,Sports,11.89,2,23.78,App,0,5
10355,144,2023-04-18,Food,17.04,2,34.08,App,0,4
10356,148,2023-10-02,Books,9.04,3,27.12,Mobile,0,5
10357,170,2023-03-10,Clothing,11.95,2,23.9,App,0,4
10358,126,2023-03-13,Books,32.23,2,64.46,App,0,5
10359,145,2023-06-18,Home,13.83,1,13.83,Mobile,0,5
10360,109,2023-12-23,Clothing,35.46,1,35.46,Mobile,0,5
10361,176,2023-12-13,Home,17.51,1,17.51,Mobile,0,5
10362,184,2023-12-07,Electronics,356.62,1,356.62,Mobile,1,2
10363,216,2023-01-21,Home,13.69,3,41.07,Web,0,5
10364,186,2023-09-24,Books,6.43,2,12.86,App,0,4
10365,115,2023-11-10,Sports,63.93,1,63.93,App,0,5
10366,100,2023-04-03,Food,13.49,1,13.49,Web,0,5
10367,266,2023-11-08,Electronics,174.98,1,174.98,Mobile,0,4
10368,188,2023-02-05,Clothing,74.21,1,74.21,Mobile,0,3
10369,293,2023-07-05,Food,14.2,2,28.4,App,0,3
10370,172,2023-05-09,Home,73.1,2,146.2,Web,0,5
10371,276,2023-01-17,Food,19.69,2,39.38,Mobile,0,5
10372,175,2023-09-02,Electronics,258.68,1,258.68,Web,0,4
10373,140,2023-05-06,Books,7.73,3,23.19,App,0,5
10374,210,2023-04-07,Food,70.13,2,140.26,Mobile,0,4
10375,279,2023-05-21,Food,9.86,1,9.86,Mobile,0,5
10376,297,2023-01-12,Books,16.07,1,16.07,Mobile,0,4
10377,272,2023-05-28,Books,48.47,2,96.94,Web,0,5
10378,249,2023-12-07,Food,11.33,1,11.33,Web,0,4
10379,286,2023-11-12,Books,13.59,3,40.77,App,0,5
10380,110,2023-02-11,Clothing,26.08,2,52.16,Mobile,0,5
10381,128,2023-10-15,Clothing,48.0,1,48.0,Web,0,3
10382,198,2023-09-13,Clothing,30.4,3,91.2,Mobile,0,5
10383,288,2023-12-17,Food,7.54,2,15.08,App,0,4
10384,116,2023-10-01,Clothing,16.02,1,16.02,App,0,4
10385,203,2023-12-09,Books,9.28,3,27.84,Mobile,0,5
10386,222,2023-12-21,Books,23.32,3,69.96,Mobile,0,5
10387,275,2023-02-09,Electronics,32.19,1,32.19,Mobile,0,5
10388,255,2023-12-15,Food,19.51,3,58.53,Mobile,0,3
10389,210,2023-02-23,Sports,15.88,2,31.76,Web,0,4
10390,135,2023-02-03,Home,31.59,2,63.18,App,0,3
10391,100,2023-06-06,Home,17.4,1,17.4,Mobile,0,4
10392,165,2023-05-04,Home,11.78,1,11.78,Mobile,1,1
10393,203,2023-10-12,Clothing,25.42,1,25.42,Web,0,4
10394,151,2023-03-06,Clothing,30.1,1,30.1,App,1,2
10395,141,2023-11-27,Clothing,25.93,2,51.86,Web,0,4
10396,192,2023-10-19,Electronics,190.18,1,190.18,Web,0,4
10397,159,2023-11-19,Electronics,377.58,1,377.58,Web,0,5
10398,242,2023-04-11,Books,26.77,1,26.77,Web,0,4
10399,260,2023-11-20,Electronics,990.68,1,990.68,App,0,4
10400,100,2023-11-25,Home,63.0,3,189.0,Mobile,0,3
10401,269,2023-07-17,Clothing,13.48,3,40.44,Web,0,5
10402,111,2023-04-06,Clothing,18.66,1,18.66,Web,0,3
10403,174,2023-12-11,Clothing,131.12,2,262.24,Web,0,3
10404,115,2023-04-13,Food,9.36,1,9.36,Web,0,4
10405,246,2023-04-01,Electronics,245.19,1,245.19,App,0,5
10406,253,2023-01-14,Clothing,37.63,1,37.63,App,0,4
10407,191,2023-06-25,Clothing,55.17,2,110.34,Web,0,4
10408,172,2023-10-24,Books,6.19,2,12.38,Web,0,4
10409,211,2023-07-07,Electronics,88.25,1,88.25,Web,0,4
10410,202,2023-12-04,Clothing,17.06,3,51.18,Mobile,1,1
10411,148,2023-12-05,Clothing,31.98,1,31.98,Web,0,5
10412,260,2023-11-25,Clothing,27.34,2,54.68,Web,1,3
10413,126,2023-08-20,Electronics,228.45,3,685.35,Web,0,4
10414,228,2023-05-18,Clothing,58.93,1,58.93,Web,0,4
10415,129,2023-05-18,Food,15.41,1,15.41,Web,1,2
10416,287,2023-04-01,Clothing,47.21,1,47.21,App,0,4
10417,211,2023-12-27,Electronics,67.62,2,135.24,Mobile,0,3
10418,242,2023-11-03,Home,13.4,2,26.8,Web,0,4
10419,162,2023-11-15,Electronics,260.22,1,260.22,App,0,3
10420,216,2023-08-27,Electronics,51.72,2,103.44,Web,0,5
10421,123,2023-02-26,Books,31.11,2,62.22,Web,0,5
10422,265,2023-08-04,Books,14.02,1,14.02,App,0,5
10423,190,2023-10-12,Home,24.9,1,24.9,App,0,5
10424,290,2023-02-06,Clothing,45.37,1,45.37,App,0,4
10425,216,2023-04-11,Food,8.02,1,8.02,Mobile,0,4
10426,124,2023-02-06,Food,12.39,2,24.78,App,0,4
10427,285,2023-12-14,Clothing,26.78,2,53.56,Mobile,0,4
10428,117,2023-09-19,Electronics,43.73,3,131.19,App,0,5
10429,227,2023-07-07,Food,26.08,2,52.16,Mobile,1,1
10430,274,2023-12-05,Electronics,266.63,2,533.26,Web,0,4
10431,119,2023-10-28,Electronics,175.14,1,175.14,Web,0,5
10432,112,2023-12-06,Clothing,65.05,1,65.05,App,0,4
10433,246,2023-01-03,Clothing,38.76,2,77.52,Mobile,0,5
10434,128,2023-12-01,Food,18.38,1,18.38,Web,0,4
10435,222,2023-04-25,Food,23.04,3,69.12,Mobile,1,3
10436,162,2023-07-25,Books,28.64,1,28.64,Mobile,0,4
10437,280,2023-04-24,Home,79.19,1,79.19,Mobile,0,4
10438,228,2023-04-08,Food,49.19,2,98.38,Mobile,0,4
10439,229,2023-10-08,Sports,11.88,2,23.76,Web,0,5
10440,120,2023-06-25,Clothing,49.44,2,98.88,App,0,3
10441,172,2023-11-05,Sports,44.12,2,88.24,App,0,4
10442,270,2023-02-06,Food,26.98,1,26.98,Web,0,5
10443,189,2023-04-24,Food,11.73,1,11.73,App,0,4
10444,197,2023-05-10,Electronics,282.57,2,565.14,Web,0,5
10445,232,2023-12-13,Clothing,42.06,2,84.12,App,0,3
10446,259,2023-01-28,Home,23.31,2,46.62,Web,0,5
10447,252,2023-10-23,Clothing,36.68,1,36.68,App,0,4
10448,287,2023-09-22,Electronics,129.02,3,387.06,Web,0,5
10449,172,2023-06-16,Electronics,608.48,1,608.48,Mobile,0,4
10450,231,2023-12-24,Books,34.64,1,34.64,App,0,4
10451,192,2023-10-02,Electronics,108.84,1,108.84,Web,0,3
10452,240,2023-01-27,Clothing,21.84,2,43.68,Web,0,5
10453,157,2023-08-08,Electronics,50.9,2,101.8,App,0,4
10454,210,2023-09-06,Books,38.23,1,38.23,Mobile,0,4
10455,238,2023-01-08,Food,19.41,3,58.23,Web,0,3
10456,290,2023-05-16,Food,21.97,3,65.91,Mobile,0,5
10457,144,2023-10-19,Clothing,16.5,3,49.5,Web,0,5
10458,164,2023-03-28,Books,33.73,2,67.46,Web,0,4
10459,276,2023-04-01,Books,30.93,1,30.93,App,0,3
10460,261,2023-08-01,Clothing,17.96,2,35.92,Mobile,0,4
10461,154,2023-08-17,Food,20.66,1,20.66,Mobile,0,4
10462,134,2023-02-05,Sports,50.57,3,151.71,Web,0,5
10463,165,2023-03-13,Clothing,31.01,2,62.02,Mobile,0,3
10464,179,2023-09-15,Food,27.65,2,55.3,Web,0,3
10465,134,2023-07-28,Sports,12.46,2,24.92,Web,0,3
10466,152,2023-12-02,Clothing,38.8,3,116.4,Mobile,1,3
10467,230,2023-07-15,Books,25.14,1,25.14,App,0,5
10468,206,2023-02-26,Sports,14.05,1,14.05,Web,0,3
10469,131,2023-11-25,Sports,27.98,2,55.96,App,1,2
10470,236,2023-05-15,Electronics,95.41,1,95.41,Web,0,5
10471,157,2023-08-04,Clothing,42.89,1,42.89,App,0,5
10472,267,2023-11-15,Sports,33.23,1,33.23,App,0,5
10473,229,2023-05-22,Food,14.81,1,14.81,App,0,5
10474,224,2023-05-19,Clothing,21.83,1,21.83,Mobile,0,4
10475,189,2023-12-09,Food,34.91,2,69.82,App,0,3
10476,200,2023-12-21,Clothing,44.42,1,44.42,Web,0,4
10477,165,2023-11-23,Food,29.19,1,29.19,Mobile,0,5
10478,287,2023-05-13,Food,67.53,3,202.59,Mobile,0,3
10479,117,2023-12-15,Books,13.74,1,13.74,Web,0,5
10480,257,2023-09-16,Books,35.51,1,35.51,Web,0,4
10481,126,2023-03-27,Clothing,73.4,2,146.8,App,0,5
10482,207,2023-07-08,Home,12.34,1,12.34,Mobile,0,5
10483,277,2023-06-21,Clothing,16.89,2,33.78,App,0,5
10484,211,2023-01-25,Electronics,353.17,2,706.34,App,0,4
10485,196,2023-09-28,Food,24.24,2,48.48,Web,0,5
10486,281,2023-12-07,Sports,25.56,1,25.56,Mobile,0,4
10487,248,2023-06-26,Home,23.11,3,69.33,Mobile,0,4
10488,113,2023-03-08,Electronics,166.43,1,166.43,Mobile,0,4
10489,158,2023-10-28,Electronics,103.67,2,207.34,Web,0,5
10490,215,2023-09-13,Electronics,59.03,2,118.06,Mobile,0,4
10491,274,2023-06-07,Books,17.38,3,52.14,Mobile,0,4
10492,174,2023-08-07,Electronics,444.1,1,444.1,App,0,5
10493,129,2023-05-24,Home,9.15,1,9.15,App,0,5
10494,151,2023-08-13,Food,33.99,3,101.97,App,0,4
10495,247,2023-06-24,Food,9.13,2,18.26,Web,0,5
10496,158,2023-02-06,Food,19.65,2,39.3,App,0,5
10497,161,2023-11-26,Food,31.88,1,31.88,Web,0,5
10498,293,2023-03-04,Food,20.55,1,20.55,Web,0,5
10499,286,2023-08-01,Electronics,231.51,3,694.53,Web,1,3
10500,208,2023-11-23,Food,5.99,1,5.99,Web,0,4
10501,188,2023-04-22,Clothing,34.68,1,34.68,Web,0,3
10502,277,2023-05-20,Food,7.23,2,14.46,App,0,5
10503,153,2023-10-25,Clothing,30.86,2,61.72,Web,0,5
10504,270,2023-04-27,Electronics,571.46,1,571.46,Web,0,4
10505,194,2023-10-16,Home,9.52,2,19.04,App,0,5
10506,230,2023-10-12,Clothing,56.01,2,112.02,Web,0,3
10507,209,2023-09-26,Home,16.73,3,50.19,Web,0,4
10508,277,2023-02-05,Food,8.59,1,8.59,Mobile,0,5
10509,152,2023-10-14,Books,33.32,2,66.64,App,1,2
10510,167,2023-05-17,Food,11.35,1,11.35,Web,0,3
10511,192,2023-11-15,Home,12.8,3,38.4,App,1,1
10512,228,2023-04-22,Home,66.65,1,66.65,App,0,5
10513,134,2023-05-02,Electronics,51.65,2,103.3,Mobile,0,5
10514,166,2023-11-09,Books,20.22,1,20.22,Web,0,4
10515,113,2023-06-22,Books,46.5,1,46.5,App,0,5
10516,202,2023-06-21,Food,9.33,3,27.99,Mobile,0,4
10517,252,2023-11-20,Sports,36.8,1,36.8,Mobile,0,5
10518,230,2023-08-25,Electronics,347.05,1,347.05,Web,0,4
10519,292,2023-12-25,Books,11.09,1,11.09,Web,0,5
10520,132,2023-03-17,Clothing,190.8,2,381.6,Mobile,0,3
10521,264,2023-12-14,Sports,62.74,2,125.48,Web,0,5
10522,165,2023-08-13,Books,31.76,2,63.52,App,0,4
10523,128,2023-10-02,Clothing,20.6,2,41.2,Mobile,0,5
10524,126,2023-01-28,Books,17.05,3,51.15,Web,0,4
10525,102,2023-11-10,Clothing,40.76,2,81.52,Mobile,0,4
10526,171,2023-12-12,Electronics,50.57,2,101.14,Web,0,4
10527,247,2023-01-19,Food,21.51,1,21.51,Mobile,0,4
10528,280,2023-10-05,Electronics,312.94,1,312.94,Web,0,5
10529,213,2023-02-06,Books,28.44,3,85.32,Web,0,4
10530,259,2023-08-10,Electronics,93.6,2,187.2,Web,0,5
10531,106,2023-04-19,Food,12.12,1,12.12,Web,0,5
10532,274,2023-01-08,Electronics,358.33,1,358.33,Web,0,5
10533,193,2023-01-02,Electronics,167.79,1,167.79,Mobile,0,4
10534,286,2023-11-24,Electronics,133.84,2,267.68,Mobile,0,5
10535,231,2023-11-24,Home,17.57,1,17.57,Web,0,3
10536,137,2023-10-06,Books,13.25,1,13.25,Mobile,0,4
10537,140,2023-06-08,Home,11.58,3,34.74,Web,0,3
10538,117,2023-05-18,Home,4.58,1,4.58,Web,0,4
10539,243,2023-06-19,Home,18.23,1,18.23,Mobile,0,3
10540,220,2023-12-12,Clothing,30.16,1,30.16,Mobile,0,5
10541,102,2023-05-26,Electronics,308.74,2,617.48,App,0,5
10542,135,2023-03-21,Books,29.05,1,29.05,Web,0,5
10543,267,2023-11-08,Sports,27.55,3,82.65,Web,0,5
10544,188,2023-10-02,Books,19.0,1,19.0,App,0,5
10545,182,2023-12-01,Home,17.36,3,52.08,Mobile,1,3
10546,104,2023-06-12,Electronics,311.07,1,311.07,Mobile,0,3
10547,273,2023-09-01,Electronics,269.01,1,269.01,Web,0,5
10548,195,2023-07-11,Clothing,15.38,2,30.76,Mobile,0,4
10549,115,2023-08-04,Clothing,15.9,1,15.9,Web,0,5
10550,272,2023-12-04,Food,24.73,3,74.19,Web,0,4
10551,231,2023-08-18,Sports,30.72,2,61.44,Web,0,4
10552,183,2023-01-16,Books,15.72,1,15.72,Web,0,5
10553,222,2023-07-02,Food,38.95,2,77.9,Mobile,0,4
10554,167,2023-08-08,Home,34.65,2,69.3,App,0,4
10555,179,2023-06-28,Electronics,126.87,1,126.87,Web,0,4
10556,257,2023-04-08,Food,14.65,1,14.65,Web,0,4
10557,277,2023-02-25,Food,13.32,1,13.32,Mobile,0,5
10558,184,2023-05-21,Books,15.1,1,15.1,Mobile,0,3
10559,167,2023-10-05,Electronics,144.96,3,434.88,Mobile,0,4
10560,219,2023-09-15,Clothing,31.51,2,63.02,Mobile,0,5
10561,145,2023-10-21,Electronics,240.44,3,721.32,Mobile,0,5
10562,124,2023-07-25,Food,32.57,2,65.14,Mobile,0,4
10563,166,2023-09-23,Food,30.59,3,91.77,Web,1,2
10564,158,2023-05-24,Sports,14.82,2,29.64,App,0,4
10565,127,2023-01-23,Electronics,76.97,1,76.97,App,0,5
10566,199,2023-06-01,Books,44.32,1,44.32,Web,0,4
10567,171,2023-07-06,Home,20.89,3,62.67,Web,0,4
10568,237,2023-06-10,Electronics,71.65,2,143.3,Mobile,0,5
10569,126,2023-02-05,Home,18.9,2,37.8,App,1,3
10570,187,2023-08-06,Clothing,11.04,1,11.04,App,0,5
10571,247,2023-02-28,Electronics,71.93,2,143.86,Web,0,4
10572,133,2023-02-22,Clothing,82.66,2,165.32,Web,0,4
10573,125,2023-08-04,Home,14.09,2,28.18,App,0,3
10574,234,2023-02-04,Food,48.43,2,96.86,App,0,5
10575,211,2023-05-14,Food,49.04,1,49.04,App,0,5
10576,254,2023-12-26,Clothing,52.73,1,52.73,Web,0,4
10577,137,2023-08-21,Food,10.73,1,10.73,Web,0,4
10578,186,2023-05-01,Books,23.26,2,46.52,App,0,5
10579,183,2023-03-03,Books,37.66,3,112.98,Web,1,2
10580,236,2023-05-08,Clothing,17.21,1,17.21,Web,1,3
10581,254,2023-12-13,Food,8.67,1,8.67,App,0,4
10582,232,2023-07-23,Home,11.19,1,11.19,Web,1,3
10583,218,2023-07-28,Food,30.06,1,30.06,App,0,3
10584,211,2023-12-02,Electronics,197.31,1,197.31,App,0,5
10585,267,2023-12-16,Electronics,605.17,3,1815.51,App,0,5
10586,239,2023-11-18,Clothing,17.17,3,51.51,Mobile,1,2
10587,238,2023-04-23,Books,8.33,1,8.33,Web,0,5
10588,199,2023-04-06,Clothing,22.77,2,45.54,Web,0,4
10589,276,2023-08-20,Electronics,64.69,1,64.69,Mobile,0,4
10590,166,2023-11-07,Home,92.62,2,185.24,App,0,5
10591,234,2023-08-14,Books,28.78,1,28.78,Web,0,4
10592,282,2023-09-15,Food,18.77,1,18.77,Web,0,4
10593,118,2023-03-23,Books,21.26,3,63.78,Web,0,4
10594,181,2023-11-18,Books,13.51,1,13.51,Web,1,2
10595,268,2023-06-27,Electronics,168.87,2,337.74,Web,0,5
10596,184,2023-11-01,Clothing,48.27,1,48.27,Web,0,4
10597,227,2023-02-20,Books,7.72,1,7.72,Mobile,0,3
10598,177,2023-12-15,Books,15.86,2,31.72,Mobile,0,4
10599,287,2023-12-18,Food,29.07,1,29.07,Mobile,0,5
10600,185,2023-12-10,Clothing,73.25,2,146.5,Web,0,4
10601,291,2023-12-02,Food,5.04,2,10.08,Web,0,4
10602,165,2023-04-15,Electronics,22.04,1,22.04,Web,0,4
10603,191,2023-03-09,Electronics,120.3,1,120.3,Mobile,0,5
10604,167,2023-03-01,Clothing,19.61,1,19.61,Mobile,0,4
10605,153,2023-10-18,Home,33.55,1,33.55,App,0,4
10606,154,2023-03-02,Sports,6.81,2,13.62,Web,0,5
10607,184,2023-01-15,Electronics,186.08,1,186.08,App,0,4
10608,186,2023-04-28,Electronics,324.48,1,324.48,Web,0,4
10609,196,2023-08-11,Electronics,386.53,1,386.53,Mobile,0,3
10610,269,2023-12-01,Home,24.77,1,24.77,App,0,4
10611,195,2023-12-04,Clothing,21.92,1,21.92,Web,0,4
10612,103,2023-12-14,Books,35.25,1,35.25,Web,0,5
10613,111,2023-11-19,Home,12.76,3,38.28,App,0,5
10614,216,2023-04-12,Clothing,51.88,1,51.88,Web,0,4
10615,204,2023-05-10,Clothing,31.99,1,31.99,Web,0,3
10616,176,2023-04-13,Home,19.96,2,39.92,Mobile,0,3
10617,192,2023-05-27,Food,52.85,2,105.7,Web,0,4
10618,284,2023-06-22,Books,11.85,1,11.85,Mobile,0,4
10619,122,2023-07-21,Electronics,221.57,2,443.14,Web,0,4
10620,219,2023-04-20,Electronics,455.23,3,1365.69,App,0,4
10621,237,2023-12-16,Electronics,36.22,2,72.44,App,1,1
10622,109,2023-11-05,Clothing,28.56,2,57.12,App,0,4
10623,274,2023-11-02,Books,26.95,1,26.95,Mobile,0,4
10624,129,2023-10-21,Home,13.43,1,13.43,Mobile,0,4
10625,146,2023-11-24,Sports,57.64,1,57.64,Web,0,4
10626,283,2023-08-05,Food,13.14,1,13.14,Mobile,0,5
10627,158,2023-02-19,Sports,37.39,1,37.39,Mobile,0,5
10628,262,2023-05-15,Home,26.5,1,26.5,Mobile,0,4
10629,235,2023-12-19,Food,24.1,3,72.3,Mobile,0,4
10630,138,2023-02-12,Electronics,418.47,1,418.47,Web,0,5
10631,243,2023-04-07,Sports,21.9,1,21.9,App,0,4
10632,270,2023-10-03,Clothing,49.84,1,49.84,Web,0,5
10633,290,2023-12-20,Clothing,24.26,3,72.78,Web,0,3
10634,191,2023-07-16,Clothing,59.68,2,119.36,Mobile,0,3
10635,216,2023-03-07,Clothing,55.92,3,167.76,Web,0,5
10636,269,2023-09-15,Electronics,738.27,2,1476.54,Mobile,0,4
10637,202,2023-11-17,Home,21.01,2,42.02,Mobile,0,5
10638,180,2023-12-25,Food,21.35,1,21.35,Mobile,0,4
10639,131,2023-03-17,Clothing,98.86,2,197.72,Mobile,0,5
10640,239,2023-12-17,Sports,29.82,3,89.46,Mobile,0,3
10641,285,2023-09-13,Electronics,123.08,2,246.16,Web,0,3
10642,251,2023-12-26,Home,15.88,2,31.76,Mobile,0,5
10643,221,2023-11-28,Food,16.34,3,49.02,Web,0,5
10644,163,2023-04-02,Food,25.31,2,50.62,App,0,4
10645,160,2023-12-28,Sports,22.18,1,22.18,Web,0,5
10646,294,2023-04-17,Food,12.16,2,24.32,Mobile,0,4
10647,292,2023-08-27,Clothing,86.26,2,172.52,Web,0,4
10648,105,2023-12-09,Clothing,35.77,1,35.77,Web,0,5
10649,151,2023-12-11,Clothing,21.82,2,43.64,Web,0,3
10650,202,2023-02-19,Home,12.52,3,37.56,Web,0,4
10651,113,2023-05-16,Electronics,116.13,1,116.13,App,0,5
10652,115,2023-05-13,Clothing,15.63,2,31.26,Web,0,5
10653,188,2023-12-19,Books,44.74,1,44.74,App,0,5
10654,251,2023-11-19,Sports,36.29,1,36.29,Mobile,0,5
10655,246,2023-11-05,Books,18.09,1,18.09,Web,0,5
10656,254,2023-04-25,Books,13.54,3,40.62,Web,0,5
10657,204,2023-08-01,Books,30.08,2,60.16,App,0,5
10658,258,2023-12-20,Home,5.85,1,5.85,Mobile,0,5
10659,104,2023-11-05,Electronics,213.13,1,213.13,Web,0,5
10660,153,2023-03-23,Sports,5.54,1,5.54,App,0,5
10661,221,2023-08-18,Clothing,84.04,1,84.04,Web,0,4
10662,104,2023-05-24,Home,10.35,2,20.7,Mobile,0,5
10663,253,2023-05-27,Clothing,25.13,2,50.26,Web,0,5
10664,289,2023-11-16,Clothing,42.47,1,42.47,Mobile,0,5
10665,117,2023-02-02,Electronics,253.95,3,761.85,App,0,5
10666,101,2023-08-07,Electronics,15.84,1,15.84,App,0,4
10667,115,2023-06-25,Electronics,423.43,3,1270.29,Web,0,5
10668,224,2023-08-02,Clothing,13.9,1,13.9,Mobile,0,3
10669,145,2023-01-15,Books,27.68,1,27.68,Mobile,0,5
10670,206,2023-01-05,Electronics,269.69,1,269.69,Web,0,5
10671,250,2023-05-24,Home,13.84,1,13.84,Web,0,4
10672,130,2023-07-14,Food,21.12,1,21.12,Web,0,5
10673,181,2023-10-09,Food,19.72,1,19.72,Mobile,0,5
10674,163,2023-11-27,Food,16.32,1,16.32,App,0,5
10675,131,2023-02-13,Home,10.15,1,10.15,App,0,4
10676,157,2023-07-13,Books,11.33,2,22.66,Web,0,5
10677,267,2023-08-06,Books,21.72,1,21.72,Mobile,0,5
10678,113,2023-11-13,Clothing,44.29,3,132.87,Web,0,5
10679,171,2023-09-06,Electronics,1439.21,2,2878.42,Mobile,0,4
10680,261,2023-11-19,Food,4.59,3,13.77,App,0,5
10681,199,2023-04-24,Sports,19.55,2,39.1,Web,0,5
10682,249,2023-05-16,Home,21.8,1,21.8,Mobile,0,4
10683,242,2023-11-27,Food,12.21,1,12.21,App,0,5
10684,297,2023-10-24,Food,8.8,2,17.6,App,1,3
10685,207,2023-03-27,Home,10.59,1,10.59,App,0,5
10686,161,2023-09-19,Sports,22.1,1,22.1,Mobile,0,4
10687,190,2023-01-25,Clothing,20.22,1,20.22,App,0,5
10688,101,2023-07-15,Books,21.1,1,21.1,Mobile,0,3
10689,123,2023-05-25,Electronics,77.7,1,77.7,Mobile,0,4
10690,203,2023-08-16,Sports,13.64,3,40.92,Web,0,3
10691,291,2023-07-05,Clothing,44.6,3,133.8,Mobile,0,4
10692,248,2023-05-02,Food,25.97,1,25.97,Mobile,0,5
10693,282,2023-10-04,Home,46.63,3,139.89,Web,0,4
10694,171,2023-11-03,Electronics,112.58,3,337.74,Mobile,0,3
10695,155,2023-04-27,Clothing,29.59,1,29.59,Web,0,3
10696,281,2023-12-02,Sports,81.92,2,163.84,Web,0,4
10697,192,2023-03-23,Clothing,30.53,2,61.06,Web,0,4
10698,179,2023-12-06,Electronics,199.48,1,199.48,Web,0,5
10699,116,2023-01-10,Home,68.25,2,136.5,Mobile,0,4
10700,265,2023-05-26,Clothing,19.39,1,19.39,Mobile,1,3
10701,124,2023-12-23,Clothing,53.29,1,53.29,Web,0,4
10702,225,2023-05-12,Clothing,51.14,2,102.28,App,0,5
10703,100,2023-09-20,Electronics,58.22,1,58.22,Mobile,0,5
10704,222,2023-12-21,Books,41.65,2,83.3,Mobile,0,3
10705,260,2023-10-25,Food,19.78,1,19.78,Web,0,5
10706,141,2023-02-03,Food,8.82,1,8.82,Mobile,1,2
10707,131,2023-06-05,Books,41.22,3,123.66,Web,0,5
10708,252,2023-06-01,Books,58.66,1,58.66,App,0,3
10709,268,2023-03-26,Food,5.43,1,5.43,Mobile,0,4
10710,288,2023-07-12,Electronics,119.94,2,239.88,Mobile,0,3
10711,269,2023-04-02,Electronics,101.87,2,203.74,App,0,4
10712,260,2023-01-21,Clothing,54.75,2,109.5,Web,0,4
10713,154,2023-11-11,Books,28.4,3,85.2,App,0,4
10714,195,2023-05-23,Home,32.31,1,32.31,Mobile,0,5
10715,156,2023-04-24,Books,12.59,2,25.18,App,0,4
10716,220,2023-07-09,Electronics,90.08,1,90.08,Web,0,4
10717,215,2023-05-23,Sports,22.48,1,22.48,Mobile,0,4
10718,203,2023-03-08,Clothing,44.26,1,44.26,Mobile,0,4
10719,170,2023-10-07,Clothing,88.9,1,88.9,Mobile,0,5
10720,206,2023-01-14,Food,28.69,1,28.69,Web,0,5
10721,116,2023-08-13,Home,5.63,2,11.26,Mobile,0,5
10722,213,2023-01-28,Food,4.8,1,4.8,Web,0,4
10723,137,2023-06-05,Electronics,91.31,1,91.31,App,0,4
10724,157,2023-05-18,Sports,9.76,3,29.28,App,0,5
10725,256,2023-08-26,Sports,12.33,3,36.99,Web,0,5
10726,226,2023-11-26,Home,26.02,1,26.02,App,0,5
10727,237,2023-11-22,Sports,15.42,3,46.26,Web,0,4
10728,274,2023-05-16,Clothing,20.12,1,20.12,Mobile,0,4
10729,187,2023-06-04,Food,4.29,1,4.29,App,0,3
10730,182,2023-12-24,Clothing,30.82,3,92.46,Web,0,5
10731,129,2023-02-19,Books,29.71,1,29.71,Mobile,0,4
10732,120,2023-02-12,Home,36.35,1,36.35,App,0,4
10733,181,2023-06-20,Electronics,186.93,2,373.86,Mobile,0,3
10734,148,2023-10-16,Books,32.71,3,98.13,Mobile,0,4
10735,280,2023-10-14,Clothing,53.48,1,53.48,Mobile,0,5
10736,251,2023-12-14,Food,54.84,1,54.84,Web,0,4
10737,148,2023-12-27,Clothing,76.24,1,76.24,App,0,5
10738,205,2023-10-26,Books,33.45,3,100.35,Web,0,5
10739,159,2023-12-11,Electronics,1146.33,3,3438.99,Mobile,0,5
10740,134,2023-02-03,Electronics,129.72,1,129.72,Mobile,0,3
10741,118,2023-11-11,Food,23.55,2,47.1,Mobile,0,5
10742,200,2023-07-02,Clothing,68.59,1,68.59,Mobile,0,5
10743,124,2023-11-26,Food,9.01,1,9.01,Web,0,5
10744,280,2023-04-17,Clothing,27.91,1,27.91,Web,0,5
10745,143,2023-08-20,Clothing,48.45,1,48.45,Mobile,0,4
10746,219,2023-09-27,Books,9.47,2,18.94,Web,0,4
10747,274,2023-10-02,Food,17.01,1,17.01,App,0,5
10748,149,2023-11-18,Books,12.44,1,12.44,Web,0,3
10749,138,2023-12-22,Electronics,441.79,2,883.58,Mobile,0,4
10750,228,2023-08-14,Sports,10.54,2,21.08,Web,0,5
10751,251,2023-11-03,Books,8.62,1,8.62,Mobile,0,3
10752,217,2023-05-20,Electronics,401.24,3,1203.72,Web,0,5
10753,170,2023-09-21,Electronics,161.03,3,483.09,Web,0,5
10754,293,2023-02-18,Books,21.23,3,63.69,App,0,5
10755,193,2023-08-03,Books,25.54,2,51.08,Mobile,0,5
10756,262,2023-02-05,Books,42.4,1,42.4,Web,0,3
10757,267,2023-11-05,Sports,32.81,2,65.62,Mobile,0,4
10758,168,2023-02-03,Food,33.35,3,100.05,Mobile,1,3
10759,109,2023-10-01,Clothing,28.15,2,56.3,Web,0,4
10760,101,2023-05-12,Food,11.66,2,23.32,App,0,4
10761,156,2023-08-03,Clothing,57.98,1,57.98,Web,0,4
10762,133,2023-05-16,Books,25.21,1,25.21,Mobile,0,3
10763,114,2023-05-04,Books,7.71,1,7.71,Web,0,3
10764,190,2023-04-07,Food,19.51,3,58.53,Web,0,4
10765,151,2023-01-05,Electronics,142.72,1,142.72,Web,0,4
10766,233,2023-12-20,Home,14.81,1,14.81,Web,0,5
10767,240,2023-01-22,Electronics,121.9,3,365.7,Web,0,4
10768,182,2023-02-16,Electronics,84.27,3,252.81,App,0,5
10769,259,2023-05-13,Electronics,267.6,2,535.2,Web,0,4
10770,108,2023-03-16,Food,12.13,1,12.13,Web,0,5
10771,174,2023-07-18,Books,10.06,2,20.12,Web,0,4
10772,152,2023-11-08,Electronics,54.32,1,54.32,Mobile,0,5
10773,278,2023-08-05,Electronics,176.28,3,528.84,Web,0,3
10774,219,2023-07-02,Clothing,24.78,1,24.78,App,0,5
10775,131,2023-06-09,Home,78.14,1,78.14,Web,0,3
10776,259,2023-04-01,Home,23.67,1,23.67,Web,0,4
10777,295,2023-04-06,Electronics,30.34,2,60.68,Web,0,4
10778,230,2023-10-06,Books,24.8,1,24.8,Mobile,0,5
10779,226,2023-07-15,Clothing,87.9,3,263.7,App,0,4
10780,145,2023-09-19,Food,22.88,1,22.88,Web,0,5
10781,195,2023-02-19,Clothing,28.56,3,85.68,Web,0,4
10782,154,2023-06-27,Home,34.21,1,34.21,Mobile,1,2
10783,132,2023-08-20,Sports,12.0,1,12.0,App,0,5
10784,131,2023-08-19,Home,29.23,2,58.46,Mobile,0,3
10785,262,2023-04-05,Home,49.35,1,49.35,Mobile,1,1
10786,157,2023-12-03,Electronics,68.66,1,68.66,Web,0,5
10787,231,2023-11-18,Books,9.89,2,19.78,Mobile,0,4
10788,226,2023-06-08,Clothing,65.38,1,65.38,Web,0,4
10789,207,2023-12-13,Clothing,39.57,1,39.57,App,0,4
10790,179,2023-03-08,Sports,10.84,2,21.68,Web,0,4
10791,247,2023-07-19,Electronics,232.2,1,232.2,App,0,5
10792,293,2023-12-24,Clothing,44.1,1,44.1,Mobile,0,4
10793,289,2023-11-18,Clothing,21.5,2,43.0,Mobile,0,4
10794,106,2023-02-24,Home,23.05,1,23.05,Mobile,0,5
10795,296,2023-03-19,Clothing,15.43,3,46.29,Mobile,0,4
10796,195,2023-05-16,Clothing,27.0,1,27.0,Mobile,0,5
10797,172,2023-12-16,Electronics,43.58,2,87.16,Web,0,5
10798,133,2023-05-07,Food,22.55,1,22.55,App,0,5
10799,214,2023-11-19,Clothing,51.89,2,103.78,Web,0,4
10800,104,2023-08-02,Food,3.95,1,3.95,Mobile,0,5
