session_id,user_id,timestamp,device,traffic_source,duration_seconds,pages_viewed,bounce,converted,cart_value
S000001,1062,2024-01-08 22:00,Mobile,Organic,129,4,0,1,13.21
S000002,1044,2024-01-05 06:00,Desktop,Email,267,4,0,0,0.0
S000003,1060,2024-01-12 02:00,Tablet,Paid,164,3,0,0,0.0
S000004,1103,2024-01-26 11:00,Tablet,Email,186,6,0,0,0.0
S000005,1101,2024-03-15 19:00,Desktop,Direct,5,6,0,0,0.0
S000006,1015,2024-02-16 00:00,Mobile,Organic,818,7,0,1,83.46
S000007,1170,2024-03-10 02:00,Desktop,Paid,76,3,0,0,0.0
S000008,1115,2024-02-28 00:00,Desktop,Organic,148,9,0,0,0.0
S000009,1151,2024-02-14 05:00,Desktop,Social,222,2,0,0,0.0
S000010,1017,2024-02-17 16:00,Mobile,Organic,214,4,0,0,0.0
S000011,1122,2024-02-08 05:00,Tablet,Paid,189,2,0,0,0.0
S000012,1091,2024-01-07 21:00,Mobile,Social,546,2,0,0,0.0
S000013,1060,2024-02-06 15:00,Desktop,Organic,715,8,0,0,0.0
S000014,1133,2024-01-18 08:00,Desktop,Social,902,6,0,0,0.0
S000015,1078,2024-01-10 01:00,Mobile,Organic,185,5,0,0,0.0
S000016,1025,2024-01-23 02:00,Desktop,Organic,639,2,0,1,91.56
S000017,1151,2024-02-18 17:00,Mobile,Direct,89,2,0,0,0.0
S000018,1185,2024-01-06 10:00,Desktop,Email,21,6,0,0,0.0
S000019,1179,2024-01-31 21:00,Mobile,Email,348,4,0,0,0.0
S000020,1186,2024-01-28 16:00,Mobile,Social,96,2,0,0,0.0
S000021,1006,2024-01-20 20:00,Mobile,Direct,61,4,0,0,0.0
S000022,1094,2024-03-24 04:00,Mobile,Social,294,4,0,0,0.0
S000023,1050,2024-02-18 20:00,Tablet,Organic,558,5,0,0,0.0
S000024,1142,2024-01-01 03:00,Mobile,Organic,146,7,0,0,0.0
S000025,1165,2024-01-03 23:00,Mobile,Organic,189,2,0,0,0.0
S000026,1028,2024-02-25 02:00,Desktop,Organic,220,4,0,0,0.0
S000027,1064,2024-01-21 00:00,Desktop,Social,256,6,0,1,96.42
S000028,1034,2024-03-03 09:00,Desktop,Organic,153,4,0,0,0.0
S000029,1001,2024-01-03 13:00,Mobile,Social,12,7,0,0,0.0
S000030,1153,2024-01-08 09:00,Mobile,Social,1152,3,0,0,0.0
S000031,1061,2024-02-29 02:00,Tablet,Direct,26,8,0,0,0.0
S000032,1077,2024-03-11 21:00,Mobile,Social,237,5,0,0,0.0
S000033,1103,2024-03-13 11:00,Desktop,Direct,206,4,0,0,0.0
S000034,1164,2024-02-16 09:00,Mobile,Social,61,7,0,0,0.0
S000035,1052,2024-03-09 22:00,Desktop,Direct,344,5,0,0,0.0
S000036,1188,2024-01-26 12:00,Desktop,Organic,29,7,0,0,0.0
S000037,1036,2024-01-11 03:00,Mobile,Organic,53,1,1,0,0.0
S000038,1042,2024-02-09 09:00,Desktop,Paid,407,4,0,0,0.0
S000039,1055,2024-01-25 17:00,Desktop,Social,79,4,0,0,0.0
S000040,1132,2024-03-20 13:00,Mobile,Organic,782,8,0,0,0.0
S000041,1005,2024-01-11 15:00,Desktop,Organic,37,2,0,0,0.0
S000042,1136,2024-01-12 02:00,Mobile,Organic,309,10,0,0,0.0
S000043,1090,2024-01-08 10:00,Mobile,Organic,154,1,1,0,0.0
S000044,1165,2024-03-24 13:00,Desktop,Paid,199,6,0,0,0.0
S000045,1034,2024-03-09 21:00,Mobile,Social,483,6,0,0,0.0
S000046,1022,2024-03-10 07:00,Desktop,Organic,312,5,0,0,0.0
S000047,1146,2024-02-29 17:00,Desktop,Direct,708,9,0,1,58.94
S000048,1004,2024-01-10 06:00,Mobile,Direct,344,3,0,0,0.0
S000049,1079,2024-03-21 19:00,Desktop,Organic,69,5,0,0,0.0
S000050,1057,2024-03-24 00:00,Mobile,Paid,955,2,0,1,46.58
S000051,1006,2024-01-13 21:00,Tablet,Direct,78,6,0,0,0.0
S000052,1123,2024-02-05 02:00,Desktop,Organic,85,4,0,0,0.0
S000053,1128,2024-02-11 09:00,Mobile,Paid,229,5,0,0,0.0
S000054,1190,2024-01-17 06:00,Mobile,Organic,455,7,0,0,0.0
S000055,1117,2024-01-12 13:00,Mobile,Organic,124,6,0,1,45.59
S000056,1190,2024-02-14 09:00,Desktop,Organic,419,4,0,0,0.0
S000057,1079,2024-01-16 19:00,Desktop,Organic,104,5,0,1,33.4
S000058,1054,2024-03-18 01:00,Mobile,Organic,1351,9,0,1,98.69
S000059,1108,2024-02-17 09:00,Desktop,Email,328,1,1,0,0.0
S000060,1008,2024-03-15 00:00,Mobile,Social,188,4,0,0,0.0
S000061,1016,2024-03-30 04:00,Tablet,Organic,747,6,0,1,106.92
S000062,1006,2024-01-05 12:00,Desktop,Email,501,7,0,0,0.0
S000063,1174,2024-01-13 14:00,Tablet,Paid,130,3,0,0,0.0
S000064,1088,2024-01-05 07:00,Desktop,Organic,439,4,0,0,0.0
S000065,1054,2024-03-28 23:00,Mobile,Direct,55,5,0,0,0.0
S000066,1126,2024-02-25 03:00,Mobile,Email,587,3,0,0,0.0
S000067,1167,2024-03-08 03:00,Desktop,Organic,576,3,0,0,0.0
S000068,1033,2024-02-04 00:00,Desktop,Organic,16,3,0,0,0.0
S000069,1097,2024-01-16 10:00,Desktop,Organic,1253,6,0,0,0.0
S000070,1011,2024-01-20 18:00,Desktop,Social,222,4,0,0,0.0
S000071,1195,2024-01-09 05:00,Mobile,Organic,214,4,0,0,0.0
S000072,1021,2024-01-10 08:00,Tablet,Direct,96,2,0,0,0.0
S000073,1071,2024-01-11 03:00,Tablet,Organic,136,1,1,0,0.0
S000074,1018,2024-01-18 03:00,Mobile,Direct,123,9,0,1,71.49
S000075,1092,2024-03-10 00:00,Desktop,Direct,41,5,0,0,0.0
S000076,1108,2024-02-10 06:00,Desktop,Social,660,8,0,1,127.9
S000077,1105,2024-01-30 13:00,Mobile,Organic,739,3,0,0,0.0
S000078,1197,2024-01-06 12:00,Mobile,Paid,61,1,1,0,0.0
S000079,1121,2024-02-14 14:00,Desktop,Organic,370,6,0,0,0.0
S000080,1045,2024-01-22 16:00,Desktop,Email,709,7,0,0,0.0
S000081,1187,2024-03-08 20:00,Desktop,Social,294,4,0,0,0.0
S000082,1066,2024-02-29 11:00,Mobile,Organic,106,5,0,0,0.0
S000083,1126,2024-02-04 14:00,Tablet,Paid,824,7,0,1,28.34
S000084,1166,2024-01-17 22:00,Desktop,Organic,727,3,0,0,0.0
S000085,1130,2024-03-10 00:00,Desktop,Email,86,4,0,0,0.0
S000086,1137,2024-03-11 20:00,Tablet,Direct,42,6,0,0,0.0
S000087,1103,2024-03-30 01:00,Tablet,Organic,259,8,0,0,0.0
S000088,1067,2024-01-23 07:00,Mobile,Email,10,5,0,0,0.0
S000089,1184,2024-01-18 18:00,Mobile,Email,129,3,0,0,0.0
S000090,1148,2024-02-01 22:00,Tablet,Social,332,10,0,0,0.0
S000091,1084,2024-03-24 00:00,Desktop,Organic,230,3,0,0,0.0
S000092,1150,2024-01-08 18:00,Mobile,Organic,252,2,0,0,0.0
S000093,1056,2024-01-04 13:00,Desktop,Direct,61,3,0,0,0.0
S000094,1035,2024-02-11 06:00,Desktop,Direct,1076,3,0,0,0.0
S000095,1171,2024-01-01 22:00,Desktop,Organic,207,6,0,0,0.0
S000096,1028,2024-02-25 17:00,Mobile,Organic,442,4,0,0,0.0
S000097,1031,2024-01-06 20:00,Desktop,Organic,2860,2,0,1,30.59
S000098,1079,2024-02-13 17:00,Mobile,Social,690,8,0,0,0.0
S000099,1062,2024-01-10 05:00,Desktop,Direct,15,2,0,1,110.34
S000100,1096,2024-03-09 17:00,Desktop,Organic,129,4,0,0,0.0
S000101,1102,2024-03-14 14:00,Mobile,Direct,421,5,0,1,34.86
S000102,1054,2024-03-23 13:00,Mobile,Paid,180,8,0,0,0.0
S000103,1065,2024-01-02 06:00,Desktop,Direct,98,3,0,0,0.0
S000104,1172,2024-01-03 14:00,Tablet,Organic,57,7,0,0,0.0
S000105,1101,2024-01-25 21:00,Desktop,Organic,182,6,0,0,0.0
S000106,1193,2024-01-20 00:00,Mobile,Paid,1017,5,0,1,28.08
S000107,1141,2024-02-24 10:00,Desktop,Paid,154,3,0,0,0.0
S000108,1003,2024-03-21 14:00,Mobile,Paid,177,3,0,1,78.27
S000109,1094,2024-01-02 00:00,Tablet,Direct,35,2,0,0,0.0
S000110,1007,2024-01-21 03:00,Desktop,Paid,118,5,0,0,0.0
S000111,1098,2024-02-05 21:00,Mobile,Organic,31,2,0,0,0.0
S000112,1087,2024-01-06 12:00,Mobile,Organic,231,8,0,1,102.28
S000113,1070,2024-02-16 18:00,Desktop,Paid,341,10,0,0,0.0
S000114,1162,2024-03-09 10:00,Mobile,Direct,156,3,0,0,0.0
S000115,1090,2024-02-14 06:00,Desktop,Organic,284,8,0,0,0.0
S000116,1055,2024-02-12 19:00,Mobile,Organic,35,6,0,0,0.0
S000117,1106,2024-01-24 10:00,Desktop,Direct,141,3,0,0,0.0
S000118,1141,2024-03-26 07:00,Desktop,Paid,361,3,0,1,144.81
S000119,1097,2024-01-01 07:00,Mobile,Direct,317,6,0,0,0.0
S000120,1152,2024-03-22 23:00,Mobile,Organic,466,4,0,0,0.0
S000121,1010,2024-01-08 14:00,Mobile,Organic,325,5,0,0,0.0
S000122,1144,2024-02-08 02:00,Mobile,Social,30,3,0,1,23.0
S000123,1128,2024-01-02 11:00,Mobile,Paid,86,4,0,0,0.0
S000124,1018,2024-02-02 14:00,Desktop,Organic,303,6,0,0,0.0
S000125,1163,2024-03-25 01:00,Desktop,Direct,284,5,0,0,0.0
S000126,1042,2024-01-09 19:00,Tablet,Organic,1382,6,0,1,18.41
S000127,1108,2024-03-07 19:00,Mobile,Social,44,9,0,0,0.0
S000128,1196,2024-03-26 21:00,Desktop,Organic,227,4,0,0,0.0
S000129,1065,2024-02-29 08:00,Mobile,Paid,432,4,0,0,0.0
S000130,1156,2024-03-29 11:00,Desktop,Organic,186,8,0,0,0.0
S000131,1116,2024-02-27 09:00,Desktop,Paid,425,5,0,1,43.57
S000132,1145,2024-01-28 22:00,Desktop,Organic,610,1,1,0,0.0
S000133,1054,2024-02-08 08:00,Mobile,Paid,398,1,1,0,0.0
S000134,1025,2024-01-18 04:00,Mobile,Paid,27,4,0,0,0.0
S000135,1144,2024-02-21 07:00,Desktop,Paid,426,3,0,1,62.28
S000136,1105,2024-01-05 07:00,Mobile,Email,100,5,0,0,0.0
S000137,1193,2024-03-26 21:00,Desktop,Social,57,11,0,0,0.0
S000138,1057,2024-02-13 01:00,Mobile,Direct,125,6,0,1,61.55
S000139,1076,2024-03-18 23:00,Tablet,Direct,167,6,0,0,0.0
S000140,1173,2024-03-23 02:00,Mobile,Organic,595,7,0,0,0.0
S000141,1171,2024-01-24 14:00,Desktop,Social,719,3,0,0,0.0
S000142,1015,2024-01-05 23:00,Mobile,Organic,206,3,0,0,0.0
S000143,1018,2024-01-24 12:00,Desktop,Direct,93,5,0,0,0.0
S000144,1152,2024-01-29 12:00,Desktop,Organic,268,9,0,0,0.0
S000145,1128,2024-01-16 14:00,Desktop,Paid,257,2,0,0,0.0
S000146,1039,2024-01-05 09:00,Mobile,Social,147,3,0,0,0.0
S000147,1070,2024-01-16 03:00,Desktop,Organic,26,1,1,0,0.0
S000148,1077,2024-02-16 02:00,Tablet,Direct,174,4,0,0,0.0
S000149,1138,2024-03-30 06:00,Mobile,Social,118,6,0,0,0.0
S000150,1057,2024-03-22 14:00,Desktop,Direct,53,6,0,0,0.0
S000151,1042,2024-02-24 07:00,Mobile,Direct,138,5,0,0,0.0
S000152,1058,2024-02-09 19:00,Desktop,Direct,70,6,0,0,0.0
S000153,1073,2024-02-03 14:00,Desktop,Paid,275,5,0,0,0.0
S000154,1181,2024-03-24 16:00,Tablet,Social,467,2,0,0,0.0
S000155,1053,2024-01-04 01:00,Mobile,Organic,41,5,0,0,0.0
S000156,1131,2024-01-27 22:00,Desktop,Direct,703,4,0,1,59.54
S000157,1131,2024-03-01 07:00,Desktop,Organic,323,6,0,0,0.0
S000158,1041,2024-01-29 03:00,Mobile,Email,532,5,0,0,0.0
S000159,1062,2024-01-26 04:00,Tablet,Organic,144,6,0,0,0.0
S000160,1183,2024-03-22 10:00,Mobile,Paid,82,6,0,1,49.52
S000161,1022,2024-03-25 06:00,Desktop,Direct,481,6,0,1,39.05
S000162,1082,2024-03-22 01:00,Desktop,Direct,52,5,0,0,0.0
S000163,1106,2024-02-23 18:00,Desktop,Paid,5,5,0,0,0.0
S000164,1060,2024-03-09 03:00,Desktop,Direct,254,7,0,0,0.0
S000165,1087,2024-01-30 22:00,Mobile,Paid,204,7,0,0,0.0
S000166,1103,2024-02-27 23:00,Mobile,Paid,92,1,1,0,0.0
S000167,1009,2024-03-23 14:00,Mobile,Paid,93,6,0,0,0.0
S000168,1082,2024-03-16 13:00,Tablet,Direct,14,6,0,0,0.0
S000169,1060,2024-03-29 13:00,Mobile,Direct,454,6,0,0,0.0
S000170,1170,2024-01-28 17:00,Mobile,Social,414,3,0,0,0.0
S000171,1018,2024-03-11 17:00,Desktop,Social,406,8,0,0,0.0
S000172,1172,2024-03-07 07:00,Desktop,Email,6,7,0,0,0.0
S000173,1198,2024-03-02 22:00,Tablet,Organic,188,6,0,0,0.0
S000174,1115,2024-01-08 00:00,Mobile,Email,261,6,0,1,19.43
S000175,1174,2024-03-08 13:00,Mobile,Paid,235,4,0,1,32.98
S000176,1001,2024-01-07 06:00,Tablet,Paid,621,5,0,0,0.0
S000177,1115,2024-01-28 21:00,Mobile,Direct,375,6,0,0,0.0
S000178,1144,2024-03-19 02:00,Mobile,Organic,208,5,0,0,0.0
S000179,1062,2024-02-21 20:00,Mobile,Paid,109,8,0,0,0.0
S000180,1032,2024-03-24 13:00,Mobile,Paid,936,6,0,1,20.57
S000181,1084,2024-02-26 21:00,Mobile,Organic,612,6,0,0,0.0
S000182,1100,2024-03-15 13:00,Desktop,Organic,235,6,0,0,0.0
S000183,1014,2024-02-25 01:00,Mobile,Organic,274,3,0,0,0.0
S000184,1146,2024-01-05 08:00,Mobile,Social,463,5,0,0,0.0
S000185,1127,2024-01-15 09:00,Desktop,Organic,510,10,0,0,0.0
S000186,1019,2024-02-17 02:00,Desktop,Paid,142,3,0,0,0.0
S000187,1165,2024-02-09 18:00,Desktop,Organic,497,5,0,1,23.97
S000188,1123,2024-03-30 15:00,Mobile,Organic,531,3,0,1,32.61
S000189,1113,2024-01-31 11:00,Mobile,Direct,77,7,0,0,0.0
S000190,1062,2024-03-10 09:00,Mobile,Email,93,3,0,0,0.0
S000191,1002,2024-01-10 02:00,Tablet,Organic,195,2,0,0,0.0
S000192,1084,2024-03-06 23:00,Mobile,Organic,594,5,0,0,0.0
S000193,1094,2024-03-27 05:00,Desktop,Direct,362,10,0,0,0.0
S000194,1029,2024-01-04 16:00,Desktop,Direct,527,7,0,0,0.0
S000195,1160,2024-03-07 20:00,Mobile,Organic,25,2,0,0,0.0
S000196,1041,2024-02-11 12:00,Mobile,Organic,1625,2,0,1,319.94
S000197,1179,2024-03-23 12:00,Desktop,Organic,121,4,0,0,0.0
S000198,1030,2024-02-27 14:00,Desktop,Organic,140,7,0,0,0.0
S000199,1012,2024-01-01 06:00,Tablet,Direct,374,8,0,0,0.0
S000200,1040,2024-01-05 00:00,Mobile,Organic,11,10,0,0,0.0
S000201,1087,2024-01-13 08:00,Desktop,Organic,404,5,0,0,0.0
S000202,1097,2024-03-19 06:00,Desktop,Paid,546,3,0,1,116.3
S000203,1129,2024-03-02 21:00,Desktop,Paid,699,5,0,1,61.62
S000204,1069,2024-03-07 00:00,Tablet,Paid,279,4,0,1,58.46
S000205,1158,2024-03-04 06:00,Desktop,Social,1235,8,0,1,58.55
S000206,1016,2024-02-16 02:00,Desktop,Direct,293,8,0,0,0.0
S000207,1060,2024-02-02 06:00,Tablet,Email,134,4,0,0,0.0
S000208,1004,2024-03-04 07:00,Tablet,Organic,895,8,0,1,98.44
S000209,1070,2024-03-09 17:00,Desktop,Paid,1111,3,0,0,0.0
S000210,1095,2024-01-10 22:00,Desktop,Paid,95,6,0,0,0.0
S000211,1040,2024-03-02 01:00,Desktop,Organic,168,3,0,0,0.0
S000212,1120,2024-03-19 18:00,Tablet,Email,377,7,0,1,132.95
S000213,1067,2024-02-21 03:00,Desktop,Paid,26,8,0,0,0.0
S000214,1114,2024-02-25 09:00,Desktop,Social,410,5,0,0,0.0
S000215,1119,2024-01-01 20:00,Mobile,Social,248,3,0,0,0.0
S000216,1021,2024-01-20 05:00,Mobile,Paid,191,1,1,0,0.0
S000217,1190,2024-02-06 16:00,Desktop,Organic,410,6,0,0,0.0
S000218,1057,2024-03-10 12:00,Desktop,Paid,122,9,0,0,0.0
S000219,1017,2024-02-03 05:00,Desktop,Social,5,5,0,1,38.5
S000220,1167,2024-03-06 11:00,Desktop,Direct,1019,3,0,0,0.0
S000221,1190,2024-02-01 07:00,Mobile,Paid,31,6,0,0,0.0
S000222,1102,2024-01-27 10:00,Desktop,Organic,86,2,0,0,0.0
S000223,1065,2024-03-08 09:00,Mobile,Paid,163,6,0,0,0.0
S000224,1025,2024-03-02 06:00,Desktop,Paid,604,9,0,1,22.16
S000225,1059,2024-02-15 20:00,Desktop,Paid,108,7,0,1,271.7
S000226,1033,2024-03-17 04:00,Desktop,Social,56,7,0,0,0.0
S000227,1066,2024-03-09 17:00,Desktop,Paid,37,3,0,0,0.0
S000228,1130,2024-03-27 20:00,Desktop,Organic,68,2,0,0,0.0
S000229,1144,2024-01-14 21:00,Desktop,Direct,203,3,0,0,0.0
S000230,1017,2024-03-02 03:00,Mobile,Paid,173,3,0,0,0.0
S000231,1033,2024-02-25 01:00,Mobile,Organic,139,10,0,0,0.0
S000232,1061,2024-02-22 04:00,Mobile,Direct,66,8,0,0,0.0
S000233,1050,2024-01-06 20:00,Desktop,Paid,63,6,0,0,0.0
S000234,1035,2024-02-29 09:00,Desktop,Organic,233,3,0,0,0.0
S000235,1180,2024-02-29 10:00,Tablet,Direct,629,3,0,0,0.0
S000236,1053,2024-01-27 03:00,Desktop,Social,60,7,0,0,0.0
S000237,1167,2024-02-25 01:00,Desktop,Email,339,1,1,0,0.0
S000238,1089,2024-01-17 02:00,Mobile,Organic,91,2,0,0,0.0
S000239,1023,2024-02-01 09:00,Mobile,Paid,75,2,0,0,0.0
S000240,1152,2024-01-28 04:00,Tablet,Email,785,2,0,0,0.0
S000241,1037,2024-01-24 15:00,Desktop,Paid,647,3,0,0,0.0
S000242,1062,2024-02-18 23:00,Desktop,Social,749,4,0,0,0.0
S000243,1025,2024-03-15 07:00,Mobile,Email,95,5,0,0,0.0
S000244,1091,2024-01-28 21:00,Desktop,Email,79,4,0,0,0.0
S000245,1112,2024-01-28 00:00,Tablet,Organic,1008,2,0,0,0.0
S000246,1163,2024-03-06 20:00,Desktop,Organic,651,3,0,1,98.71
S000247,1012,2024-03-15 22:00,Tablet,Organic,152,3,0,0,0.0
S000248,1151,2024-01-18 15:00,Desktop,Email,670,5,0,1,87.86
S000249,1067,2024-03-27 22:00,Desktop,Paid,44,5,0,0,0.0
S000250,1182,2024-03-04 18:00,Mobile,Organic,202,7,0,0,0.0
S000251,1070,2024-03-12 22:00,Desktop,Social,7,8,0,0,0.0
S000252,1188,2024-03-14 10:00,Desktop,Direct,190,6,0,0,0.0
S000253,1067,2024-01-23 06:00,Mobile,Paid,105,5,0,0,0.0
S000254,1050,2024-01-06 23:00,Mobile,Paid,110,2,0,0,0.0
S000255,1059,2024-01-06 16:00,Desktop,Email,413,6,0,0,0.0
S000256,1147,2024-02-06 06:00,Mobile,Organic,7,5,0,0,0.0
S000257,1127,2024-02-24 09:00,Mobile,Organic,619,5,0,0,0.0
S000258,1015,2024-02-10 22:00,Mobile,Organic,93,8,0,0,0.0
S000259,1012,2024-02-13 16:00,Mobile,Email,248,2,0,0,0.0
S000260,1053,2024-02-21 23:00,Desktop,Social,531,9,0,0,0.0
S000261,1046,2024-02-03 01:00,Desktop,Organic,152,6,0,0,0.0
S000262,1097,2024-01-26 10:00,Tablet,Direct,188,6,0,1,325.43
S000263,1046,2024-01-04 16:00,Mobile,Organic,644,5,0,0,0.0
S000264,1123,2024-01-11 02:00,Tablet,Organic,221,11,0,0,0.0
S000265,1006,2024-02-14 23:00,Mobile,Organic,19,11,0,0,0.0
S000266,1150,2024-02-18 12:00,Mobile,Organic,82,7,0,0,0.0
S000267,1046,2024-01-22 03:00,Desktop,Direct,494,5,0,0,0.0
S000268,1083,2024-03-08 14:00,Mobile,Email,91,3,0,0,0.0
S000269,1196,2024-02-17 13:00,Mobile,Organic,109,5,0,0,0.0
S000270,1161,2024-03-30 13:00,Mobile,Organic,824,6,0,0,0.0
S000271,1096,2024-02-12 11:00,Mobile,Organic,225,7,0,0,0.0
S000272,1026,2024-02-25 18:00,Desktop,Paid,722,6,0,0,0.0
S000273,1010,2024-01-24 15:00,Tablet,Paid,692,10,0,0,0.0
S000274,1042,2024-01-09 12:00,Desktop,Organic,5,4,0,0,0.0
S000275,1097,2024-02-07 12:00,Mobile,Organic,183,2,0,1,143.96
S000276,1149,2024-01-06 17:00,Mobile,Organic,512,5,0,0,0.0
S000277,1156,2024-01-25 15:00,Desktop,Organic,314,8,0,1,27.39
S000278,1138,2024-03-22 22:00,Desktop,Organic,63,3,0,0,0.0
S000279,1163,2024-03-24 13:00,Mobile,Organic,456,10,0,1,114.61
S000280,1189,2024-02-17 23:00,Desktop,Social,195,4,0,0,0.0
S000281,1052,2024-03-01 03:00,Desktop,Social,98,7,0,0,0.0
S000282,1084,2024-02-01 04:00,Mobile,Organic,92,6,0,0,0.0
S000283,1092,2024-03-10 00:00,Mobile,Paid,592,5,0,0,0.0
S000284,1127,2024-03-27 08:00,Desktop,Social,170,7,0,0,0.0
S000285,1196,2024-02-05 18:00,Desktop,Direct,218,5,0,0,0.0
S000286,1075,2024-02-02 20:00,Mobile,Organic,13,8,0,0,0.0
S000287,1072,2024-01-30 19:00,Desktop,Paid,213,8,0,0,0.0
S000288,1052,2024-01-15 21:00,Desktop,Organic,10,7,0,0,0.0
S000289,1185,2024-03-19 13:00,Desktop,Email,133,1,1,0,0.0
S000290,1071,2024-01-18 10:00,Mobile,Organic,377,3,0,1,29.59
S000291,1036,2024-01-27 01:00,Desktop,Social,25,5,0,0,0.0
S000292,1096,2024-01-24 16:00,Mobile,Paid,86,5,0,0,0.0
S000293,1155,2024-03-08 04:00,Desktop,Paid,336,3,0,0,0.0
S000294,1038,2024-03-16 15:00,Tablet,Paid,127,4,0,0,0.0
S000295,1195,2024-02-19 00:00,Mobile,Organic,1394,7,0,1,304.6
S000296,1110,2024-01-12 18:00,Desktop,Organic,12,4,0,0,0.0
S000297,1145,2024-02-15 03:00,Mobile,Organic,80,6,0,0,0.0
S000298,1168,2024-01-16 07:00,Mobile,Social,29,5,0,0,0.0
S000299,1079,2024-03-18 21:00,Desktop,Paid,71,9,0,0,0.0
S000300,1002,2024-03-21 08:00,Desktop,Social,307,2,0,0,0.0
S000301,1180,2024-02-07 01:00,Tablet,Organic,81,5,0,0,0.0
S000302,1102,2024-03-10 20:00,Tablet,Direct,94,5,0,0,0.0
S000303,1037,2024-03-17 23:00,Desktop,Paid,141,3,0,0,0.0
S000304,1079,2024-02-23 08:00,Desktop,Organic,470,5,0,0,0.0
S000305,1111,2024-02-23 23:00,Desktop,Social,72,3,0,0,0.0
S000306,1125,2024-03-25 22:00,Mobile,Direct,193,4,0,0,0.0
S000307,1048,2024-01-21 07:00,Mobile,Social,186,4,0,0,0.0
S000308,1012,2024-01-30 09:00,Mobile,Organic,1529,6,0,1,48.85
S000309,1015,2024-03-29 05:00,Mobile,Organic,53,10,0,0,0.0
S000310,1051,2024-01-28 09:00,Mobile,Organic,378,7,0,0,0.0
S000311,1027,2024-03-23 10:00,Mobile,Organic,497,3,0,0,0.0
S000312,1060,2024-01-20 07:00,Desktop,Email,237,2,0,0,0.0
S000313,1067,2024-02-11 09:00,Tablet,Organic,120,6,0,1,11.86
S000314,1194,2024-02-11 20:00,Desktop,Social,304,9,0,0,0.0
S000315,1054,2024-02-26 20:00,Desktop,Paid,124,8,0,0,0.0
S000316,1111,2024-02-24 02:00,Desktop,Social,203,8,0,1,113.98
S000317,1047,2024-03-03 17:00,Mobile,Organic,165,2,0,0,0.0
S000318,1021,2024-03-14 05:00,Tablet,Organic,60,7,0,0,0.0
S000319,1149,2024-02-19 23:00,Desktop,Direct,40,4,0,0,0.0
S000320,1102,2024-01-20 10:00,Desktop,Email,242,4,0,0,0.0
S000321,1013,2024-02-04 08:00,Desktop,Direct,686,5,0,1,14.67
S000322,1052,2024-02-08 07:00,Desktop,Organic,49,1,1,0,0.0
S000323,1115,2024-02-17 20:00,Desktop,Direct,441,2,0,0,0.0
S000324,1123,2024-03-26 20:00,Mobile,Organic,147,6,0,0,0.0
S000325,1045,2024-01-10 23:00,Mobile,Direct,52,2,0,0,0.0
S000326,1184,2024-02-24 21:00,Desktop,Direct,184,4,0,0,0.0
S000327,1092,2024-01-01 03:00,Mobile,Organic,152,3,0,0,0.0
S000328,1083,2024-01-21 16:00,Mobile,Social,329,3,0,0,0.0
S000329,1146,2024-03-14 10:00,Mobile,Organic,148,8,0,0,0.0
S000330,1160,2024-03-07 20:00,Desktop,Direct,535,3,0,0,0.0
S000331,1056,2024-02-24 07:00,Desktop,Organic,444,8,0,0,0.0
S000332,1182,2024-01-02 06:00,Desktop,Paid,47,8,0,0,0.0
S000333,1102,2024-01-25 14:00,Desktop,Organic,25,4,0,0,0.0
S000334,1073,2024-01-06 22:00,Desktop,Paid,98,6,0,0,0.0
S000335,1074,2024-02-10 04:00,Mobile,Paid,981,5,0,0,0.0
S000336,1152,2024-01-04 07:00,Tablet,Organic,915,5,0,1,12.99
S000337,1069,2024-02-06 01:00,Desktop,Organic,121,1,1,0,0.0
S000338,1102,2024-03-29 18:00,Mobile,Paid,55,1,1,0,0.0
S000339,1029,2024-03-05 16:00,Desktop,Organic,123,6,0,0,0.0
S000340,1047,2024-01-14 07:00,Desktop,Direct,1080,4,0,1,24.52
S000341,1040,2024-02-08 05:00,Desktop,Paid,41,5,0,0,0.0
S000342,1159,2024-02-10 11:00,Mobile,Organic,355,4,0,0,0.0
S000343,1026,2024-02-28 23:00,Desktop,Paid,13,3,0,0,0.0
S000344,1075,2024-01-15 05:00,Mobile,Paid,123,4,0,0,0.0
S000345,1091,2024-01-19 01:00,Desktop,Organic,146,4,0,0,0.0
S000346,1013,2024-02-29 17:00,Mobile,Organic,14,4,0,0,0.0
S000347,1065,2024-02-28 17:00,Mobile,Organic,565,8,0,0,0.0
S000348,1051,2024-02-06 21:00,Desktop,Paid,360,2,0,0,0.0
S000349,1129,2024-02-27 19:00,Desktop,Direct,265,9,0,0,0.0
S000350,1186,2024-03-09 07:00,Desktop,Paid,97,2,0,0,0.0
S000351,1147,2024-03-18 20:00,Desktop,Paid,573,5,0,0,0.0
S000352,1090,2024-03-01 14:00,Desktop,Social,13,3,0,0,0.0
S000353,1178,2024-02-10 21:00,Desktop,Organic,152,6,0,1,58.55
S000354,1000,2024-03-02 18:00,Mobile,Paid,170,4,0,0,0.0
S000355,1050,2024-03-26 05:00,Desktop,Paid,304,8,0,0,0.0
S000356,1026,2024-02-27 21:00,Desktop,Social,302,6,0,0,0.0
S000357,1148,2024-03-05 21:00,Tablet,Email,83,2,0,0,0.0
S000358,1143,2024-02-24 13:00,Desktop,Direct,216,1,1,0,0.0
S000359,1007,2024-02-21 08:00,Desktop,Organic,447,3,0,0,0.0
S000360,1147,2024-02-08 16:00,Mobile,Organic,166,10,0,0,0.0
S000361,1168,2024-02-10 02:00,Mobile,Direct,303,6,0,1,53.35
S000362,1139,2024-03-08 11:00,Desktop,Paid,853,5,0,1,394.93
S000363,1057,2024-02-25 09:00,Mobile,Organic,409,3,0,0,0.0
S000364,1187,2024-03-10 23:00,Mobile,Organic,47,3,0,0,0.0
S000365,1187,2024-01-21 22:00,Desktop,Email,813,5,0,1,14.43
S000366,1067,2024-01-30 08:00,Desktop,Direct,432,8,0,1,42.75
S000367,1081,2024-01-29 05:00,Tablet,Organic,288,7,0,0,0.0
S000368,1138,2024-01-04 05:00,Tablet,Organic,560,8,0,1,363.06
S000369,1111,2024-03-29 02:00,Mobile,Organic,556,9,0,0,0.0
S000370,1117,2024-02-08 21:00,Mobile,Paid,36,5,0,0,0.0
S000371,1101,2024-01-10 06:00,Mobile,Direct,843,9,0,0,0.0
S000372,1010,2024-03-27 14:00,Desktop,Organic,584,6,0,0,0.0
S000373,1086,2024-01-27 23:00,Mobile,Paid,618,2,0,1,60.61
S000374,1198,2024-03-20 11:00,Mobile,Email,361,5,0,0,0.0
S000375,1146,2024-02-19 14:00,Desktop,Paid,7,6,0,0,0.0
S000376,1176,2024-03-22 00:00,Tablet,Social,213,4,0,0,0.0
S000377,1024,2024-03-05 17:00,Desktop,Organic,741,5,0,0,0.0
S000378,1041,2024-03-29 18:00,Desktop,Email,528,6,0,0,0.0
S000379,1111,2024-02-18 00:00,Mobile,Organic,79,5,0,0,0.0
S000380,1035,2024-03-27 12:00,Mobile,Organic,89,6,0,0,0.0
S000381,1081,2024-03-18 12:00,Mobile,Organic,158,2,0,0,0.0
S000382,1191,2024-01-21 01:00,Desktop,Direct,555,7,0,0,0.0
S000383,1085,2024-01-29 19:00,Mobile,Organic,212,6,0,0,0.0
S000384,1119,2024-02-10 03:00,Tablet,Organic,140,6,0,0,0.0
S000385,1005,2024-02-18 05:00,Tablet,Organic,114,3,0,0,0.0
S000386,1154,2024-02-03 12:00,Tablet,Organic,468,4,0,0,0.0
S000387,1090,2024-02-25 18:00,Desktop,Social,775,5,0,1,112.89
S000388,1050,2024-02-22 19:00,Mobile,Direct,659,3,0,0,0.0
S000389,1056,2024-02-05 13:00,Tablet,Direct,8,7,0,0,0.0
S000390,1123,2024-03-17 19:00,Desktop,Paid,43,5,0,0,0.0
S000391,1192,2024-01-08 07:00,Mobile,Paid,748,2,0,0,0.0
S000392,1009,2024-03-14 20:00,Desktop,Email,562,11,0,0,0.0
S000393,1068,2024-02-07 03:00,Mobile,Email,471,4,0,0,0.0
S000394,1024,2024-03-11 12:00,Mobile,Social,170,3,0,0,0.0
S000395,1161,2024-02-06 04:00,Tablet,Organic,851,7,0,0,0.0
S000396,1091,2024-03-12 05:00,Tablet,Organic,698,7,0,0,0.0
S000397,1017,2024-03-24 07:00,Mobile,Direct,407,2,0,0,0.0
S000398,1051,2024-02-14 17:00,Tablet,Social,74,1,1,0,0.0
S000399,1107,2024-02-23 19:00,Desktop,Social,255,3,0,0,0.0
S000400,1035,2024-02-02 05:00,Mobile,Paid,624,3,0,0,0.0
S000401,1015,2024-01-25 15:00,Mobile,Paid,582,7,0,1,81.67
S000402,1146,2024-03-14 15:00,Mobile,Email,335,6,0,0,0.0
S000403,1192,2024-01-14 02:00,Mobile,Organic,183,3,0,0,0.0
S000404,1128,2024-01-03 07:00,Mobile,Organic,82,6,0,0,0.0
S000405,1083,2024-01-23 08:00,Desktop,Paid,144,2,0,0,0.0
S000406,1184,2024-03-01 18:00,Desktop,Paid,33,1,1,0,0.0
S000407,1011,2024-02-16 21:00,Desktop,Paid,653,6,0,1,20.43
S000408,1092,2024-01-13 11:00,Desktop,Organic,563,3,0,0,0.0
S000409,1114,2024-02-06 01:00,Desktop,Paid,585,4,0,0,0.0
S000410,1187,2024-02-23 23:00,Mobile,Paid,110,4,0,0,0.0
S000411,1140,2024-01-14 18:00,Tablet,Paid,492,7,0,0,0.0
S000412,1192,2024-02-28 10:00,Mobile,Paid,210,4,0,0,0.0
S000413,1023,2024-02-08 03:00,Mobile,Organic,40,4,0,0,0.0
S000414,1148,2024-03-29 08:00,Desktop,Social,45,9,0,1,131.81
S000415,1019,2024-01-19 03:00,Mobile,Direct,219,3,0,0,0.0
S000416,1191,2024-02-23 10:00,Mobile,Organic,1112,7,0,0,0.0
S000417,1179,2024-01-04 02:00,Mobile,Organic,63,5,0,0,0.0
S000418,1179,2024-03-11 03:00,Desktop,Social,45,6,0,0,0.0
S000419,1070,2024-02-01 11:00,Desktop,Organic,204,7,0,0,0.0
S000420,1187,2024-03-27 09:00,Desktop,Organic,383,4,0,0,0.0
S000421,1185,2024-03-01 05:00,Tablet,Direct,135,3,0,0,0.0
S000422,1117,2024-02-17 22:00,Mobile,Organic,554,6,0,0,0.0
S000423,1041,2024-01-13 22:00,Tablet,Organic,83,8,0,0,0.0
S000424,1062,2024-02-04 11:00,Tablet,Organic,275,2,0,0,0.0
S000425,1133,2024-01-13 15:00,Mobile,Direct,59,1,1,0,0.0
S000426,1002,2024-02-29 04:00,Tablet,Organic,70,6,0,0,0.0
S000427,1049,2024-03-03 20:00,Tablet,Email,597,4,0,0,0.0
S000428,1118,2024-02-17 09:00,Desktop,Direct,830,7,0,0,0.0
S000429,1023,2024-02-27 18:00,Desktop,Organic,393,5,0,0,0.0
S000430,1139,2024-01-12 07:00,Mobile,Paid,559,9,0,0,0.0
S000431,1144,2024-03-22 15:00,Desktop,Email,17,3,0,0,0.0
S000432,1095,2024-01-25 04:00,Desktop,Paid,54,3,0,0,0.0
S000433,1066,2024-02-11 22:00,Desktop,Paid,315,8,0,0,0.0
S000434,1178,2024-03-16 15:00,Desktop,Direct,959,3,0,0,0.0
S000435,1015,2024-03-29 15:00,Mobile,Social,71,6,0,0,0.0
S000436,1008,2024-03-08 03:00,Mobile,Social,189,7,0,0,0.0
S000437,1177,2024-03-20 03:00,Desktop,Organic,319,3,0,1,34.87
S000438,1147,2024-03-04 08:00,Tablet,Organic,244,2,0,0,0.0
S000439,1016,2024-01-06 02:00,Tablet,Paid,35,6,0,0,0.0
S000440,1110,2024-03-04 13:00,Mobile,Paid,31,2,0,0,0.0
S000441,1062,2024-01-15 21:00,Tablet,Paid,5,7,0,0,0.0
S000442,1119,2024-02-03 20:00,Tablet,Paid,755,9,0,0,0.0
S000443,1057,2024-01-18 21:00,Desktop,Email,152,5,0,0,0.0
S000444,1172,2024-01-02 04:00,Mobile,Organic,120,4,0,0,0.0
S000445,1059,2024-02-21 10:00,Mobile,Social,413,7,0,1,38.59
S000446,1136,2024-03-19 12:00,Desktop,Organic,346,2,0,0,0.0
S000447,1069,2024-01-08 18:00,Tablet,Direct,47,5,0,0,0.0
S000448,1162,2024-02-06 07:00,Mobile,Social,1016,7,0,1,126.11
S000449,1040,2024-03-16 09:00,Mobile,Organic,79,4,0,0,0.0
S000450,1058,2024-02-15 12:00,Desktop,Organic,10,5,0,0,0.0
S000451,1119,2024-03-10 13:00,Desktop,Social,189,4,0,0,0.0
S000452,1035,2024-03-29 04:00,Mobile,Direct,66,4,0,0,0.0
S000453,1146,2024-03-13 16:00,Mobile,Social,685,6,0,0,0.0
S000454,1175,2024-03-02 17:00,Tablet,Social,191,1,1,0,0.0
S000455,1099,2024-01-13 14:00,Desktop,Organic,356,6,0,1,77.44
S000456,1036,2024-01-14 07:00,Desktop,Paid,561,5,0,0,0.0
S000457,1182,2024-02-17 22:00,Mobile,Direct,139,9,0,0,0.0
S000458,1036,2024-02-17 23:00,Tablet,Paid,36,1,1,0,0.0
S000459,1080,2024-02-22 15:00,Desktop,Organic,151,6,0,0,0.0
S000460,1045,2024-02-19 06:00,Desktop,Organic,11,6,0,0,0.0
S000461,1007,2024-03-26 16:00,Desktop,Direct,162,7,0,0,0.0
S000462,1137,2024-02-17 13:00,Mobile,Direct,511,4,0,1,87.83
S000463,1045,2024-01-13 01:00,Mobile,Organic,437,6,0,0,0.0
S000464,1011,2024-01-12 02:00,Desktop,Direct,262,4,0,0,0.0
S000465,1018,2024-03-24 16:00,Desktop,Organic,644,8,0,0,0.0
S000466,1195,2024-01-05 20:00,Mobile,Social,195,3,0,0,0.0
S000467,1088,2024-02-07 12:00,Desktop,Organic,54,5,0,0,0.0
S000468,1135,2024-01-17 06:00,Mobile,Paid,360,13,0,1,102.3
S000469,1013,2024-01-31 17:00,Mobile,Organic,183,3,0,0,0.0
S000470,1181,2024-03-02 02:00,Desktop,Organic,132,4,0,0,0.0
S000471,1119,2024-03-03 11:00,Desktop,Paid,229,3,0,0,0.0
S000472,1009,2024-02-24 01:00,Mobile,Organic,148,2,0,0,0.0
S000473,1036,2024-02-10 09:00,Mobile,Direct,435,2,0,0,0.0
S000474,1153,2024-01-12 02:00,Tablet,Email,81,7,0,0,0.0
S000475,1006,2024-02-05 13:00,Desktop,Organic,141,6,0,0,0.0
S000476,1174,2024-01-19 11:00,Desktop,Organic,52,6,0,0,0.0
S000477,1123,2024-03-19 08:00,Desktop,Paid,167,4,0,0,0.0
S000478,1094,2024-03-23 13:00,Tablet,Email,563,1,1,0,0.0
S000479,1147,2024-01-10 15:00,Desktop,Direct,281,3,0,0,0.0
S000480,1047,2024-03-02 20:00,Mobile,Direct,376,9,0,0,0.0
S000481,1115,2024-02-21 06:00,Desktop,Email,326,8,0,0,0.0
S000482,1168,2024-01-10 09:00,Mobile,Organic,159,2,0,0,0.0
S000483,1188,2024-01-05 16:00,Mobile,Direct,38,5,0,1,12.15
S000484,1026,2024-02-02 11:00,Desktop,Organic,51,1,1,0,0.0
S000485,1075,2024-01-30 04:00,Desktop,Paid,1128,3,0,0,0.0
S000486,1173,2024-01-08 18:00,Desktop,Direct,178,4,0,0,0.0
S000487,1137,2024-02-18 20:00,Mobile,Email,960,6,0,1,37.86
S000488,1196,2024-01-15 02:00,Mobile,Organic,1322,4,0,1,32.21
S000489,1044,2024-03-17 16:00,Desktop,Organic,238,4,0,0,0.0
S000490,1098,2024-02-06 02:00,Mobile,Organic,58,5,0,0,0.0
S000491,1167,2024-02-27 04:00,Mobile,Direct,68,7,0,1,139.3
S000492,1045,2024-03-29 22:00,Desktop,Organic,30,8,0,1,22.68
S000493,1028,2024-03-05 19:00,Desktop,Organic,494,1,1,1,175.59
S000494,1037,2024-02-10 14:00,Mobile,Paid,5,10,0,0,0.0
S000495,1197,2024-01-04 09:00,Tablet,Social,142,5,0,0,0.0
S000496,1021,2024-02-19 08:00,Tablet,Email,38,5,0,0,0.0
S000497,1027,2024-02-07 03:00,Mobile,Direct,861,1,1,0,0.0
S000498,1011,2024-03-28 20:00,Tablet,Organic,297,5,0,0,0.0
S000499,1198,2024-03-08 22:00,Mobile,Organic,812,3,0,0,0.0
S000500,1079,2024-02-02 08:00,Desktop,Paid,62,3,0,0,0.0
S000501,1178,2024-03-21 00:00,Desktop,Organic,1056,6,0,0,0.0
S000502,1089,2024-02-03 01:00,Mobile,Organic,216,4,0,0,0.0
S000503,1120,2024-02-29 22:00,Mobile,Paid,57,4,0,0,0.0
S000504,1014,2024-01-23 15:00,Desktop,Email,50,6,0,0,0.0
S000505,1123,2024-03-23 02:00,Desktop,Organic,64,5,0,0,0.0
S000506,1159,2024-02-12 23:00,Mobile,Organic,5,5,0,0,0.0
S000507,1179,2024-01-09 02:00,Mobile,Social,446,3,0,0,0.0
S000508,1053,2024-01-05 04:00,Mobile,Organic,117,6,0,0,0.0
S000509,1033,2024-02-13 12:00,Desktop,Social,141,3,0,0,0.0
S000510,1175,2024-02-04 17:00,Desktop,Paid,870,6,0,1,34.26
S000511,1195,2024-02-18 16:00,Mobile,Paid,247,3,0,0,0.0
S000512,1172,2024-03-24 17:00,Desktop,Paid,531,3,0,1,39.12
S000513,1100,2024-01-18 10:00,Mobile,Direct,251,6,0,0,0.0
S000514,1169,2024-02-25 08:00,Desktop,Direct,844,7,0,0,0.0
S000515,1185,2024-02-09 22:00,Desktop,Social,91,6,0,0,0.0
S000516,1098,2024-02-11 02:00,Mobile,Social,554,4,0,1,43.03
S000517,1120,2024-02-16 01:00,Mobile,Paid,2342,3,0,1,23.37
S000518,1041,2024-01-06 16:00,Desktop,Social,152,4,0,0,0.0
S000519,1008,2024-01-03 18:00,Desktop,Organic,81,2,0,0,0.0
S000520,1002,2024-02-22 06:00,Mobile,Social,110,3,0,0,0.0
S000521,1051,2024-03-04 14:00,Tablet,Direct,613,7,0,0,0.0
S000522,1151,2024-02-03 11:00,Mobile,Paid,232,5,0,0,0.0
S000523,1106,2024-03-10 13:00,Mobile,Organic,124,3,0,0,0.0
S000524,1094,2024-01-07 07:00,Mobile,Organic,127,3,0,0,0.0
S000525,1032,2024-02-24 21:00,Tablet,Direct,5,8,0,0,0.0
S000526,1054,2024-02-19 23:00,Mobile,Social,150,7,0,0,0.0
S000527,1105,2024-01-01 21:00,Tablet,Paid,148,5,0,0,0.0
S000528,1024,2024-02-17 14:00,Mobile,Direct,229,3,0,0,0.0
S000529,1025,2024-03-27 22:00,Mobile,Social,439,6,0,0,0.0
S000530,1117,2024-02-23 14:00,Desktop,Social,135,7,0,1,65.67
S000531,1020,2024-01-22 19:00,Desktop,Paid,187,7,0,0,0.0
S000532,1163,2024-03-01 20:00,Mobile,Direct,83,7,0,0,0.0
S000533,1123,2024-01-05 03:00,Mobile,Organic,104,4,0,0,0.0
S000534,1187,2024-03-21 19:00,Desktop,Direct,282,6,0,0,0.0
S000535,1158,2024-01-02 05:00,Mobile,Social,549,7,0,1,87.62
S000536,1106,2024-02-18 17:00,Mobile,Organic,68,7,0,0,0.0
S000537,1180,2024-01-01 13:00,Mobile,Direct,184,5,0,0,0.0
S000538,1005,2024-03-04 17:00,Mobile,Direct,382,6,0,0,0.0
S000539,1073,2024-03-16 22:00,Mobile,Social,142,8,0,0,0.0
S000540,1139,2024-03-15 03:00,Mobile,Organic,545,5,0,1,38.07
S000541,1179,2024-01-30 14:00,Desktop,Social,611,6,0,0,0.0
S000542,1132,2024-01-21 18:00,Mobile,Direct,85,3,0,1,38.59
S000543,1087,2024-03-10 23:00,Desktop,Social,227,4,0,0,0.0
S000544,1070,2024-02-11 13:00,Desktop,Paid,246,6,0,0,0.0
S000545,1014,2024-01-24 00:00,Desktop,Social,254,1,1,0,0.0
S000546,1077,2024-02-18 06:00,Desktop,Direct,481,4,0,0,0.0
S000547,1012,2024-03-24 10:00,Mobile,Organic,138,10,0,0,0.0
S000548,1124,2024-01-28 09:00,Tablet,Paid,760,4,0,0,0.0
S000549,1022,2024-02-18 16:00,Desktop,Organic,119,5,0,0,0.0
S000550,1078,2024-02-27 04:00,Desktop,Organic,147,7,0,0,0.0
S000551,1003,2024-01-12 12:00,Desktop,Paid,8,4,0,0,0.0
S000552,1186,2024-03-16 20:00,Desktop,Paid,493,6,0,0,0.0
S000553,1030,2024-01-25 22:00,Desktop,Organic,430,5,0,0,0.0
S000554,1002,2024-02-23 21:00,Desktop,Email,184,6,0,0,0.0
S000555,1156,2024-01-13 19:00,Desktop,Organic,1485,7,0,0,0.0
S000556,1035,2024-03-23 22:00,Desktop,Email,671,5,0,0,0.0
S000557,1081,2024-03-03 12:00,Mobile,Social,724,8,0,1,52.65
S000558,1043,2024-01-27 19:00,Mobile,Paid,586,2,0,0,0.0
S000559,1072,2024-02-01 04:00,Tablet,Social,63,6,0,0,0.0
S000560,1153,2024-03-12 22:00,Desktop,Paid,121,3,0,0,0.0
S000561,1122,2024-03-25 15:00,Mobile,Direct,53,2,0,0,0.0
S000562,1165,2024-03-27 17:00,Tablet,Social,56,2,0,0,0.0
S000563,1022,2024-01-27 13:00,Desktop,Social,300,4,0,0,0.0
S000564,1006,2024-01-11 13:00,Mobile,Organic,602,6,0,0,0.0
S000565,1152,2024-03-08 23:00,Tablet,Social,576,1,1,0,0.0
S000566,1126,2024-02-04 08:00,Desktop,Paid,34,4,0,1,75.36
S000567,1027,2024-01-07 16:00,Desktop,Organic,414,6,0,0,0.0
S000568,1055,2024-01-09 20:00,Mobile,Paid,51,6,0,1,56.58
S000569,1144,2024-03-29 13:00,Desktop,Email,13,1,1,0,0.0
S000570,1042,2024-01-06 00:00,Mobile,Direct,41,3,0,0,0.0
S000571,1050,2024-01-21 22:00,Mobile,Paid,367,6,0,0,0.0
S000572,1092,2024-02-28 17:00,Tablet,Organic,250,5,0,0,0.0
S000573,1042,2024-01-11 02:00,Desktop,Direct,237,3,0,0,0.0
S000574,1160,2024-01-06 18:00,Desktop,Email,402,5,0,0,0.0
S000575,1127,2024-01-11 05:00,Desktop,Organic,281,3,0,0,0.0
S000576,1091,2024-03-19 21:00,Mobile,Paid,209,4,0,0,0.0
S000577,1128,2024-02-20 16:00,Desktop,Paid,357,5,0,0,0.0
S000578,1186,2024-02-07 06:00,Mobile,Organic,358,4,0,0,0.0
S000579,1119,2024-01-15 04:00,Mobile,Organic,498,4,0,0,0.0
S000580,1044,2024-01-08 11:00,Tablet,Paid,157,6,0,0,0.0
S000581,1053,2024-03-14 05:00,Tablet,Direct,161,5,0,0,0.0
S000582,1034,2024-02-23 21:00,Mobile,Email,126,2,0,0,0.0
S000583,1004,2024-01-21 04:00,Desktop,Paid,1005,5,0,1,55.18
S000584,1118,2024-01-19 18:00,Tablet,Organic,80,12,0,0,0.0
S000585,1095,2024-02-04 09:00,Desktop,Direct,290,1,1,0,0.0
S000586,1115,2024-03-29 15:00,Mobile,Email,126,3,0,0,0.0
S000587,1121,2024-03-06 20:00,Desktop,Email,128,3,0,0,0.0
S000588,1192,2024-02-29 13:00,Desktop,Paid,775,5,0,0,0.0
S000589,1135,2024-02-28 11:00,Mobile,Organic,606,2,0,0,0.0
S000590,1100,2024-01-17 15:00,Mobile,Organic,241,8,0,0,0.0
S000591,1080,2024-02-19 18:00,Mobile,Paid,5,3,0,0,0.0
S000592,1150,2024-01-17 02:00,Mobile,Direct,18,8,0,1,66.83
S000593,1057,2024-02-16 06:00,Tablet,Social,156,4,0,0,0.0
S000594,1062,2024-02-14 22:00,Mobile,Direct,61,4,0,0,0.0
S000595,1056,2024-02-05 12:00,Mobile,Social,442,4,0,0,0.0
S000596,1130,2024-02-17 09:00,Desktop,Organic,313,5,0,0,0.0
S000597,1172,2024-01-09 16:00,Desktop,Social,55,5,0,0,0.0
S000598,1017,2024-02-06 18:00,Tablet,Social,201,5,0,0,0.0
S000599,1084,2024-03-13 19:00,Tablet,Direct,389,3,0,0,0.0
S000600,1128,2024-01-11 12:00,Desktop,Email,181,4,0,0,0.0
