loan_id,age,income,employment_years,loan_amount,interest_rate,loan_term_months,credit_score,dti_ratio,num_credit_lines,delinquencies_2yr,home_ownership,loan_purpose,defaulted
1,47,21227.98,0,11227.54,16.3,36,581,0.1452,10,0,RENT,major_purchase,0
2,41,,14,14692.8,7.7,60,702,0.2349,7,0,OWN,debt_consolidation,0
3,50,43005.22,19,35288.01,10.28,60,766,0.17,11,0,RENT,major_purchase,0
4,28,59778.28,3,17821.89,7.93,60,554,0.1805,2,0,OWN,medical,0
5,59,67298.93,11,1000,17.33,36,701,0.2379,5,0,OWN,small_business,0
6,60,45980.06,3,13523.52,8.85,60,713,0.2201,11,0,RENT,major_purchase,0
7,63,44792.81,6,11739.54,15.48,36,650,0.1291,0,0,OWN,major_purchase,0
8,44,40198.15,0,15507.2,9.22,60,678,0.01,13,0,OWN,home_improvement,0
9,36,57742.56,4,11728.61,6.12,36,821,0.2504,6,0,OWN,credit_card,0
10,41,66093.56,10,15784.17,14.15,36,689,0.3658,11,0,OWN,debt_consolidation,0
11,52,57923.27,9,11145.77,8.91,60,628,0.1417,13,3,MORTGAGE,medical,0
12,55,39236.58,0,32431.31,12.08,60,690,0.1241,6,2,MORTGAGE,credit_card,0
13,42,27362.0,4,16119.79,21.7,36,760,0.179,3,0,OWN,credit_card,0
14,45,14537.12,0,12660.04,9.17,60,660,0.01,10,0,RENT,home_improvement,0
15,42,79815.43,1,21463.24,17.12,36,643,0.238,2,0,OWN,credit_card,0
16,67,47737.19,10,14416.01,6.94,36,566,0.0617,0,5,MORTGAGE,small_business,1
17,33,67766.48,13,1000,5.36,36,756,0.2441,3,0,OWN,major_purchase,0
18,38,50129.65,5,24152.64,13.29,36,588,0.3008,6,0,OWN,debt_consolidation,0
19,58,99999.36,10,8329.88,13.75,36,658,0.2116,4,5,OWN,small_business,0
20,62,12000,4,15671.61,11.92,60,706,0.2583,8,1,MORTGAGE,credit_card,0
21,34,35541.93,1,8967.06,12.7,60,662,0.01,10,0,OWN,home_improvement,0
22,57,60753.45,9,17375.18,12.26,36,656,0.1976,13,0,RENT,home_improvement,0
23,41,96936.91,9,17321.53,3.5,36,782,0.2468,13,0,OWN,home_improvement,0
24,49,54941.19,0,16373.78,15.3,36,703,0.2161,4,0,MORTGAGE,home_improvement,0
25,27,45264.08,7,21460.69,13.94,60,689,0.0935,0,0,MORTGAGE,credit_card,0
26,25,74516.85,5,1000,9.69,60,764,0.154,6,0,OWN,debt_consolidation,0
27,57,31494.18,5,9201.31,11.21,60,830,0.2421,1,2,OWN,home_improvement,0
28,30,76286.16,10,1000,12.68,60,687,0.01,12,3,MORTGAGE,major_purchase,0
29,45,88443.78,9,16779.8,11.71,36,647,0.1663,6,0,OWN,small_business,0
30,49,31145.48,9,10383.1,9.54,36,664,0.0496,2,0,RENT,small_business,0
31,45,23595.93,7,4834.04,17.02,36,676,0.2718,9,0,OWN,small_business,0
32,62,47994.9,11,20723.43,13.48,60,600,0.1604,6,0,OWN,small_business,0
33,62,71075.93,0,21827.25,11.71,60,767,0.075,5,0,RENT,credit_card,0
34,34,35878.11,12,9954.9,7.03,36,594,0.2149,2,0,RENT,medical,0
35,26,,6,14632.97,6.72,36,784,0.1756,3,0,OWN,medical,0
36,65,64953.83,5,16978.29,7.39,36,690,0.0412,6,0,OWN,major_purchase,0
37,46,98134.07,17,1000,3.89,36,734,0.1706,0,0,MORTGAGE,debt_consolidation,0
38,39,54063.66,4,28025.27,10.03,60,727,0.2151,0,0,RENT,debt_consolidation,0
39,64,37045.41,4,20007.62,11.48,60,772,0.1368,8,1,MORTGAGE,credit_card,0
40,48,47910.46,6,1000,5.78,36,687,0.1977,6,1,RENT,medical,0
41,44,37791.88,5,7536.51,16.12,36,701,0.2847,1,0,OWN,small_business,0
42,49,76055.99,10,15676.96,3.76,36,649,0.2392,14,0,OWN,major_purchase,0
43,36,31610.59,4,16634.4,9.8,60,723,0.1228,4,1,MORTGAGE,home_improvement,0
44,44,53327.91,7,14690.7,14.41,36,696,0.105,4,2,OWN,debt_consolidation,0
45,64,23151.54,0,35317.12,11.24,36,543,0.1725,12,0,MORTGAGE,credit_card,0
46,53,80284.45,16,19807.13,22.14,36,651,0.1751,9,4,OWN,small_business,0
47,36,,3,4192.48,7.4,36,751,0.1915,4,1,RENT,home_improvement,0
48,68,59666.36,12,30701.86,14.41,36,686,0.2157,0,0,MORTGAGE,small_business,0
49,49,75984.8,0,43278.48,3.93,60,764,0.1027,13,0,RENT,debt_consolidation,0
50,43,77141.85,6,15045.31,13.35,60,760,0.1349,8,0,RENT,credit_card,0
51,53,61893.3,9,17846.4,5.54,60,663,0.1951,6,0,OWN,home_improvement,0
52,54,45448.56,11,16270.68,6.71,36,594,0.1489,5,0,MORTGAGE,home_improvement,0
53,47,12000,4,17257.0,16.05,36,769,0.1365,8,2,OWN,debt_consolidation,0
54,59,53169.2,0,18716.8,12.1,36,735,0.2259,10,0,OWN,debt_consolidation,0
55,29,80823.41,9,3686.88,10.0,60,692,0.1246,4,0,OWN,small_business,0
56,44,43164.65,0,15483.82,3.5,60,619,0.1239,1,3,MORTGAGE,home_improvement,0
57,53,62135.76,9,14205.56,8.66,60,636,0.01,0,0,OWN,home_improvement,0
58,43,42772.07,6,2457.79,16.88,60,644,0.1441,8,0,MORTGAGE,debt_consolidation,0
59,62,66038.01,8,24061.65,7.95,60,669,0.1899,9,4,MORTGAGE,small_business,0
60,48,58842.12,10,26396.57,14.22,60,747,0.0431,9,0,RENT,home_improvement,0
61,33,93463.77,7,35164.48,11.86,60,666,0.0819,7,0,OWN,small_business,0
62,66,45030.05,14,17495.19,14.62,60,615,0.2048,10,1,RENT,small_business,0
63,39,97812.16,3,19741.86,19.12,36,706,0.241,8,0,OWN,credit_card,1
64,53,56275.39,12,3128.7,9.12,36,743,0.1506,12,4,OWN,debt_consolidation,0
65,53,78969.32,1,9837.99,20.62,60,654,0.2435,12,1,MORTGAGE,major_purchase,0
66,65,55390.58,0,23847.4,10.4,36,645,0.2712,5,2,RENT,small_business,0
67,51,38467.8,7,15737.29,11.75,36,654,0.1999,0,0,OWN,debt_consolidation,0
68,33,47482.1,2,23390.13,5.0,36,561,0.2574,11,5,OWN,medical,0
69,30,60810.96,10,20419.11,6.8,36,629,0.3481,14,0,RENT,medical,0
70,58,53171.54,2,1000,6.99,60,657,0.193,5,0,OWN,medical,0
71,66,56251.63,0,10774.96,10.09,60,660,0.1978,5,0,RENT,home_improvement,0
72,57,70393.22,3,1851.17,14.04,36,820,0.0688,1,2,RENT,home_improvement,0
73,30,34796.26,6,25259.48,14.83,36,591,0.3703,6,0,MORTGAGE,home_improvement,0
74,27,60136.48,4,21184.96,15.3,36,573,0.1034,9,0,MORTGAGE,home_improvement,0
75,47,71598.36,12,31459.16,8.87,60,691,0.2566,6,0,OWN,home_improvement,0
76,40,92965.48,1,25262.79,3.5,60,674,0.2219,8,3,MORTGAGE,small_business,0
77,48,56984.65,13,17161.43,14.77,60,698,0.1637,11,0,OWN,major_purchase,0
78,65,85225.88,10,19196.79,8.97,60,765,0.1404,14,0,MORTGAGE,home_improvement,1
79,68,59632.22,8,9715.44,8.31,36,658,0.2355,13,0,MORTGAGE,debt_consolidation,0
80,68,88009.41,7,1000,7.0,36,633,0.2418,0,0,MORTGAGE,credit_card,0
81,37,61165.14,6,9772.37,8.95,60,718,0.1907,12,0,MORTGAGE,credit_card,0
82,45,31441.21,9,15040.05,8.63,60,754,0.2261,3,0,OWN,medical,0
83,57,51812.58,7,1907.49,13.59,60,603,0.2486,4,4,RENT,home_improvement,0
84,39,26289.3,15,15496.33,5.58,36,765,0.3469,8,0,OWN,small_business,0
85,55,48348.48,17,25345.21,13.11,60,702,0.1605,12,0,RENT,major_purchase,0
86,65,46941.01,5,11285.76,7.9,36,647,0.1784,0,0,RENT,home_improvement,0
87,41,52444.46,7,1058.24,11.29,36,593,0.1342,2,0,RENT,major_purchase,0
88,42,47258.66,15,13370.93,12.78,60,671,0.0984,10,5,RENT,home_improvement,0
89,40,39601.55,4,4435.23,3.5,36,704,0.1989,8,0,OWN,credit_card,0
90,34,40355.15,8,4672.95,7.18,60,666,0.1902,8,0,MORTGAGE,major_purchase,0
91,25,35208.96,4,17480.82,14.51,36,737,0.104,11,0,RENT,small_business,0
92,32,72255.55,0,21148.02,3.63,36,714,0.1037,3,0,OWN,credit_card,0
93,38,39329.35,9,24351.49,10.64,60,677,0.1311,7,5,MORTGAGE,credit_card,0
94,34,35865.98,9,20356.32,9.42,60,579,0.1437,12,0,RENT,debt_consolidation,0
95,28,46403.42,7,13392.05,16.99,36,592,0.0536,9,0,RENT,debt_consolidation,0
96,51,34449.49,0,30351.7,13.26,36,667,0.0249,0,0,OWN,debt_consolidation,0
97,32,18170.0,5,10314.14,9.57,36,748,0.3406,1,0,OWN,medical,0
98,67,60810.02,4,13754.85,14.34,36,611,0.2248,8,0,RENT,major_purchase,0
99,24,32324.42,4,21890.6,11.68,60,650,0.2634,17,0,RENT,home_improvement,0
100,48,50261.42,0,10452.79,10.99,36,646,0.2288,11,0,OWN,credit_card,0
101,45,63594.06,0,21780.54,15.41,36,743,0.2847,5,0,MORTGAGE,debt_consolidation,0
102,45,66720.19,3,11176.84,12.43,60,752,0.1576,10,0,OWN,medical,0
103,29,55748.06,0,1000,6.91,36,648,0.01,6,0,RENT,home_improvement,0
104,51,54882.93,17,4587.6,7.28,36,702,0.0407,11,0,OWN,medical,0
105,36,28991.96,4,22163.83,5.68,60,654,0.1762,9,0,MORTGAGE,medical,0
106,33,78851.6,7,17304.1,6.76,36,791,0.2118,5,3,MORTGAGE,small_business,0
107,48,64554.24,8,12546.76,3.5,36,673,0.2378,7,0,MORTGAGE,home_improvement,0
108,38,38684.8,9,1000,14.01,60,753,0.2137,4,0,MORTGAGE,major_purchase,0
109,58,65095.18,3,18994.18,8.26,60,694,0.1731,13,0,MORTGAGE,home_improvement,0
110,48,76903.16,1,25943.21,17.5,60,685,0.1202,8,0,OWN,medical,0
111,40,78123.34,0,2651.78,7.91,60,,0.2801,8,0,MORTGAGE,debt_consolidation,0
112,54,,4,10980.3,13.25,36,728,0.2185,9,0,OWN,credit_card,0
113,28,48432.41,5,33619.71,7.11,60,684,0.2123,6,0,RENT,debt_consolidation,0
114,52,43447.99,8,18669.04,14.03,36,662,0.2248,6,3,RENT,medical,0
115,46,29777.79,16,34700.18,8.2,60,591,0.1147,7,0,RENT,credit_card,0
116,42,12000,13,13130.85,5.55,60,649,0.204,8,0,OWN,major_purchase,0
117,27,51031.22,1,30671.52,10.68,36,670,0.2684,6,0,RENT,major_purchase,0
118,49,42907.79,11,5226.84,13.66,60,772,0.0978,7,0,RENT,credit_card,0
119,66,59726.1,7,14226.69,11.26,60,678,0.139,6,0,OWN,small_business,0
120,65,75433.29,10,19322.57,5.8,36,794,0.1114,0,0,OWN,medical,0
121,45,36530.12,3,20325.63,11.33,36,729,0.2234,5,2,OWN,credit_card,0
122,67,51992.86,7,1000,14.4,60,582,0.2741,2,0,MORTGAGE,medical,0
123,37,,2,20008.09,14.05,36,599,0.1105,8,0,OWN,debt_consolidation,0
124,31,84534.28,7,25766.6,12.24,60,710,0.2701,12,0,MORTGAGE,credit_card,0
125,40,29707.01,8,36276.94,6.36,60,778,0.1419,13,0,MORTGAGE,home_improvement,0
126,41,44440.63,8,2683.72,11.66,60,705,0.2214,10,3,MORTGAGE,credit_card,0
127,58,64003.45,5,10240.04,13.97,36,648,0.1537,13,0,MORTGAGE,major_purchase,0
128,32,94800.64,12,11750.43,9.34,36,745,0.189,2,1,MORTGAGE,debt_consolidation,0
129,61,45071.01,14,10877.32,13.73,60,580,0.1773,9,0,RENT,medical,0
130,43,96832.43,10,10722.02,16.68,36,737,0.2328,11,0,MORTGAGE,major_purchase,0
131,34,17274.88,10,11002.22,7.77,36,669,0.0605,9,0,MORTGAGE,major_purchase,0
132,22,48947.32,2,8309.87,12.88,36,804,0.2332,11,0,OWN,medical,0
133,24,18131.32,4,20505.4,5.49,60,786,0.0305,3,4,MORTGAGE,medical,0
134,27,42334.18,7,1000,12.09,36,702,0.1829,4,0,OWN,medical,0
135,67,83419.2,4,24780.83,6.34,36,686,0.0844,5,5,MORTGAGE,medical,0
136,62,34808.9,5,24508.34,11.21,60,576,0.1536,9,0,OWN,home_improvement,0
137,44,56885.34,4,15823.56,14.04,60,796,0.0781,3,0,RENT,major_purchase,0
138,42,64847.56,2,14129.17,18.71,36,719,0.2163,1,5,OWN,credit_card,0
139,47,26182.68,16,16337.81,10.77,36,698,0.01,8,0,OWN,major_purchase,0
140,49,31450.39,8,4208.04,9.59,36,632,0.0387,9,5,MORTGAGE,credit_card,0
141,40,62882.47,9,24423.11,14.14,60,742,0.1528,5,0,RENT,small_business,0
142,29,82944.16,5,25390.13,13.18,36,622,0.2428,8,0,OWN,debt_consolidation,0
143,59,29579.14,0,36813.01,16.3,60,615,0.2599,7,0,OWN,major_purchase,0
144,24,39775.99,4,6758.89,14.08,36,575,0.1974,17,0,MORTGAGE,credit_card,0
145,27,83263.36,1,23284.58,11.63,36,662,0.1709,9,0,OWN,small_business,0
146,67,25397.44,13,17676.54,7.35,36,752,0.225,8,0,OWN,home_improvement,0
147,40,12000,4,28940.46,13.51,36,509,0.1988,8,1,OWN,major_purchase,0
148,42,60581.84,7,21863.38,16.85,36,777,0.227,8,0,OWN,home_improvement,0
149,59,12000,7,28946.19,11.89,60,698,0.0803,7,0,MORTGAGE,small_business,0
150,47,81725.57,15,18585.74,14.93,60,,0.1796,6,4,MORTGAGE,small_business,0
151,59,45583.01,0,7662.99,15.53,60,685,0.2667,6,0,OWN,debt_consolidation,0
152,30,32833.21,6,17471.03,9.97,36,684,0.2228,8,4,MORTGAGE,debt_consolidation,0
153,67,61644.41,4,3263.91,12.23,36,598,0.1637,13,0,RENT,credit_card,0
154,66,44065.07,10,18992.09,9.96,60,713,0.1573,0,2,OWN,major_purchase,0
155,53,86657.11,6,1000,13.12,36,631,0.2409,8,3,OWN,debt_consolidation,0
156,22,45808.0,2,12271.14,8.11,60,700,0.1968,11,0,MORTGAGE,credit_card,0
157,32,92174.08,12,11146.64,9.33,36,782,0.2488,10,0,MORTGAGE,small_business,0
158,48,90630.1,7,22171.72,6.63,36,628,0.2424,3,0,MORTGAGE,credit_card,0
159,32,82844.16,2,20863.05,3.76,60,613,0.2074,9,0,MORTGAGE,major_purchase,0
160,27,37798.98,0,3575.32,12.01,60,631,0.3542,6,0,RENT,home_improvement,0
161,47,43047.0,5,13964.3,9.94,36,640,0.1668,11,0,OWN,major_purchase,0
162,29,50773.09,9,19934.48,14.22,36,717,0.298,12,0,RENT,home_improvement,0
163,55,51787.96,8,18200.13,11.53,60,638,0.01,7,0,OWN,credit_card,0
164,53,88600.97,10,5765.43,8.05,36,678,0.0613,16,0,RENT,medical,0
165,40,87793.86,7,25578.84,14.45,60,,0.3312,12,0,OWN,home_improvement,0
166,34,64534.58,13,32127.05,11.11,36,699,0.2837,9,0,RENT,credit_card,0
167,23,35142.73,3,16505.4,8.98,60,639,0.2736,7,0,MORTGAGE,small_business,0
168,44,97761.46,3,1000,11.37,60,689,0.2188,1,0,MORTGAGE,home_improvement,0
169,57,31162.15,15,11350.81,17.41,60,705,0.0103,8,0,OWN,credit_card,0
170,26,48206.62,6,18881.69,5.6,36,721,0.1819,7,0,MORTGAGE,medical,0
171,30,64482.03,7,16179.9,15.83,60,751,0.2399,13,2,OWN,major_purchase,0
172,66,81294.17,6,20781.04,13.71,60,698,0.2094,10,4,MORTGAGE,credit_card,0
173,55,37607.92,4,8164.71,9.61,36,660,0.2411,6,0,RENT,home_improvement,0
174,41,72132.88,2,25026.56,15.47,36,718,0.1851,11,0,MORTGAGE,small_business,0
175,67,34912.01,10,21099.66,13.42,36,735,0.1717,8,0,RENT,credit_card,0
176,32,42803.82,9,35384.71,9.04,36,618,0.2577,8,0,OWN,major_purchase,0
177,64,39358.54,8,25834.7,17.09,36,709,0.1974,4,0,OWN,major_purchase,0
178,58,73215.67,1,12456.27,7.99,60,751,0.2892,6,1,RENT,medical,0
179,46,52615.09,7,14779.2,6.55,60,638,0.24,4,5,OWN,credit_card,0
180,48,32979.51,4,24064.22,3.5,60,553,0.2107,13,0,OWN,medical,0
181,62,54950.48,9,27292.51,5.75,36,747,0.182,6,0,RENT,medical,0
182,38,34829.89,3,24907.24,3.5,60,792,0.1964,6,0,MORTGAGE,medical,0
183,29,69767.7,9,16311.92,7.85,36,689,0.143,7,0,MORTGAGE,major_purchase,0
184,61,60292.92,5,12818.93,8.74,36,635,0.2559,2,0,OWN,home_improvement,0
185,45,64648.89,8,19318.58,8.4,36,669,0.0967,11,0,OWN,debt_consolidation,0
186,61,93719.53,6,3961.74,12.85,60,760,0.151,5,3,RENT,home_improvement,0
187,55,114345.25,5,15823.21,12.86,60,689,0.1059,14,4,OWN,credit_card,0
188,61,27877.3,0,16812.86,12.8,60,656,0.1608,6,0,OWN,credit_card,0
189,27,61497.56,7,4173.15,14.13,60,715,0.1257,11,0,RENT,home_improvement,0
190,48,47370.69,7,9774.87,18.63,36,659,0.1644,4,0,MORTGAGE,debt_consolidation,0
191,33,54823.93,13,12245.69,7.31,60,703,0.2082,10,0,MORTGAGE,credit_card,0
192,60,66294.4,5,18175.36,9.51,60,773,0.2939,14,5,RENT,medical,0
193,66,31444.93,3,12746.5,10.33,36,702,0.0561,12,0,OWN,debt_consolidation,0
194,45,24260.88,13,19527.41,12.06,36,792,0.1639,10,1,OWN,small_business,0
195,24,51095.39,4,12395.77,11.31,60,607,0.208,6,0,RENT,small_business,0
196,39,91416.68,11,13378.93,18.98,36,686,0.1552,2,0,MORTGAGE,medical,0
197,64,60362.32,12,13163.05,7.77,60,555,0.2338,0,0,OWN,medical,0
198,36,64365.7,9,20690.63,10.21,36,581,0.3208,4,0,MORTGAGE,small_business,0
199,33,38520.2,2,8534.51,18.09,36,761,0.1386,8,0,MORTGAGE,small_business,0
200,44,51804.43,2,8858.28,13.62,60,800,0.1589,6,0,OWN,credit_card,0
201,62,49757.77,0,9186.43,14.49,36,666,0.2456,6,2,RENT,credit_card,0
202,32,83626.16,2,25177.88,10.53,36,731,0.1067,12,0,RENT,medical,0
203,63,42846.06,9,22570.83,11.38,60,628,0.1807,8,2,MORTGAGE,major_purchase,0
204,38,44102.09,11,15276.58,16.08,36,598,0.2924,4,0,OWN,small_business,0
205,45,36304.56,8,17943.16,8.9,36,711,0.1691,12,0,MORTGAGE,credit_card,0
206,27,32514.9,4,19740.37,13.0,36,628,0.234,8,0,OWN,debt_consolidation,0
207,46,78966.59,8,1000,8.15,60,645,0.1307,4,0,MORTGAGE,major_purchase,0
208,65,70895.53,12,29290.66,6.73,60,635,0.2323,8,0,MORTGAGE,credit_card,0
209,68,34536.72,1,21009.96,10.35,60,714,0.2491,4,0,MORTGAGE,small_business,0
210,56,23783.68,4,7469.44,14.28,60,787,0.1413,11,0,RENT,small_business,0
211,56,74160.87,6,16522.05,5.53,36,701,0.0728,7,0,RENT,debt_consolidation,0
212,34,38994.78,1,9570.01,10.14,36,722,0.2891,5,4,OWN,major_purchase,1
213,38,22280.29,4,24339.84,17.77,60,660,0.1088,1,0,OWN,home_improvement,0
214,43,82056.1,5,28185.48,10.62,36,779,0.1477,12,0,MORTGAGE,credit_card,0
215,33,54207.5,7,26932.96,12.43,36,672,0.1482,1,1,OWN,home_improvement,0
216,27,51656.06,0,1000,11.46,60,689,0.0713,11,0,OWN,home_improvement,0
217,67,38630.24,0,17872.16,16.69,60,804,0.2054,8,0,MORTGAGE,debt_consolidation,0
218,28,62525.34,8,6748.59,4.62,60,719,0.2153,10,4,RENT,major_purchase,1
219,64,70072.74,12,3796.85,9.95,36,606,0.205,2,0,OWN,credit_card,0
220,54,47854.75,6,14374.14,20.71,60,696,0.1798,6,0,RENT,credit_card,0
221,66,33808.03,11,38172.29,7.15,60,680,0.1838,9,0,MORTGAGE,credit_card,0
222,50,83670.36,0,15486.35,16.28,36,666,0.1487,2,0,MORTGAGE,major_purchase,0
223,65,55352.54,12,30167.17,17.93,60,655,0.248,10,0,MORTGAGE,small_business,0
224,57,65166.81,3,21913.54,14.75,60,706,0.2336,2,0,MORTGAGE,small_business,0
225,25,34540.72,1,16507.68,17.56,36,736,0.0476,8,0,OWN,medical,0
226,40,75194.33,13,11909.4,8.0,36,660,0.1267,9,0,MORTGAGE,credit_card,0
227,51,36825.23,5,27219.18,10.82,36,599,0.2288,4,0,OWN,major_purchase,0
228,40,83099.82,2,20609.68,14.17,60,573,0.199,5,0,RENT,debt_consolidation,0
229,56,44703.45,5,15923.31,12.61,36,712,0.1742,3,0,RENT,debt_consolidation,0
230,37,64113.06,11,12369.35,11.12,36,502,0.2231,5,0,RENT,small_business,0
231,57,63213.93,9,16345.98,14.82,60,549,0.3163,10,0,RENT,small_business,1
232,35,48206.15,5,11610.09,17.17,36,654,0.1834,9,5,RENT,medical,0
233,31,76687.98,0,7681.81,9.97,36,630,0.2241,10,0,MORTGAGE,medical,0
234,53,73748.15,1,21682.25,8.06,60,608,0.2975,8,0,RENT,credit_card,0
235,40,46877.34,1,1762.35,4.97,36,674,0.2231,5,0,MORTGAGE,major_purchase,0
236,40,56389.67,9,10832.28,10.65,60,661,0.063,10,0,OWN,major_purchase,0
237,50,79087.49,3,19968.06,6.87,60,534,0.0935,10,0,RENT,medical,0
238,65,34442.83,7,21169.94,4.16,36,682,0.2661,6,4,OWN,debt_consolidation,0
239,25,41676.11,2,18311.26,14.88,60,615,0.1598,12,0,MORTGAGE,small_business,0
240,56,49799.44,13,10029.84,11.04,60,532,0.01,12,0,RENT,small_business,0
241,31,79166.54,6,35619.0,14.0,60,691,0.0584,2,0,MORTGAGE,debt_consolidation,0
242,37,46802.23,5,13801.47,9.22,36,743,0.2514,0,5,RENT,small_business,0
243,39,53533.3,6,15346.93,7.31,36,506,0.2568,13,2,MORTGAGE,credit_card,0
244,24,73104.9,4,22597.44,13.97,60,666,0.2269,10,0,MORTGAGE,medical,0
245,33,64775.58,7,19289.04,9.9,36,607,0.3026,5,0,RENT,small_business,0
246,66,29507.41,15,27469.33,21.88,60,589,0.1309,0,0,MORTGAGE,medical,0
247,44,90978.05,0,24044.51,11.59,36,680,0.01,10,0,MORTGAGE,major_purchase,0
248,63,74651.02,4,34241.15,11.27,36,722,0.1639,9,0,OWN,small_business,0
249,43,52294.82,4,1521.82,10.41,60,644,0.2513,12,0,MORTGAGE,credit_card,0
250,56,18559.39,9,8812.78,13.59,36,751,0.1776,10,0,RENT,medical,0
251,57,49642.73,1,1000,14.12,60,752,0.21,6,0,OWN,small_business,0
252,42,86883.38,1,1000,8.62,60,723,0.0359,5,0,RENT,debt_consolidation,0
253,57,76259.47,0,39656.56,11.57,36,701,0.2637,3,0,OWN,major_purchase,0
254,22,103118.18,2,11892.98,12.07,60,601,0.0896,6,5,OWN,credit_card,0
255,54,52038.91,8,15484.72,10.2,36,648,0.1292,14,3,OWN,home_improvement,0
256,35,,8,13351.08,11.38,36,704,0.2673,8,0,RENT,small_business,0
257,63,50766.71,4,23970.86,10.55,60,690,0.1539,3,0,RENT,credit_card,0
258,54,52527.2,8,14363.16,10.98,36,637,0.0952,5,0,MORTGAGE,major_purchase,0
259,66,36158.25,7,18261.97,16.25,36,575,0.2045,11,4,RENT,small_business,0
260,30,47441.9,0,22304.34,15.51,60,658,0.0698,9,2,MORTGAGE,home_improvement,0
261,42,31160.63,12,24079.23,8.59,36,570,0.1379,3,0,RENT,credit_card,0
262,59,12000,5,18018.2,17.81,60,709,0.3074,4,0,MORTGAGE,small_business,0
263,63,62441.7,7,15490.5,7.75,36,581,0.0144,0,4,MORTGAGE,credit_card,0
264,50,45616.59,12,25839.01,11.72,36,678,0.0939,1,0,MORTGAGE,major_purchase,0
265,22,60122.41,2,2079.48,12.4,36,590,0.1752,7,0,MORTGAGE,medical,0
266,56,33802.97,12,25825.61,15.63,60,625,0.1975,16,0,RENT,small_business,0
267,36,80666.41,0,6548.85,10.68,60,663,0.1573,10,0,MORTGAGE,credit_card,0
268,49,68303.08,5,14652.77,9.29,36,650,0.1903,9,4,OWN,major_purchase,0
269,51,76126.99,2,5274.27,8.36,60,515,0.1094,6,0,RENT,medical,0
270,68,44011.26,10,13139.5,12.54,60,638,0.2135,7,4,OWN,debt_consolidation,0
271,44,64538.92,9,14208.65,13.21,60,783,0.079,13,3,RENT,medical,1
272,38,62435.26,0,19286.03,15.91,60,551,0.1688,5,0,OWN,home_improvement,0
273,59,62987.35,7,1000,14.63,60,636,0.1339,5,0,RENT,small_business,0
274,58,80364.66,5,17848.46,9.6,60,678,0.2381,6,0,MORTGAGE,major_purchase,0
275,22,36614.89,2,13643.57,8.33,60,621,0.1482,6,0,OWN,credit_card,0
276,38,56194.2,2,17458.09,15.27,36,652,0.369,6,1,MORTGAGE,credit_card,0
277,56,12000,10,23184.81,13.33,36,641,0.1048,7,0,MORTGAGE,major_purchase,0
278,24,55737.27,0,10590.76,15.77,36,744,0.0628,7,0,MORTGAGE,major_purchase,0
279,30,42105.69,9,8959.86,14.25,36,760,0.0864,10,0,MORTGAGE,medical,0
280,22,53861.81,2,9248.92,10.82,36,761,0.2883,6,0,OWN,medical,0
281,67,83283.25,10,24071.16,6.11,36,770,0.2139,13,0,OWN,major_purchase,0
282,23,76764.52,3,10182.99,9.72,36,597,0.1574,4,0,RENT,major_purchase,0
283,62,35328.87,8,26407.5,14.72,60,642,0.1494,0,5,OWN,medical,0
284,22,33670.79,0,21582.14,7.6,36,571,0.1956,3,0,MORTGAGE,small_business,0
285,23,57714.13,3,17104.79,10.95,60,760,0.1387,16,0,MORTGAGE,debt_consolidation,0
286,32,87409.37,3,10932.02,3.5,36,694,0.2534,12,0,RENT,home_improvement,0
287,38,22664.55,8,1376.39,12.76,36,604,0.1463,12,0,OWN,debt_consolidation,0
288,46,53161.7,0,22686.41,15.69,36,653,0.0735,3,0,OWN,major_purchase,0
289,41,60025.01,12,16574.78,10.75,60,639,0.0946,7,0,RENT,home_improvement,0
290,35,38448.3,2,21618.42,16.91,36,661,0.1422,7,0,RENT,credit_card,0
291,46,12000,3,20846.03,6.87,36,635,0.1154,3,0,MORTGAGE,home_improvement,0
292,50,41288.56,8,33514.43,21.72,36,575,0.2815,7,1,OWN,major_purchase,0
293,40,32956.12,16,16019.96,17.15,36,,0.2528,7,0,MORTGAGE,credit_card,0
294,58,63908.68,0,11409.15,12.22,60,668,0.0852,1,0,OWN,credit_card,0
295,33,69251.37,0,15577.43,15.61,60,698,0.2107,7,0,RENT,home_improvement,0
296,29,40459.65,9,30022.97,16.09,60,734,0.1641,6,1,OWN,credit_card,0
297,61,85957.28,7,12870.89,14.55,36,719,0.0625,8,0,RENT,small_business,0
298,38,50115.55,6,16094.57,11.44,60,669,0.1207,5,0,MORTGAGE,debt_consolidation,0
299,54,59989.44,5,18326.96,9.62,60,665,0.2882,5,0,MORTGAGE,small_business,0
300,44,76004.6,9,5125.9,9.98,60,624,0.155,4,0,RENT,home_improvement,0
301,31,52259.08,11,1000,15.28,36,,0.0592,8,0,OWN,credit_card,0
302,63,41020.98,0,18168.24,13.54,60,675,0.2499,9,1,MORTGAGE,home_improvement,0
303,39,76867.27,9,19630.97,12.41,36,706,0.1315,10,0,RENT,small_business,0
304,50,47519.87,4,29836.18,15.7,60,747,0.1459,10,0,OWN,major_purchase,0
305,59,31548.1,10,27171.59,15.51,36,631,0.1321,10,0,RENT,small_business,0
306,47,68656.98,12,9919.62,11.05,36,659,0.0387,0,0,OWN,home_improvement,0
307,40,86768.47,2,10727.75,12.84,60,750,0.1572,9,0,OWN,credit_card,0
308,66,85932.22,13,21449.15,9.02,36,708,0.0447,8,5,OWN,debt_consolidation,0
309,44,36466.28,4,21843.01,7.4,60,740,0.0503,10,0,MORTGAGE,major_purchase,0
310,22,38460.74,2,20907.13,14.07,60,679,0.01,7,0,RENT,small_business,0
311,61,104478.4,7,7046.84,18.32,36,582,0.297,12,5,OWN,small_business,0
312,54,64449.22,1,14910.92,5.1,36,599,0.328,1,0,MORTGAGE,medical,0
313,65,75676.65,4,10014.24,11.1,36,709,0.175,6,4,OWN,major_purchase,0
314,33,51162.36,6,27770.19,8.11,60,675,0.1655,4,0,RENT,major_purchase,0
315,34,57080.31,13,25523.42,17.0,60,698,0.2085,11,1,RENT,credit_card,0
316,51,64412.18,0,17306.65,11.08,36,664,0.0682,0,0,RENT,home_improvement,0
317,27,56290.19,7,10768.25,12.47,36,,0.0768,6,0,MORTGAGE,small_business,0
318,53,26010.52,9,7770.05,12.61,60,703,0.1401,12,5,MORTGAGE,home_improvement,0
319,43,75010.19,11,1000,7.9,60,752,0.1702,14,0,OWN,debt_consolidation,0
320,29,71746.56,0,9962.61,10.18,36,773,0.2738,8,0,MORTGAGE,home_improvement,0
321,28,49837.8,7,2120.37,14.03,60,831,0.2902,9,3,RENT,small_business,0
322,38,41352.11,8,24888.67,13.34,60,608,0.2571,6,0,OWN,credit_card,0
323,59,61998.04,9,17579.35,14.57,60,850,0.1824,7,0,RENT,home_improvement,0
324,24,59152.08,4,25059.3,15.66,60,689,0.1589,6,1,MORTGAGE,major_purchase,0
325,22,21251.82,2,31894.97,14.17,60,803,0.1514,1,0,MORTGAGE,medical,0
326,29,68480.0,0,21526.54,17.37,36,704,0.1907,0,0,RENT,medical,0
327,59,58436.23,4,21377.6,11.14,36,814,0.3268,8,0,MORTGAGE,major_purchase,0
328,25,37442.96,4,33017.84,3.5,60,808,0.099,7,0,MORTGAGE,major_purchase,0
329,40,47155.48,4,22949.91,6.11,60,688,0.01,9,0,RENT,medical,0
330,50,76623.34,10,11185.8,6.44,60,755,0.2667,4,5,MORTGAGE,home_improvement,0
331,35,,6,11713.05,13.31,60,708,0.1218,13,0,MORTGAGE,small_business,1
332,46,43342.7,10,23600.38,10.32,36,686,0.2509,0,0,OWN,major_purchase,0
333,26,79957.45,0,10694.62,9.44,36,668,0.0762,3,0,RENT,home_improvement,0
334,64,62169.91,2,16827.73,13.08,60,691,0.234,13,0,MORTGAGE,credit_card,0
335,34,46295.29,4,1201.11,9.15,36,708,0.2793,5,0,MORTGAGE,credit_card,0
336,64,43048.87,0,23879.12,13.37,60,680,0.0543,1,0,RENT,debt_consolidation,0
337,49,85178.81,7,16907.2,10.21,60,634,0.1425,12,0,MORTGAGE,medical,0
338,24,117995.26,4,23288.07,8.76,36,747,0.0394,9,0,OWN,home_improvement,0
339,34,67683.74,3,19335.65,16.97,36,695,0.2583,10,0,RENT,home_improvement,0
340,22,58468.98,2,12589.17,9.4,60,766,0.2261,15,0,MORTGAGE,small_business,0
341,52,65051.58,3,29383.08,5.66,60,652,0.2303,13,0,MORTGAGE,medical,0
342,61,76834.72,7,20559.44,8.82,60,,0.17,5,2,MORTGAGE,debt_consolidation,0
343,47,70936.69,0,1000,10.75,60,662,0.1027,9,0,OWN,debt_consolidation,0
344,39,60984.92,4,16385.3,15.66,60,759,0.1436,8,0,MORTGAGE,debt_consolidation,1
345,44,93805.54,4,29975.71,11.59,60,419,0.2208,3,0,MORTGAGE,major_purchase,0
346,67,12000,15,2130.81,11.96,60,726,0.1444,8,0,OWN,home_improvement,0
347,30,61689.13,4,8417.6,16.18,60,709,0.1432,6,2,OWN,debt_consolidation,0
348,63,,15,12155.52,17.64,60,788,0.0927,8,0,MORTGAGE,home_improvement,0
349,23,64654.26,3,38821.74,11.47,60,656,0.2846,3,0,OWN,medical,0
350,36,54954.57,9,7767.91,10.05,60,602,0.059,4,5,MORTGAGE,credit_card,0
351,52,73082.77,7,8641.61,6.46,36,642,0.2317,7,4,OWN,major_purchase,0
352,30,40463.8,10,14147.16,9.97,36,742,0.2753,13,0,RENT,debt_consolidation,0
353,62,50210.12,0,8413.55,11.31,60,692,0.1804,4,0,RENT,home_improvement,0
354,55,66633.48,2,1393.94,7.97,36,621,0.1931,7,2,OWN,debt_consolidation,0
355,52,12000,0,7263.8,11.56,60,777,0.1519,13,5,RENT,credit_card,0
356,50,24922.92,15,1000,3.63,36,658,0.1108,7,0,MORTGAGE,debt_consolidation,0
357,61,34393.97,11,24701.51,12.76,36,652,0.2063,9,0,RENT,small_business,0
358,51,12000,1,13312.77,10.69,36,616,0.1684,4,4,MORTGAGE,home_improvement,0
359,54,37439.33,6,20941.03,13.77,60,656,0.1001,17,0,RENT,debt_consolidation,0
360,28,,0,1000,9.09,60,677,0.0868,3,0,OWN,home_improvement,0
361,42,68478.55,5,27262.39,6.47,60,764,0.1489,6,0,OWN,medical,0
362,45,,5,3312.15,7.71,60,771,0.2397,0,0,MORTGAGE,credit_card,0
363,65,37693.08,4,1000,11.09,60,659,0.1435,10,0,MORTGAGE,credit_card,0
364,50,61574.54,5,10858.26,13.32,60,644,0.2735,9,0,MORTGAGE,major_purchase,0
365,33,65686.0,5,5035.77,13.12,36,641,0.1457,1,0,RENT,home_improvement,0
366,64,38398.65,9,24589.16,9.76,60,705,0.0735,7,0,OWN,major_purchase,0
367,40,74748.49,9,17252.96,15.05,60,750,0.1473,10,0,RENT,credit_card,0
368,68,43524.56,19,26144.68,10.27,36,617,0.1556,8,3,OWN,major_purchase,0
369,63,64822.31,8,11186.63,10.58,36,611,0.0929,11,0,MORTGAGE,small_business,0
370,63,65783.29,9,1000,12.43,60,653,0.2897,5,1,RENT,medical,0
371,47,45972.03,4,1733.4,12.06,60,798,0.0219,12,0,MORTGAGE,debt_consolidation,0
372,52,65620.08,11,25730.81,17.85,60,747,0.1421,5,0,MORTGAGE,home_improvement,0
373,36,61304.83,7,24985.47,13.49,60,673,0.1125,12,0,RENT,medical,0
374,67,56522.3,4,31820.97,9.03,60,673,0.106,12,4,OWN,credit_card,0
375,45,51375.45,12,43819.34,8.52,36,761,0.1819,3,0,MORTGAGE,debt_consolidation,0
376,25,33138.36,4,9981.75,11.31,60,778,0.0707,12,0,MORTGAGE,credit_card,0
377,57,78146.61,1,26233.67,9.52,60,,0.2099,15,0,MORTGAGE,medical,0
378,29,73843.53,9,14611.02,11.87,60,640,0.2008,2,0,RENT,home_improvement,0
379,36,40927.75,14,27282.49,8.59,36,850,0.2052,10,5,RENT,debt_consolidation,0
380,26,,6,15273.25,19.86,36,748,0.1348,0,0,OWN,credit_card,0
381,62,61061.08,10,15920.55,13.46,60,765,0.097,10,2,MORTGAGE,major_purchase,0
382,58,100243.81,3,21525.77,12.12,60,850,0.2212,11,0,RENT,major_purchase,0
383,58,35468.15,5,25315.69,12.43,60,572,0.2601,0,0,MORTGAGE,major_purchase,0
384,36,55681.09,8,20813.61,7.6,60,713,0.3301,4,0,OWN,medical,0
385,60,79292.8,0,12599.43,9.78,36,612,0.0776,0,0,OWN,major_purchase,0
386,51,48241.79,12,17135.9,12.46,36,675,0.2077,7,0,OWN,small_business,0
387,32,107540.52,6,14154.57,6.92,36,706,0.1249,12,0,RENT,small_business,0
388,22,58613.88,2,3592.01,10.0,60,737,0.2066,2,0,OWN,home_improvement,0
389,53,79162.71,7,4428.93,4.65,36,679,0.075,4,0,RENT,credit_card,0
390,26,73064.0,6,1000,5.38,36,569,0.1595,12,0,MORTGAGE,medical,0
391,30,52190.86,4,14751.53,8.69,36,768,0.1687,11,0,RENT,medical,0
392,50,16431.18,0,25747.99,7.98,36,596,0.1746,9,0,RENT,small_business,0
393,32,54364.61,9,20354.0,11.14,36,601,0.01,10,0,MORTGAGE,small_business,0
394,33,63274.92,5,27272.5,14.39,60,677,0.1148,8,0,MORTGAGE,major_purchase,0
395,35,59257.6,5,13305.82,9.23,60,703,0.1517,6,0,OWN,medical,0
396,57,59926.14,14,5106.41,16.24,36,608,0.1224,13,0,RENT,home_improvement,0
397,38,44021.84,7,7051.6,16.35,36,657,0.2384,0,5,OWN,home_improvement,0
398,67,55951.96,0,8560.45,14.01,36,605,0.2554,10,1,OWN,credit_card,0
399,43,39002.58,6,19486.39,3.95,36,677,0.2807,17,0,OWN,home_improvement,0
400,26,53170.67,6,1000,12.27,36,574,0.2553,9,0,OWN,small_business,0
401,42,88861.08,4,16052.92,18.95,60,796,0.1096,8,0,OWN,major_purchase,0
402,61,62675.41,2,23454.81,16.86,36,719,0.1908,11,5,MORTGAGE,medical,0
403,39,51990.1,4,10840.94,11.65,36,698,0.2141,7,0,OWN,small_business,0
404,48,47682.0,5,32806.47,9.33,36,623,0.1779,7,0,MORTGAGE,small_business,0
405,51,74327.71,4,2357.6,4.58,36,693,0.2156,14,0,RENT,small_business,0
406,46,60025.58,1,23140.98,12.08,36,631,0.2392,2,5,RENT,debt_consolidation,1
407,56,57804.8,3,6629.71,11.98,36,664,0.1755,5,3,MORTGAGE,credit_card,0
408,22,40662.51,2,13251.28,11.98,60,709,0.2432,1,0,OWN,medical,0
409,42,45118.06,19,3183.63,12.49,60,664,0.1823,12,0,RENT,medical,0
410,37,21880.04,4,20615.98,12.07,60,566,0.0991,13,0,RENT,debt_consolidation,0
411,67,59464.37,7,20099.3,15.79,36,620,0.2997,8,0,RENT,small_business,1
412,46,78931.39,3,29767.15,15.0,60,660,0.2175,13,0,MORTGAGE,small_business,0
413,61,,4,1000,6.5,36,751,0.2763,14,0,MORTGAGE,major_purchase,0
414,49,45381.91,9,2319.76,8.39,60,792,0.1953,17,0,OWN,credit_card,0
415,66,36637.13,0,12154.82,3.99,60,626,0.01,11,0,RENT,small_business,0
416,50,43935.0,6,6422.79,8.55,36,616,0.1548,1,0,RENT,credit_card,0
417,35,62485.18,0,21666.31,7.96,36,575,0.2445,7,0,RENT,major_purchase,0
418,41,90390.46,3,22101.87,13.22,60,794,0.199,4,5,MORTGAGE,debt_consolidation,0
419,49,82517.53,6,13397.33,6.56,36,779,0.2369,13,4,OWN,debt_consolidation,0
420,31,80521.38,11,1000,9.16,60,685,0.0624,5,0,OWN,medical,0
421,33,62354.13,6,16982.41,8.49,36,604,0.2869,9,0,MORTGAGE,medical,0
422,63,55322.78,8,3960.99,12.68,60,732,0.3326,6,0,OWN,debt_consolidation,0
423,47,58182.56,0,5575.23,15.59,60,758,0.2906,10,0,RENT,major_purchase,0
424,52,25726.77,6,17292.83,12.45,36,606,0.2656,8,0,MORTGAGE,small_business,0
425,42,70496.2,0,18511.49,13.46,60,664,0.2923,12,0,OWN,medical,0
426,54,63498.44,0,5446.69,3.5,60,804,0.1728,7,0,OWN,major_purchase,0
427,29,47777.44,9,19233.24,8.29,36,645,0.2773,9,0,MORTGAGE,credit_card,0
428,49,54639.89,6,13540.59,5.76,60,637,0.1157,0,0,RENT,credit_card,0
429,54,53323.73,0,6783.93,18.68,60,659,0.0535,14,0,RENT,debt_consolidation,0
430,62,59339.84,3,1000,7.02,60,679,0.3357,12,0,MORTGAGE,small_business,0
431,36,40269.05,5,19027.16,18.13,36,463,0.1383,13,0,MORTGAGE,small_business,0
432,68,21674.99,0,20796.47,8.08,60,672,0.1633,12,0,RENT,home_improvement,0
433,36,77283.54,0,20484.89,5.87,60,740,0.2302,10,0,OWN,home_improvement,0
434,36,59170.05,9,6940.43,7.5,60,633,0.1048,4,2,RENT,credit_card,0
435,45,66963.33,7,30842.68,10.33,60,558,0.1827,10,0,RENT,small_business,0
436,30,73505.62,10,24291.59,9.67,60,667,0.2024,5,0,MORTGAGE,medical,0
437,48,55705.58,2,19251.54,10.91,60,753,0.1654,11,0,MORTGAGE,credit_card,0
438,28,61239.83,1,21378.89,13.46,60,647,0.1875,12,0,OWN,small_business,0
439,38,40922.51,3,25270.35,11.14,60,769,0.0968,9,0,RENT,major_purchase,0
440,27,30385.09,4,9682.04,10.96,36,716,0.2408,8,0,OWN,credit_card,0
441,52,35828.75,4,21133.64,13.23,60,614,0.2301,4,0,MORTGAGE,home_improvement,0
442,47,41809.2,9,9312.66,14.06,36,727,0.2188,18,0,RENT,credit_card,0
443,41,72590.23,1,16909.81,11.15,36,719,0.25,9,0,MORTGAGE,small_business,0
444,57,87781.93,7,15352.99,13.83,36,674,0.01,5,0,OWN,major_purchase,0
445,24,97859.36,4,20773.58,8.66,36,663,0.2493,4,2,RENT,debt_consolidation,0
446,56,20494.56,6,4910.28,10.06,36,646,0.184,11,0,RENT,credit_card,0
447,22,54622.21,2,33069.53,8.61,36,617,0.1421,12,0,MORTGAGE,home_improvement,0
448,60,84540.75,6,17341.42,12.77,60,759,0.081,16,0,MORTGAGE,small_business,0
449,26,22239.59,0,12086.95,15.68,60,624,0.2215,12,0,MORTGAGE,debt_consolidation,0
450,63,74099.03,2,3563.95,7.97,36,735,0.1461,1,0,MORTGAGE,home_improvement,0
451,43,110693.58,0,24690.71,12.23,60,517,0.0945,0,0,RENT,home_improvement,0
452,49,21360.29,0,1626.04,8.22,36,718,0.0997,14,0,MORTGAGE,medical,0
453,32,51751.67,0,15840.83,4.88,60,717,0.1328,14,0,MORTGAGE,medical,1
454,57,78397.45,5,12401.42,13.1,60,713,0.2036,5,0,OWN,debt_consolidation,0
455,26,51345.01,6,4058.56,10.26,60,639,0.1731,11,0,OWN,debt_consolidation,0
456,25,47033.18,5,1000,4.32,36,685,0.3514,0,3,RENT,credit_card,0
457,63,98039.88,6,17556.35,11.97,36,814,0.1502,10,0,RENT,debt_consolidation,0
458,24,21374.73,3,2417.13,3.5,60,607,0.1542,8,0,OWN,major_purchase,0
459,32,27424.93,12,7328.66,9.74,36,619,0.1346,5,0,MORTGAGE,credit_card,0
460,30,33771.65,10,19727.66,7.17,60,655,0.2188,6,0,MORTGAGE,debt_consolidation,0
461,52,41642.21,3,22176.59,7.66,36,722,0.1392,10,0,RENT,credit_card,0
462,33,39077.83,0,13215.35,14.49,36,621,0.3004,9,0,RENT,home_improvement,0
463,34,75346.19,0,31962.72,4.51,36,740,0.1284,2,0,MORTGAGE,debt_consolidation,0
464,56,18181.36,9,1000,3.95,60,676,0.1179,11,0,RENT,small_business,0
465,63,56817.56,2,2739.81,6.75,60,583,0.2043,13,0,RENT,medical,0
466,67,33583.14,16,21197.5,3.5,36,592,0.1722,10,0,OWN,major_purchase,0
467,25,46513.3,0,18822.36,11.49,36,764,0.2165,5,0,MORTGAGE,credit_card,0
468,67,36791.61,10,13594.9,16.12,60,737,0.0408,12,0,MORTGAGE,debt_consolidation,0
469,41,73218.82,6,11845.56,12.0,36,719,0.0768,4,0,OWN,medical,0
470,38,30000.64,10,20199.91,10.82,60,742,0.1995,5,1,RENT,medical,0
471,38,39249.17,1,3520.65,12.21,36,713,0.1043,9,0,MORTGAGE,debt_consolidation,0
472,24,77899.12,4,27623.89,9.68,36,718,0.2299,1,0,RENT,home_improvement,0
473,58,12000,8,12213.3,3.5,36,671,0.1687,12,5,RENT,debt_consolidation,0
474,49,73269.28,5,15749.49,9.41,36,792,0.1714,2,0,RENT,medical,0
475,58,34978.33,0,15243.93,9.92,36,627,0.1921,17,0,OWN,credit_card,0
476,24,35589.4,4,20518.73,8.71,36,653,0.0729,8,1,MORTGAGE,small_business,0
477,49,37247.83,4,9978.66,7.12,36,674,0.2967,7,0,RENT,debt_consolidation,0
478,54,49844.72,8,16280.07,12.72,36,763,0.1377,1,4,MORTGAGE,debt_consolidation,0
479,47,59972.3,10,16135.89,13.87,36,634,0.1906,2,0,RENT,home_improvement,0
480,66,63347.33,13,22789.49,11.76,60,846,0.2013,8,0,MORTGAGE,major_purchase,0
481,50,90285.77,6,16066.61,15.76,36,653,0.2597,10,2,OWN,home_improvement,0
482,53,44546.23,13,16041.78,15.41,36,789,0.0887,9,0,RENT,debt_consolidation,0
483,66,54390.83,5,24018.07,13.17,36,587,0.2033,4,0,RENT,credit_card,0
484,31,20941.45,9,40068.97,8.21,36,549,0.2717,5,0,MORTGAGE,major_purchase,0
485,67,64015.57,2,7051.34,17.28,60,651,0.1815,10,0,OWN,debt_consolidation,0
486,58,48307.02,12,15697.44,6.82,36,625,0.1692,4,1,MORTGAGE,debt_consolidation,0
487,35,52704.5,0,27285.28,7.95,60,,0.1378,5,0,MORTGAGE,credit_card,0
488,58,49681.57,6,25650.66,9.86,60,714,0.1835,5,0,RENT,major_purchase,0
489,39,49418.76,2,12169.89,8.89,60,485,0.1655,9,0,OWN,home_improvement,0
490,32,59425.1,5,19171.45,5.89,36,748,0.1815,12,0,MORTGAGE,home_improvement,0
491,65,55611.73,9,5462.62,12.36,36,,0.2405,13,0,OWN,home_improvement,0
492,53,66055.62,9,15706.95,13.63,36,761,0.1066,7,0,OWN,major_purchase,0
493,28,51070.24,6,24320.33,5.32,60,760,0.2513,5,0,MORTGAGE,credit_card,0
494,59,56420.8,9,19195.48,17.07,60,637,0.3109,7,2,OWN,debt_consolidation,0
495,60,49352.15,6,8974.3,8.53,36,646,0.1889,9,0,MORTGAGE,home_improvement,0
496,25,92819.31,3,27699.8,3.63,60,725,0.0643,7,0,OWN,major_purchase,0
497,26,68105.91,6,9912.92,12.12,36,833,0.0268,7,0,MORTGAGE,home_improvement,0
498,58,40997.76,2,23436.08,17.16,60,712,0.148,9,5,OWN,home_improvement,0
499,44,12000,16,18965.04,18.16,60,780,0.296,12,0,RENT,medical,0
500,62,46766.95,10,11622.46,15.03,60,693,0.1968,0,0,RENT,small_business,0
501,63,23846.2,11,15830.45,16.12,36,617,0.1852,6,0,OWN,medical,0
502,28,99629.82,4,7999.4,3.5,36,698,0.1929,1,2,RENT,credit_card,0
503,33,72709.27,12,38286.85,17.52,60,507,0.1388,5,4,OWN,medical,0
504,57,35504.45,1,12749.33,16.41,36,652,0.012,0,4,OWN,home_improvement,0
505,23,23752.23,3,20152.63,8.64,36,850,0.0994,5,0,RENT,home_improvement,0
506,33,57150.22,13,16756.39,12.9,60,759,0.2597,6,0,OWN,medical,0
507,59,,2,22927.09,6.65,36,651,0.2459,8,0,MORTGAGE,medical,0
508,41,72414.94,4,1461.87,15.34,60,647,0.1376,6,0,RENT,debt_consolidation,0
509,25,74494.88,5,13691.4,4.57,60,850,0.1954,11,1,OWN,small_business,0
510,45,57492.16,14,12638.66,13.91,60,666,0.2897,9,1,RENT,debt_consolidation,0
511,54,61124.25,2,25387.09,11.63,60,707,0.2575,6,0,RENT,debt_consolidation,0
512,62,47246.26,7,26840.75,15.23,36,,0.1704,10,0,MORTGAGE,credit_card,0
513,22,50627.41,2,28592.81,9.39,36,592,0.1934,10,0,RENT,small_business,0
514,31,40268.04,5,3561.91,11.48,36,589,0.2113,11,0,MORTGAGE,major_purchase,0
515,32,42079.53,11,14970.05,7.17,60,740,0.3104,5,0,OWN,medical,0
516,26,75870.35,6,17387.58,6.87,60,519,0.1801,4,0,RENT,medical,0
517,65,56070.57,1,6803.39,17.69,60,729,0.1347,9,0,MORTGAGE,home_improvement,1
518,30,49432.69,6,26129.91,15.46,60,636,0.2113,1,3,OWN,small_business,1
519,58,40280.01,1,17599.69,9.77,36,700,0.2164,7,0,RENT,major_purchase,0
520,63,12000,10,13193.99,16.74,60,585,0.1897,9,0,MORTGAGE,home_improvement,0
521,29,16488.15,2,11229.89,13.4,36,542,0.2915,10,0,MORTGAGE,major_purchase,0
522,30,80338.79,3,8685.75,12.66,36,706,0.1553,12,5,OWN,major_purchase,1
523,31,93929.68,11,12813.67,10.35,36,765,0.0957,8,0,OWN,credit_card,0
524,45,46279.72,0,5607.18,6.52,60,628,0.0758,10,0,MORTGAGE,medical,0
525,41,69294.6,21,18314.07,15.99,60,670,0.1519,3,0,RENT,medical,0
526,40,36605.68,17,3012.79,10.94,60,729,0.3197,10,0,MORTGAGE,major_purchase,0
527,35,97641.55,0,22681.73,5.78,36,698,0.17,3,2,MORTGAGE,major_purchase,0
528,45,83210.57,8,14274.69,3.5,36,,0.0959,10,0,OWN,credit_card,0
529,51,12000,3,24261.08,10.22,60,619,0.2345,2,0,RENT,debt_consolidation,0
530,59,31300.62,8,19779.36,11.19,36,748,0.1524,14,0,OWN,credit_card,0
531,25,80086.88,5,1000,7.54,36,657,0.1413,4,0,OWN,debt_consolidation,0
532,67,19527.93,6,7518.71,9.68,60,561,0.131,7,0,MORTGAGE,credit_card,0
533,32,18433.59,6,7841.97,9.28,60,737,0.1643,12,0,MORTGAGE,debt_consolidation,0
534,60,75364.29,3,18460.22,11.31,60,637,0.2867,3,0,RENT,small_business,0
535,59,41023.68,0,13546.88,15.46,36,652,0.2098,15,0,OWN,home_improvement,0
536,24,27962.42,4,18630.35,4.92,36,680,0.2069,6,5,RENT,credit_card,0
537,48,88964.31,14,1000,11.65,36,725,0.2382,8,0,RENT,medical,0
538,49,48820.39,1,13755.02,15.0,60,743,0.279,6,0,RENT,major_purchase,0
539,49,54412.6,8,1000,14.17,60,627,0.267,8,0,MORTGAGE,medical,0
540,57,33690.0,6,15939.06,18.59,60,659,0.2132,1,0,MORTGAGE,major_purchase,0
541,28,54944.84,1,1304.9,7.1,36,642,0.1975,13,1,OWN,home_improvement,0
542,31,12000,0,4100.1,4.61,60,731,0.0421,11,4,MORTGAGE,medical,0
543,32,18798.24,4,19724.18,4.3,60,647,0.1121,3,0,OWN,credit_card,0
544,23,39821.96,3,27228.95,9.43,60,718,0.1741,13,0,MORTGAGE,debt_consolidation,1
545,24,47601.33,4,9617.39,9.9,36,557,0.2382,4,2,OWN,debt_consolidation,1
546,63,83963.48,10,10934.19,7.02,36,672,0.2329,12,3,RENT,medical,0
547,23,22408.7,3,3361.43,6.43,60,600,0.0345,12,0,OWN,small_business,0
548,30,86023.27,6,17424.46,11.1,36,764,0.0549,5,0,MORTGAGE,credit_card,0
549,32,31442.45,10,1000,3.5,36,629,0.2968,6,0,MORTGAGE,credit_card,0
550,22,45192.69,0,17862.36,11.72,36,722,0.3253,4,0,RENT,small_business,0
551,27,57727.66,0,19015.89,7.85,60,730,0.1931,9,0,RENT,home_improvement,0
552,35,74519.17,11,8102.6,14.36,60,558,0.4031,5,0,MORTGAGE,major_purchase,0
553,64,50780.5,12,18496.1,3.5,36,622,0.0883,0,0,MORTGAGE,credit_card,0
554,28,111599.31,8,26799.03,17.8,36,631,0.1818,16,0,MORTGAGE,small_business,0
555,61,42768.31,10,29831.65,11.07,36,769,0.1562,7,0,OWN,major_purchase,0
556,51,12000,8,1000,13.54,60,511,0.0785,4,0,RENT,credit_card,0
557,44,65055.54,6,1000,6.76,36,637,0.1806,7,0,MORTGAGE,home_improvement,0
558,62,77923.11,3,5777.87,6.81,36,643,0.2327,10,0,RENT,major_purchase,0
559,40,82254.68,7,7556.78,11.63,60,742,0.1095,4,2,OWN,credit_card,0
560,54,58448.46,9,11386.98,11.5,36,586,0.3331,13,0,MORTGAGE,home_improvement,0
561,23,47213.16,3,1000,4.44,60,755,0.1845,6,0,RENT,small_business,0
562,25,17236.42,5,28070.72,10.98,60,658,0.2491,5,0,OWN,home_improvement,0
563,34,56293.59,10,1000,8.34,60,666,0.156,5,0,RENT,credit_card,0
564,40,45434.54,1,12635.85,7.15,36,670,0.0939,13,4,OWN,credit_card,0
565,52,66920.25,0,18100.44,12.73,60,809,0.2374,4,0,OWN,medical,0
566,66,64349.13,8,1000,19.22,60,608,0.2039,15,4,MORTGAGE,small_business,0
567,66,12000,14,31470.25,9.35,36,795,0.1071,7,0,RENT,debt_consolidation,0
568,43,41480.97,12,1000,11.85,60,556,0.1452,8,0,RENT,major_purchase,0
569,34,57020.74,8,1000,7.18,60,769,0.2496,11,0,MORTGAGE,medical,0
570,31,89043.3,11,7722.61,11.25,60,756,0.1507,11,0,OWN,major_purchase,0
571,40,33282.88,8,13566.54,12.71,36,756,0.2597,9,0,RENT,credit_card,0
572,64,28734.66,11,15121.43,11.1,36,646,0.1723,11,0,OWN,home_improvement,0
573,33,129983.14,9,37586.0,7.71,36,564,0.1339,10,2,RENT,small_business,0
574,62,49772.62,11,11158.91,14.25,60,590,0.2461,6,0,OWN,debt_consolidation,0
575,37,72779.03,10,30971.04,14.43,60,672,0.1536,7,0,RENT,home_improvement,0
576,43,36079.58,9,5105.4,14.59,60,721,0.2107,10,0,RENT,credit_card,0
577,46,54483.3,14,33416.19,11.27,60,734,0.2631,7,0,OWN,debt_consolidation,0
578,41,76372.09,17,21594.42,8.79,36,676,0.2191,3,1,OWN,small_business,0
579,67,65952.23,12,26397.79,4.36,60,681,0.033,4,0,MORTGAGE,small_business,0
580,60,71344.46,6,8100.12,4.5,36,788,0.2531,1,0,RENT,debt_consolidation,0
581,68,58860.28,1,13465.25,9.92,36,754,0.3667,14,0,RENT,debt_consolidation,0
582,25,54265.68,5,1000,11.24,60,624,0.1321,11,0,OWN,small_business,0
583,59,75225.68,9,32631.37,6.16,60,594,0.1206,10,1,OWN,small_business,0
584,40,45552.13,10,16868.58,13.72,60,678,0.1272,6,0,OWN,debt_consolidation,0
585,42,38944.82,9,19801.69,13.95,36,602,0.0882,8,1,RENT,medical,0
586,27,50848.79,0,5794.62,11.07,36,635,0.0689,5,0,OWN,medical,0
587,68,70852.74,3,23397.58,9.33,36,738,0.2293,8,0,MORTGAGE,home_improvement,0
588,40,48666.58,5,30443.61,10.71,36,719,0.2178,8,0,RENT,major_purchase,0
589,43,87489.66,14,20889.64,17.84,36,720,0.2297,3,4,OWN,medical,0
590,57,110528.97,1,16078.57,8.21,60,773,0.1511,4,0,OWN,small_business,0
591,57,63849.9,4,20074.04,8.01,60,736,0.1812,7,0,OWN,debt_consolidation,0
592,24,42637.76,4,17766.28,15.57,36,700,0.1003,6,0,RENT,major_purchase,0
593,52,25109.29,6,1000,15.71,60,714,0.2695,5,0,MORTGAGE,credit_card,0
594,53,66922.24,2,10756.81,10.23,60,742,0.4619,4,0,MORTGAGE,debt_consolidation,0
595,65,61043.65,5,1794.66,7.0,36,647,0.17,9,4,OWN,medical,0
596,33,12000,11,1000,3.5,60,720,0.2443,9,0,RENT,medical,0
597,31,69025.8,11,18591.67,8.87,36,781,0.1653,10,0,OWN,home_improvement,0
598,50,12000,4,28857.19,11.06,36,648,0.1395,14,2,MORTGAGE,small_business,0
599,49,80390.98,8,19407.81,13.53,36,742,0.2349,8,0,OWN,credit_card,0
600,55,42923.1,16,20908.11,13.94,36,531,0.0789,6,0,OWN,home_improvement,0
601,33,61694.54,5,2117.65,20.11,36,662,0.1268,12,0,OWN,credit_card,0
602,24,51249.95,4,9960.17,10.58,36,657,0.0294,10,0,MORTGAGE,debt_consolidation,0
603,64,30303.48,1,8716.92,5.52,36,,0.26,8,5,MORTGAGE,major_purchase,0
604,22,44571.37,0,14602.49,9.28,60,694,0.1588,5,0,RENT,debt_consolidation,0
605,59,58318.0,9,1000,9.13,36,619,0.2684,14,0,RENT,debt_consolidation,0
606,36,48210.08,4,17283.18,13.66,36,579,0.4185,4,0,MORTGAGE,debt_consolidation,0
607,68,73461.81,4,5233.23,14.87,60,671,0.3285,13,0,MORTGAGE,debt_consolidation,0
608,39,71272.32,7,21386.26,10.43,60,696,0.2322,10,0,OWN,medical,0
609,38,50099.79,6,7265.17,5.1,60,745,0.1483,3,0,OWN,home_improvement,0
610,62,28867.23,1,15608.75,20.53,60,769,0.1625,12,0,OWN,small_business,0
611,39,17536.79,6,18407.08,11.04,36,794,0.292,1,0,MORTGAGE,credit_card,0
612,45,63164.38,6,39621.03,16.3,60,687,0.2061,1,0,MORTGAGE,home_improvement,0
613,34,83642.94,0,1000,12.35,36,675,0.1689,11,1,RENT,small_business,0
614,39,62493.81,7,1000,11.95,60,759,0.2831,5,0,MORTGAGE,medical,0
615,54,74502.34,11,20539.27,10.07,60,674,0.1871,13,0,RENT,credit_card,0
616,44,47359.08,0,1235.11,3.5,36,670,0.2041,12,3,OWN,small_business,0
617,39,38642.34,14,17265.32,14.36,36,696,0.2196,5,0,OWN,debt_consolidation,0
618,31,79482.06,5,1000,12.11,36,703,0.0661,6,0,RENT,debt_consolidation,0
619,61,66774.46,7,12701.34,7.46,36,713,0.0629,0,4,OWN,major_purchase,0
620,23,38680.1,3,12660.84,18.65,36,711,0.136,3,0,OWN,debt_consolidation,0
621,31,56107.39,10,1000,7.93,60,796,0.2287,11,0,OWN,debt_consolidation,0
622,55,42938.76,7,2662.76,19.77,60,706,0.2433,8,0,MORTGAGE,home_improvement,0
623,25,22704.53,1,14272.49,11.3,36,608,0.1179,14,0,RENT,major_purchase,0
624,29,47760.07,0,5138.12,9.3,60,613,0.1211,9,5,MORTGAGE,major_purchase,0
625,29,75945.47,8,6723.57,3.54,36,796,0.1853,10,0,MORTGAGE,medical,0
626,53,58584.33,5,13109.89,3.5,36,652,0.0407,12,0,OWN,home_improvement,0
627,50,30099.67,3,26923.36,15.27,60,607,0.3401,11,0,OWN,credit_card,0
628,36,15745.22,10,12720.23,11.29,60,720,0.2491,4,0,OWN,medical,0
629,44,71615.17,10,14572.73,7.6,60,721,0.1704,8,0,RENT,home_improvement,0
630,40,118064.63,9,39233.3,12.32,36,671,0.2053,7,0,OWN,credit_card,1
631,31,45634.13,7,11667.94,9.65,36,703,0.1666,7,0,OWN,medical,0
632,46,52608.45,6,14541.42,9.55,36,646,0.1573,8,0,MORTGAGE,home_improvement,0
633,47,60824.12,11,7768.74,7.71,36,627,0.1986,12,2,OWN,major_purchase,0
634,60,56537.47,7,34129.59,8.78,36,711,0.1429,9,0,MORTGAGE,debt_consolidation,0
635,24,26126.81,4,35255.4,15.22,60,632,0.2321,8,0,MORTGAGE,small_business,0
636,52,57482.7,2,5006.14,7.26,60,718,0.1432,8,0,MORTGAGE,major_purchase,0
637,61,65656.7,12,5996.61,9.17,60,593,0.1723,7,0,OWN,small_business,0
638,35,68589.38,11,17612.41,11.33,60,685,0.1683,16,0,OWN,debt_consolidation,0
639,67,46078.7,3,5120.41,9.33,36,637,0.1585,9,0,RENT,medical,0
640,25,31795.61,1,27784.68,9.47,60,,0.2464,14,3,MORTGAGE,major_purchase,0
641,59,38000.56,0,14178.42,9.24,36,647,0.232,16,2,MORTGAGE,credit_card,0
642,42,29368.18,5,17630.31,8.13,60,692,0.0742,12,0,RENT,credit_card,0
643,29,42496.06,6,5999.31,11.47,36,717,0.0863,6,0,MORTGAGE,home_improvement,0
644,29,51041.08,9,17212.27,6.74,36,843,0.274,4,0,RENT,medical,0
645,53,30092.59,8,25468.3,5.34,60,726,0.3619,10,0,RENT,credit_card,0
646,44,31398.85,11,14408.76,12.86,36,589,0.2035,4,3,RENT,debt_consolidation,0
647,41,53234.09,6,15347.78,9.3,36,688,0.2111,5,0,RENT,debt_consolidation,0
648,40,25313.35,8,46174.61,8.65,36,642,0.2347,6,0,OWN,small_business,0
649,43,36591.62,9,12562.31,12.9,60,714,0.1251,4,0,RENT,debt_consolidation,0
650,59,72600.18,2,13991.1,6.08,36,714,0.1331,6,0,MORTGAGE,medical,0
651,52,48595.32,4,19715.92,4.59,60,752,0.2034,12,5,OWN,home_improvement,0
652,41,30145.68,9,20266.2,10.65,36,,0.1902,5,0,OWN,medical,0
653,41,72108.25,14,3967.75,13.82,36,727,0.1913,10,0,OWN,credit_card,0
654,65,46364.87,14,1000,13.21,36,687,0.2349,6,5,OWN,home_improvement,1
655,52,32487.12,16,13343.27,8.1,60,757,0.125,6,5,OWN,credit_card,0
656,47,53668.05,13,1000,9.12,36,652,0.2529,4,0,RENT,debt_consolidation,0
657,25,28004.89,5,8654.55,10.9,60,552,0.03,6,0,MORTGAGE,home_improvement,0
658,50,55103.39,16,25801.44,10.78,36,664,0.1795,12,0,MORTGAGE,debt_consolidation,1
659,48,80241.22,8,13454.88,11.34,60,705,0.1259,9,0,RENT,small_business,0
660,24,41641.61,4,8177.41,18.89,60,735,0.2275,13,0,OWN,credit_card,0
661,63,12000,6,13039.69,15.93,36,714,0.055,13,5,RENT,credit_card,0
662,27,37556.97,6,24618.42,12.28,60,657,0.1249,7,0,RENT,home_improvement,0
663,48,36850.06,11,8157.65,8.85,36,662,0.0404,7,0,OWN,small_business,0
664,62,63077.16,10,12006.36,4.33,36,548,0.2408,8,0,MORTGAGE,major_purchase,1
665,41,62295.37,12,29205.52,10.8,36,627,0.084,0,0,OWN,home_improvement,0
666,26,24088.79,6,21238.61,22.11,60,649,0.221,11,0,RENT,medical,0
667,28,28168.02,2,14353.72,10.63,36,627,0.1671,13,1,OWN,credit_card,0
668,48,12000,4,15879.7,5.48,60,715,0.2528,4,0,RENT,credit_card,0
669,67,51862.67,6,9848.29,16.11,60,604,0.0626,10,0,MORTGAGE,major_purchase,0
670,68,63143.15,3,23205.45,3.5,60,789,0.1072,6,0,OWN,major_purchase,0
671,39,46402.73,2,13780.79,10.03,36,722,0.0615,0,0,MORTGAGE,debt_consolidation,0
672,22,30447.44,0,9463.71,7.66,36,741,0.2073,3,0,OWN,debt_consolidation,0
673,50,41046.42,10,2829.2,15.52,60,732,0.1716,4,0,MORTGAGE,medical,0
674,30,45266.0,3,27041.75,13.4,60,734,0.1518,11,4,OWN,medical,1
675,28,51243.06,2,13175.1,3.5,36,710,0.0512,13,0,RENT,major_purchase,0
676,29,40573.66,9,20073.3,14.7,36,725,0.2479,6,0,MORTGAGE,major_purchase,0
677,44,50969.82,10,11182.25,5.69,36,685,0.2081,12,0,RENT,major_purchase,0
678,36,70407.78,5,27604.96,5.75,36,625,0.3284,11,0,RENT,small_business,0
679,36,64341.42,6,17765.81,14.55,60,488,0.1992,5,1,MORTGAGE,debt_consolidation,0
680,51,61141.39,4,22228.43,10.48,36,668,0.1991,1,0,RENT,home_improvement,0
681,38,42110.69,13,11682.12,5.91,60,658,0.1837,2,0,OWN,debt_consolidation,0
682,53,68113.64,16,17272.92,10.02,60,719,0.2422,15,0,RENT,credit_card,0
683,50,42464.37,17,11125.82,11.71,36,593,0.1659,14,0,RENT,debt_consolidation,0
684,47,61099.81,7,4568.13,13.05,60,666,0.2094,15,0,OWN,credit_card,0
685,27,74759.55,4,15063.76,12.06,60,573,0.1294,8,0,RENT,credit_card,0
686,35,52086.63,12,8484.97,5.58,60,786,0.2488,9,0,OWN,medical,0
687,51,62813.93,11,13982.45,12.03,60,697,0.096,0,0,OWN,medical,0
688,65,73616.84,5,8128.14,12.74,36,632,0.1791,12,0,OWN,small_business,0
689,56,93347.0,15,24710.64,14.15,36,755,0.1765,16,0,MORTGAGE,home_improvement,0
690,26,109927.31,6,1380.46,11.79,60,618,0.01,9,2,RENT,home_improvement,0
691,29,73402.36,7,7712.95,9.71,36,586,0.1847,5,2,OWN,debt_consolidation,0
692,30,59936.62,0,15701.44,12.59,60,657,0.0699,6,5,OWN,home_improvement,0
693,60,25666.99,11,26212.09,8.62,36,707,0.1665,11,0,MORTGAGE,credit_card,0
694,57,67105.42,4,1000,14.96,60,661,0.1758,6,0,MORTGAGE,small_business,0
695,46,61942.36,1,17116.27,13.1,36,703,0.0882,8,0,MORTGAGE,home_improvement,0
696,29,52826.37,9,22839.19,13.24,36,761,0.2398,6,0,MORTGAGE,major_purchase,0
697,48,47885.83,2,23157.23,13.66,60,598,0.1599,4,0,MORTGAGE,medical,0
698,40,61975.17,9,19031.8,14.96,60,618,0.1629,9,0,RENT,home_improvement,0
699,54,42971.63,5,5903.01,9.52,36,736,0.1733,7,0,RENT,home_improvement,0
700,67,76450.7,5,20153.95,7.59,36,699,0.2075,6,0,MORTGAGE,major_purchase,0
701,62,69090.19,12,16820.76,9.66,36,621,0.163,7,0,RENT,small_business,0
702,50,90483.62,8,18255.73,14.24,36,776,0.163,9,0,OWN,medical,0
703,49,73392.9,3,1000,7.99,60,765,0.2233,7,0,OWN,debt_consolidation,0
704,41,74642.9,3,17855.91,14.86,60,591,0.2215,5,0,RENT,major_purchase,0
705,41,48865.96,8,11842.11,11.3,60,591,0.1724,0,0,RENT,debt_consolidation,0
706,58,65464.12,3,14871.4,9.03,60,666,0.01,3,0,OWN,credit_card,0
707,31,88195.97,11,24234.11,12.93,36,652,0.2174,3,0,MORTGAGE,debt_consolidation,0
708,40,65861.32,11,16238.36,11.66,60,695,0.2643,13,0,MORTGAGE,credit_card,0
709,47,33544.57,1,3304.16,6.42,36,711,0.2415,9,2,MORTGAGE,home_improvement,0
710,67,64862.7,7,7669.7,15.15,60,566,0.2898,5,0,OWN,major_purchase,0
711,55,25993.09,10,6611.85,11.45,60,701,0.1747,11,0,OWN,small_business,0
712,63,71037.33,7,34773.22,6.02,60,706,0.1327,11,3,MORTGAGE,home_improvement,0
713,56,52257.95,3,1000,4.43,36,727,0.1095,8,0,RENT,credit_card,0
714,56,114992.82,8,21090.85,5.44,36,714,0.276,0,0,RENT,major_purchase,0
715,42,72697.8,4,21973.6,12.82,36,813,0.2113,2,0,RENT,small_business,0
716,50,76931.4,3,1000,6.31,60,661,0.1992,5,0,MORTGAGE,medical,0
717,63,43911.83,6,15846.05,12.2,60,737,0.2141,6,0,MORTGAGE,medical,0
718,55,,12,5733.64,9.47,36,677,0.0929,5,0,OWN,medical,0
719,42,46831.93,7,19357.48,11.94,60,647,0.1265,9,0,RENT,medical,0
720,49,70759.26,10,6623.02,3.5,36,523,0.2117,9,0,OWN,small_business,0
721,31,46276.8,9,31268.67,10.03,60,,0.2479,2,0,OWN,home_improvement,0
722,50,23673.68,16,7631.72,7.86,36,731,0.0955,8,0,MORTGAGE,major_purchase,0
723,32,12000,9,25213.93,11.43,36,767,0.18,7,0,OWN,major_purchase,0
724,50,97262.12,0,18286.05,3.5,60,677,0.0108,18,0,RENT,medical,0
725,25,97711.36,1,1000,7.18,36,732,0.2136,6,0,MORTGAGE,credit_card,0
726,65,64170.44,10,14355.25,13.07,60,696,0.3636,1,0,MORTGAGE,medical,0
727,48,46840.64,11,20940.88,13.66,60,570,0.2074,3,0,MORTGAGE,credit_card,0
728,27,58115.07,1,14242.84,9.71,60,648,0.2639,8,0,RENT,home_improvement,0
729,31,93623.89,5,13439.66,10.76,36,619,0.216,10,0,OWN,credit_card,0
730,67,81737.53,12,20633.65,10.84,36,583,0.2509,9,0,RENT,medical,0
731,34,72462.68,2,12701.7,15.64,36,751,0.1551,13,0,OWN,major_purchase,0
732,55,67576.23,1,6925.48,6.19,36,711,0.0236,6,0,MORTGAGE,credit_card,0
733,55,57505.16,7,36449.46,6.19,60,689,0.2578,2,0,MORTGAGE,home_improvement,0
734,56,69281.86,1,30265.14,12.67,60,698,0.3072,11,0,RENT,debt_consolidation,0
735,25,46562.4,5,1000,15.4,36,694,0.1698,5,0,OWN,debt_consolidation,0
736,60,76479.97,10,16676.31,13.24,36,573,0.2008,6,5,MORTGAGE,major_purchase,0
737,28,12000,8,38976.7,14.46,60,628,0.1973,10,0,MORTGAGE,credit_card,0
738,32,61061.21,7,28622.54,4.6,60,532,0.0896,14,4,OWN,debt_consolidation,0
739,38,56064.89,8,20746.89,11.74,36,715,0.1164,7,0,OWN,small_business,0
740,55,43317.17,13,11486.67,8.85,60,785,0.0483,7,0,OWN,small_business,0
741,33,50500.08,2,23189.15,13.21,36,711,0.1649,8,0,MORTGAGE,small_business,0
742,32,53599.45,0,15605.48,13.36,60,511,0.0515,6,0,MORTGAGE,home_improvement,0
743,53,69692.96,5,11135.71,12.37,36,500,0.2662,14,0,RENT,major_purchase,0
744,32,65198.37,0,15900.24,9.0,36,748,0.1257,9,0,RENT,debt_consolidation,0
745,39,,6,12812.71,11.52,60,615,0.2079,11,5,MORTGAGE,major_purchase,1
746,39,18196.8,0,25692.88,12.05,60,655,0.0584,12,0,OWN,medical,0
747,24,58041.87,4,19358.13,7.4,36,543,0.0936,0,0,MORTGAGE,debt_consolidation,0
748,63,26167.9,6,23725.51,13.31,36,685,0.2125,9,3,MORTGAGE,debt_consolidation,0
749,45,42191.28,3,9497.86,17.91,36,721,0.2147,9,0,RENT,home_improvement,0
750,62,53970.62,1,14392.85,14.81,60,637,0.2616,7,0,OWN,small_business,0
751,68,113807.97,16,17674.46,15.67,60,733,0.1511,9,0,OWN,credit_card,0
752,47,52292.23,2,1000,11.28,36,680,0.1912,7,0,MORTGAGE,debt_consolidation,0
753,54,106108.96,2,18380.95,13.17,36,786,0.174,8,0,OWN,medical,0
754,68,64868.24,4,14521.05,17.8,60,687,0.2193,16,0,OWN,medical,0
755,35,39864.52,11,7522.28,13.23,60,663,0.1215,10,0,OWN,medical,0
756,63,32674.06,10,13474.95,10.05,60,697,0.1416,7,0,OWN,home_improvement,0
757,57,39196.35,0,13769.12,9.07,36,764,0.2221,9,0,MORTGAGE,credit_card,0
758,52,40258.7,0,21407.97,16.76,36,685,0.0381,8,0,OWN,home_improvement,0
759,48,55959.28,7,13117.42,11.21,36,695,0.2432,10,0,RENT,major_purchase,0
760,58,27296.04,5,13647.29,15.72,60,605,0.1326,8,1,RENT,credit_card,0
761,47,46558.22,6,12777.18,5.75,60,725,0.2297,9,5,RENT,home_improvement,0
762,54,114722.87,8,12804.06,9.56,60,694,0.2806,4,0,OWN,credit_card,0
763,57,44458.57,9,15927.77,4.93,36,680,0.1737,10,1,MORTGAGE,home_improvement,0
764,39,12000,8,9223.89,11.19,60,689,0.169,12,0,MORTGAGE,medical,0
765,57,70598.58,10,31350.22,18.63,60,653,0.1564,4,0,OWN,medical,1
766,67,63357.66,2,22993.96,7.71,36,733,0.1905,5,0,RENT,medical,0
767,57,,6,24746.22,17.86,60,785,0.2701,10,0,RENT,home_improvement,0
768,39,94750.09,5,27656.44,6.96,36,732,0.1141,8,0,MORTGAGE,credit_card,0
769,68,81448.04,7,8625.22,10.31,36,634,0.1937,10,0,OWN,credit_card,0
770,28,85192.64,8,7616.23,5.76,60,755,0.2007,6,1,RENT,small_business,0
771,68,88724.25,1,10687.13,18.42,36,766,0.01,14,0,MORTGAGE,major_purchase,0
772,40,31630.15,15,16926.61,11.55,36,764,0.1249,4,0,OWN,major_purchase,0
773,66,75887.54,4,16932.66,17.02,60,611,0.3742,10,4,OWN,major_purchase,0
774,48,47635.36,6,9015.55,14.16,36,655,0.2921,0,3,OWN,medical,0
775,33,17737.63,12,1000,13.14,36,,0.2438,1,2,MORTGAGE,credit_card,0
776,33,36182.13,0,17490.0,9.76,36,640,0.1719,8,0,MORTGAGE,debt_consolidation,0
777,43,47642.94,6,30337.28,13.11,36,680,0.2479,13,0,MORTGAGE,credit_card,0
778,61,19428.08,10,11830.73,11.03,60,659,0.1957,12,0,OWN,medical,0
779,64,34331.39,6,15061.9,12.27,60,632,0.1231,10,0,OWN,debt_consolidation,0
780,30,26121.84,10,2701.3,17.78,36,835,0.2166,5,0,MORTGAGE,credit_card,0
781,27,40020.98,5,11733.24,13.12,60,622,0.1371,12,5,MORTGAGE,debt_consolidation,0
782,66,88577.85,6,34148.5,13.66,36,517,0.2511,6,0,MORTGAGE,home_improvement,0
783,52,54168.73,11,22917.7,8.49,36,593,0.1813,4,0,OWN,credit_card,0
784,37,61997.62,6,11846.83,12.05,60,650,0.1929,1,0,OWN,home_improvement,0
785,52,60446.4,0,1000,11.01,60,621,0.1722,15,1,RENT,debt_consolidation,0
786,58,66093.62,10,12145.22,13.32,36,538,0.2654,0,0,MORTGAGE,credit_card,0
787,39,37252.34,5,20993.67,19.17,60,613,0.1256,6,3,MORTGAGE,home_improvement,0
788,34,84240.64,0,25675.48,10.98,36,686,0.0535,0,1,OWN,home_improvement,0
789,40,33807.77,7,26034.59,18.45,36,672,0.065,3,0,MORTGAGE,major_purchase,0
790,32,94347.22,12,7689.0,15.54,36,709,0.2561,6,0,MORTGAGE,small_business,0
791,59,21333.91,8,10272.09,15.48,60,735,0.2486,14,4,MORTGAGE,debt_consolidation,0
792,47,53359.94,2,14005.47,14.04,60,731,0.1575,5,3,MORTGAGE,major_purchase,0
793,31,33027.11,2,7596.72,7.32,60,769,0.2245,12,0,RENT,small_business,0
794,23,99213.15,3,28008.65,12.58,36,580,0.2538,11,3,MORTGAGE,credit_card,0
795,56,55587.97,0,11610.08,9.05,36,713,0.1713,2,0,MORTGAGE,major_purchase,0
796,45,52455.02,9,6201.61,12.36,60,702,0.0553,0,0,MORTGAGE,credit_card,0
797,60,64705.46,0,29483.83,11.06,36,721,0.234,2,0,RENT,credit_card,1
798,39,50321.18,6,12483.19,3.5,36,607,0.0564,11,0,OWN,small_business,0
799,41,47471.02,9,20611.23,5.2,60,680,0.1595,12,0,OWN,home_improvement,0
800,49,87269.35,1,23019.47,10.45,60,585,0.2376,8,0,MORTGAGE,small_business,0
