date,station,latitude,temp_celsius,precipitation_mm,humidity_percent,wind_speed_kmh
2023-01-01,STN_NORTH,45.0,-6.3,3.6,88.8,11.5
2023-01-02,STN_NORTH,45.0,0.8,0.0,80.8,10.9
2023-01-03,STN_NORTH,45.0,-3.3,6.8,80.2,1.9
2023-01-04,STN_NORTH,45.0,-7.6,0.0,36.0,6.3
2023-01-05,STN_NORTH,45.0,-4.8,0.0,69.7,7.4
2023-01-06,STN_NORTH,45.0,-2.7,3.3,91.5,5.4
2023-01-07,STN_NORTH,45.0,-3.3,0.0,69.8,13.3
2023-01-08,STN_NORTH,45.0,-2.8,0.0,69.1,3.3
2023-01-09,STN_NORTH,45.0,-5.7,0.0,67.5,21.0
2023-01-10,STN_NORTH,45.0,-3.3,0.0,59.1,4.1
2023-01-11,STN_NORTH,45.0,-6.6,0.0,54.1,31.1
2023-01-12,STN_NORTH,45.0,4.2,0.0,64.9,34.4
2023-01-13,STN_NORTH,45.0,-4.3,0.0,52.9,19.5
2023-01-14,STN_NORTH,45.0,-1.7,0.0,49.3,1.5
2023-01-15,STN_NORTH,45.0,-7.7,0.0,64.0,3.7
2023-01-16,STN_NORTH,45.0,-1.6,0.0,55.1,24.2
2023-01-17,STN_NORTH,45.0,-8.5,0.0,39.0,8.0
2023-01-18,STN_NORTH,45.0,-0.2,1.4,88.0,12.9
2023-01-19,STN_NORTH,45.0,-4.4,0.6,79.7,30.9
2023-01-20,STN_NORTH,45.0,-1.5,0.0,62.3,2.8
2023-01-21,STN_NORTH,45.0,-1.1,0.0,57.3,7.6
2023-01-22,STN_NORTH,45.0,-2.3,4.9,,17.0
2023-01-23,STN_NORTH,45.0,-4.2,0.0,51.0,30.2
2023-01-24,STN_NORTH,45.0,-0.9,0.0,58.5,9.1
2023-01-25,STN_NORTH,45.0,5.1,0.0,68.9,15.5
2023-01-26,STN_NORTH,45.0,-2.1,0.0,71.4,8.0
2023-01-27,STN_NORTH,45.0,1.2,4.7,78.5,13.6
2023-01-28,STN_NORTH,45.0,-2.2,0.0,62.5,55.7
2023-01-29,STN_NORTH,45.0,3.0,0.0,64.5,22.2
2023-01-30,STN_NORTH,45.0,5.8,0.0,46.4,9.4
2023-01-31,STN_NORTH,45.0,-4.9,5.3,89.8,9.7
2023-02-01,STN_NORTH,45.0,-3.9,0.0,61.0,11.9
2023-02-02,STN_NORTH,45.0,-2.4,0.0,76.4,3.5
2023-02-03,STN_NORTH,45.0,-2.8,4.3,73.8,17.2
2023-02-04,STN_NORTH,45.0,0.6,1.6,76.0,3.1
2023-02-05,STN_NORTH,45.0,3.1,0.8,80.7,5.0
2023-02-06,STN_NORTH,45.0,4.5,2.9,84.7,11.2
2023-02-07,STN_NORTH,45.0,-5.2,5.3,73.4,4.0
2023-02-08,STN_NORTH,45.0,-3.3,0.0,46.9,4.2
2023-02-09,STN_NORTH,45.0,-0.4,3.0,79.9,4.8
2023-02-10,STN_NORTH,45.0,-2.6,0.0,57.8,5.0
2023-02-11,STN_NORTH,45.0,3.8,3.1,68.7,1.4
2023-02-12,STN_NORTH,45.0,0.4,0.0,59.1,1.5
2023-02-13,STN_NORTH,45.0,-0.7,0.0,33.9,1.7
2023-02-14,STN_NORTH,45.0,3.4,0.2,85.9,7.2
2023-02-15,STN_NORTH,45.0,1.9,1.0,82.2,18.3
2023-02-16,STN_NORTH,45.0,-1.5,0.0,52.3,10.8
2023-02-17,STN_NORTH,45.0,5.0,2.2,86.2,8.9
2023-02-18,STN_NORTH,45.0,2.5,1.0,90.1,20.7
2023-02-19,STN_NORTH,45.0,6.6,8.6,89.5,9.3
2023-02-20,STN_NORTH,45.0,3.7,5.9,69.6,9.9
2023-02-21,STN_NORTH,45.0,-5.6,0.0,74.3,25.4
2023-02-22,STN_NORTH,45.0,-0.2,10.1,80.5,2.9
2023-02-23,STN_NORTH,45.0,4.2,0.0,67.5,4.5
2023-02-24,STN_NORTH,45.0,4.6,0.0,56.9,3.3
2023-02-25,STN_NORTH,45.0,5.0,0.0,74.3,12.2
2023-02-26,STN_NORTH,45.0,3.0,0.0,50.0,2.3
2023-02-27,STN_NORTH,45.0,2.5,0.0,55.5,1.8
2023-02-28,STN_NORTH,45.0,2.8,0.0,57.4,22.2
2023-03-01,STN_NORTH,45.0,-0.6,0.0,49.8,53.2
2023-03-02,STN_NORTH,45.0,-3.0,0.0,56.6,36.8
2023-03-03,STN_NORTH,45.0,3.0,0.6,92.8,12.5
2023-03-04,STN_NORTH,45.0,4.7,1.0,79.8,13.8
2023-03-05,STN_NORTH,45.0,11.5,0.0,59.2,4.6
2023-03-06,STN_NORTH,45.0,4.6,0.0,67.1,7.4
2023-03-07,STN_NORTH,45.0,3.2,0.0,59.8,28.6
2023-03-08,STN_NORTH,45.0,1.5,4.3,95.8,0.9
2023-03-09,STN_NORTH,45.0,7.8,0.0,60.2,0.4
2023-03-10,STN_NORTH,45.0,7.7,0.0,79.8,0.0
2023-03-11,STN_NORTH,45.0,7.9,0.0,65.7,4.8
2023-03-12,STN_NORTH,45.0,12.2,3.0,83.1,2.3
2023-03-13,STN_NORTH,45.0,6.5,1.0,66.3,8.0
2023-03-14,STN_NORTH,45.0,4.2,9.0,76.9,15.0
2023-03-15,STN_NORTH,45.0,5.6,0.9,84.4,7.9
2023-03-16,STN_NORTH,45.0,9.1,0.5,60.5,5.4
2023-03-17,STN_NORTH,45.0,8.5,0.0,69.5,4.9
2023-03-18,STN_NORTH,45.0,6.5,1.0,97.0,28.7
2023-03-19,STN_NORTH,45.0,8.0,7.4,79.2,5.7
2023-03-20,STN_NORTH,45.0,4.6,0.0,50.9,10.0
2023-03-21,STN_NORTH,45.0,10.0,0.0,74.1,3.2
2023-03-22,STN_NORTH,45.0,3.2,0.0,58.9,25.3
2023-03-23,STN_NORTH,45.0,12.0,0.0,49.0,15.7
2023-03-24,STN_NORTH,45.0,8.3,0.0,58.3,0.6
2023-03-25,STN_NORTH,45.0,9.3,0.4,81.2,0.6
2023-03-26,STN_NORTH,45.0,11.5,0.0,58.2,7.7
2023-03-27,STN_NORTH,45.0,16.0,0.0,54.9,19.2
2023-03-28,STN_NORTH,45.0,8.6,0.0,55.3,24.4
2023-03-29,STN_NORTH,45.0,11.1,7.1,74.9,12.7
2023-03-30,STN_NORTH,45.0,8.1,7.8,92.0,7.6
2023-03-31,STN_NORTH,45.0,8.0,0.0,59.3,21.7
2023-04-01,STN_NORTH,45.0,6.8,0.0,60.7,33.7
2023-04-02,STN_NORTH,45.0,10.6,0.0,62.5,6.7
2023-04-03,STN_NORTH,45.0,12.2,3.9,80.8,15.4
2023-04-04,STN_NORTH,45.0,14.1,7.0,65.3,5.7
2023-04-05,STN_NORTH,45.0,11.6,16.4,70.9,16.4
2023-04-06,STN_NORTH,45.0,7.9,1.8,76.4,4.1
2023-04-07,STN_NORTH,45.0,14.6,0.0,66.7,10.7
2023-04-08,STN_NORTH,45.0,9.7,3.3,73.0,5.4
2023-04-09,STN_NORTH,45.0,12.2,0.7,63.6,7.6
2023-04-10,STN_NORTH,45.0,11.8,0.0,55.3,4.2
2023-04-11,STN_NORTH,45.0,10.8,4.0,86.5,34.5
2023-04-12,STN_NORTH,45.0,13.1,0.2,71.7,13.3
2023-04-13,STN_NORTH,45.0,10.9,2.2,79.1,24.9
2023-04-14,STN_NORTH,45.0,12.7,2.0,67.9,12.7
2023-04-15,STN_NORTH,45.0,9.7,0.0,55.3,10.1
2023-04-16,STN_NORTH,45.0,16.0,5.3,84.0,11.5
2023-04-17,STN_NORTH,45.0,15.7,0.0,47.3,1.4
2023-04-18,STN_NORTH,45.0,12.6,5.0,75.9,20.7
2023-04-19,STN_NORTH,45.0,11.8,0.0,55.2,16.4
2023-04-20,STN_NORTH,45.0,13.1,1.7,71.8,9.4
2023-04-21,STN_NORTH,45.0,13.7,5.1,66.8,9.5
2023-04-22,STN_NORTH,45.0,17.9,6.5,85.4,12.0
2023-04-23,STN_NORTH,45.0,14.8,0.0,67.0,6.7
2023-04-24,STN_NORTH,45.0,16.7,0.0,82.6,2.6
2023-04-25,STN_NORTH,45.0,10.9,0.0,64.7,24.8
2023-04-26,STN_NORTH,45.0,19.3,0.0,61.5,8.8
2023-04-27,STN_NORTH,45.0,21.4,3.9,85.3,5.0
2023-04-28,STN_NORTH,45.0,15.4,0.0,45.0,15.5
2023-04-29,STN_NORTH,45.0,16.2,0.0,74.6,20.7
2023-04-30,STN_NORTH,45.0,9.0,0.2,72.0,11.0
2023-05-01,STN_NORTH,45.0,15.0,0.0,53.7,17.2
2023-05-02,STN_NORTH,45.0,18.2,1.7,77.9,15.2
2023-05-03,STN_NORTH,45.0,17.2,0.0,71.1,4.9
2023-05-04,STN_NORTH,45.0,18.1,0.0,60.6,7.6
2023-05-05,STN_NORTH,45.0,13.8,0.0,61.4,15.1
2023-05-06,STN_NORTH,45.0,13.6,0.0,61.4,26.7
2023-05-07,STN_NORTH,45.0,12.6,0.0,44.2,4.5
2023-05-08,STN_NORTH,45.0,23.8,2.0,71.9,18.0
2023-05-09,STN_NORTH,45.0,16.3,0.0,49.0,7.0
2023-05-10,STN_NORTH,45.0,16.7,0.0,73.8,4.1
2023-05-11,STN_NORTH,45.0,17.9,0.0,56.1,5.1
2023-05-12,STN_NORTH,45.0,21.6,3.9,69.8,11.6
2023-05-13,STN_NORTH,45.0,22.2,9.0,80.5,2.8
2023-05-14,STN_NORTH,45.0,15.5,0.0,54.3,9.0
2023-05-15,STN_NORTH,45.0,20.7,0.0,69.5,3.1
2023-05-16,STN_NORTH,45.0,15.7,0.0,52.0,1.4
2023-05-17,STN_NORTH,45.0,13.6,0.0,58.7,2.9
2023-05-18,STN_NORTH,45.0,17.6,0.0,53.9,13.2
2023-05-19,STN_NORTH,45.0,17.4,0.0,81.3,7.2
2023-05-20,STN_NORTH,45.0,17.4,1.8,71.2,10.8
2023-05-21,STN_NORTH,45.0,19.3,4.3,62.1,8.7
2023-05-22,STN_NORTH,45.0,14.4,0.0,60.5,23.4
2023-05-23,STN_NORTH,45.0,17.6,0.0,,21.0
2023-05-24,STN_NORTH,45.0,16.5,4.0,66.0,16.3
2023-05-25,STN_NORTH,45.0,14.4,0.0,65.0,37.7
2023-05-26,STN_NORTH,45.0,18.5,0.0,,19.8
2023-05-27,STN_NORTH,45.0,14.4,0.0,53.7,12.6
2023-05-28,STN_NORTH,45.0,23.1,0.0,63.1,19.3
2023-05-29,STN_NORTH,45.0,19.0,0.0,58.9,2.9
2023-05-30,STN_NORTH,45.0,19.4,0.0,57.3,28.8
2023-05-31,STN_NORTH,45.0,23.8,0.0,70.3,26.4
2023-06-01,STN_NORTH,45.0,17.3,0.8,62.5,42.4
2023-06-02,STN_NORTH,45.0,20.4,0.0,46.4,38.5
2023-06-03,STN_NORTH,45.0,24.7,1.1,81.8,6.7
2023-06-04,STN_NORTH,45.0,20.4,0.0,,8.3
2023-06-05,STN_NORTH,45.0,17.6,0.0,48.3,17.3
2023-06-06,STN_NORTH,45.0,20.6,0.0,66.9,15.7
2023-06-07,STN_NORTH,45.0,19.8,0.4,87.1,15.1
2023-06-08,STN_NORTH,45.0,16.6,0.0,55.9,3.2
2023-06-09,STN_NORTH,45.0,17.1,1.0,80.2,4.1
2023-06-10,STN_NORTH,45.0,18.8,2.6,72.7,6.0
2023-06-11,STN_NORTH,45.0,22.5,0.0,52.8,19.7
2023-06-12,STN_NORTH,45.0,20.3,1.7,65.7,9.0
2023-06-13,STN_NORTH,45.0,25.5,1.8,80.6,15.4
2023-06-14,STN_NORTH,45.0,17.0,5.0,,2.6
2023-06-15,STN_NORTH,45.0,17.9,5.4,80.8,14.0
2023-06-16,STN_NORTH,45.0,26.6,0.0,55.7,4.3
2023-06-17,STN_NORTH,45.0,13.1,3.1,80.4,28.0
2023-06-18,STN_NORTH,45.0,24.0,2.3,69.8,2.8
2023-06-19,STN_NORTH,45.0,20.8,7.8,78.8,4.6
2023-06-20,STN_NORTH,45.0,20.4,3.5,70.7,5.2
2023-06-21,STN_NORTH,45.0,17.5,0.0,70.4,6.8
2023-06-22,STN_NORTH,45.0,19.8,5.9,84.1,19.1
2023-06-23,STN_NORTH,45.0,14.7,0.0,69.5,34.2
2023-06-24,STN_NORTH,45.0,19.6,1.3,91.6,19.0
2023-06-25,STN_NORTH,45.0,16.8,0.0,55.5,6.4
2023-06-26,STN_NORTH,45.0,19.9,0.0,57.1,38.5
2023-06-27,STN_NORTH,45.0,23.5,0.0,73.0,8.1
2023-06-28,STN_NORTH,45.0,21.1,0.9,79.6,0.2
2023-06-29,STN_NORTH,45.0,15.0,0.0,48.9,13.7
2023-06-30,STN_NORTH,45.0,17.9,0.0,69.0,36.9
2023-07-01,STN_NORTH,45.0,18.1,0.0,53.4,4.7
2023-07-02,STN_NORTH,45.0,17.5,0.0,51.2,4.5
2023-07-03,STN_NORTH,45.0,23.6,0.0,49.6,21.1
2023-07-04,STN_NORTH,45.0,14.5,0.0,67.6,5.0
2023-07-05,STN_NORTH,45.0,19.7,0.0,56.8,2.1
2023-07-06,STN_NORTH,45.0,16.7,0.0,62.6,5.5
2023-07-07,STN_NORTH,45.0,21.7,1.5,95.6,12.6
2023-07-08,STN_NORTH,45.0,19.2,0.0,76.6,5.3
2023-07-09,STN_NORTH,45.0,19.4,9.2,78.6,2.4
2023-07-10,STN_NORTH,45.0,17.1,0.0,74.1,21.0
2023-07-11,STN_NORTH,45.0,24.3,0.0,54.4,8.2
2023-07-12,STN_NORTH,45.0,17.9,0.0,55.1,21.1
2023-07-13,STN_NORTH,45.0,20.1,0.0,68.6,2.6
2023-07-14,STN_NORTH,45.0,18.9,6.1,77.2,12.5
2023-07-15,STN_NORTH,45.0,19.7,0.0,47.6,3.8
2023-07-16,STN_NORTH,45.0,18.5,3.4,76.1,3.6
2023-07-17,STN_NORTH,45.0,17.9,0.0,54.5,4.0
2023-07-18,STN_NORTH,45.0,17.9,0.0,64.1,3.2
2023-07-19,STN_NORTH,45.0,20.3,0.0,59.6,32.1
2023-07-20,STN_NORTH,45.0,18.8,0.0,51.7,4.1
2023-07-21,STN_NORTH,45.0,20.3,0.0,60.0,2.6
2023-07-22,STN_NORTH,45.0,21.3,0.0,58.1,23.0
2023-07-23,STN_NORTH,45.0,14.0,0.0,50.5,19.3
2023-07-24,STN_NORTH,45.0,19.0,0.0,57.3,6.3
2023-07-25,STN_NORTH,45.0,22.1,0.0,59.9,2.9
2023-07-26,STN_NORTH,45.0,14.6,0.0,75.4,9.9
2023-07-27,STN_NORTH,45.0,19.1,0.0,55.0,2.3
2023-07-28,STN_NORTH,45.0,14.6,0.0,61.2,7.7
2023-07-29,STN_NORTH,45.0,23.5,0.0,59.4,8.3
2023-07-30,STN_NORTH,45.0,19.3,0.9,65.9,8.2
2023-07-31,STN_NORTH,45.0,17.6,0.0,72.4,20.9
2023-08-01,STN_NORTH,45.0,15.7,0.0,46.1,25.8
2023-08-02,STN_NORTH,45.0,18.9,0.4,83.0,16.6
2023-08-03,STN_NORTH,45.0,15.0,0.0,39.7,6.9
2023-08-04,STN_NORTH,45.0,25.6,0.0,75.1,1.5
2023-08-05,STN_NORTH,45.0,18.2,0.0,38.6,23.8
2023-08-06,STN_NORTH,45.0,14.4,0.0,61.0,7.8
2023-08-07,STN_NORTH,45.0,21.9,9.4,85.5,22.4
2023-08-08,STN_NORTH,45.0,22.7,0.0,67.2,12.7
2023-08-09,STN_NORTH,45.0,18.0,0.0,49.8,12.6
2023-08-10,STN_NORTH,45.0,11.6,0.0,68.6,1.3
2023-08-11,STN_NORTH,45.0,11.3,0.0,54.7,8.0
2023-08-12,STN_NORTH,45.0,12.1,0.0,58.4,15.2
2023-08-13,STN_NORTH,45.0,15.9,0.0,58.5,7.2
2023-08-14,STN_NORTH,45.0,14.7,0.0,49.7,35.6
2023-08-15,STN_NORTH,45.0,19.1,0.0,45.1,24.7
2023-08-16,STN_NORTH,45.0,13.8,4.7,71.6,4.7
2023-08-17,STN_NORTH,45.0,17.2,0.0,62.7,14.8
2023-08-18,STN_NORTH,45.0,14.6,0.0,72.2,31.0
2023-08-19,STN_NORTH,45.0,14.2,0.0,65.6,20.8
2023-08-20,STN_NORTH,45.0,20.0,0.0,55.9,56.7
2023-08-21,STN_NORTH,45.0,13.0,0.0,60.6,1.4
2023-08-22,STN_NORTH,45.0,18.5,1.2,96.8,18.6
2023-08-23,STN_NORTH,45.0,10.2,0.1,90.3,5.0
2023-08-24,STN_NORTH,45.0,12.3,0.0,49.0,12.6
2023-08-25,STN_NORTH,45.0,12.8,0.0,66.7,4.5
2023-08-26,STN_NORTH,45.0,17.5,0.0,71.6,8.5
2023-08-27,STN_NORTH,45.0,5.3,1.1,79.0,12.4
2023-08-28,STN_NORTH,45.0,13.9,0.0,68.6,1.1
2023-08-29,STN_NORTH,45.0,14.0,0.0,56.8,6.3
2023-08-30,STN_NORTH,45.0,12.9,0.0,63.7,8.0
2023-08-31,STN_NORTH,45.0,11.4,0.0,65.3,17.3
2023-09-01,STN_NORTH,45.0,13.1,1.3,84.8,35.7
2023-09-02,STN_NORTH,45.0,15.3,0.0,67.3,29.0
2023-09-03,STN_NORTH,45.0,16.2,0.0,53.0,29.6
2023-09-04,STN_NORTH,45.0,14.0,15.5,78.9,22.2
2023-09-05,STN_NORTH,45.0,9.9,0.0,63.7,10.0
2023-09-06,STN_NORTH,45.0,12.0,0.0,68.6,5.2
2023-09-07,STN_NORTH,45.0,1.3,4.2,84.2,10.7
2023-09-08,STN_NORTH,45.0,7.8,0.1,84.5,12.8
2023-09-09,STN_NORTH,45.0,11.3,0.0,72.8,4.3
2023-09-10,STN_NORTH,45.0,11.5,0.0,73.3,11.8
2023-09-11,STN_NORTH,45.0,11.0,0.0,58.8,34.6
2023-09-12,STN_NORTH,45.0,8.5,0.8,79.3,10.8
2023-09-13,STN_NORTH,45.0,12.7,3.5,86.3,26.0
2023-09-14,STN_NORTH,45.0,9.7,0.0,50.6,17.5
2023-09-15,STN_NORTH,45.0,10.1,0.0,70.9,27.5
2023-09-16,STN_NORTH,45.0,11.7,1.9,94.4,13.9
2023-09-17,STN_NORTH,45.0,11.3,0.0,63.4,12.4
2023-09-18,STN_NORTH,45.0,8.5,0.3,68.7,3.0
2023-09-19,STN_NORTH,45.0,8.9,0.0,73.2,44.0
2023-09-20,STN_NORTH,45.0,16.1,0.0,62.3,3.6
2023-09-21,STN_NORTH,45.0,5.2,0.0,47.4,32.2
2023-09-22,STN_NORTH,45.0,7.3,0.7,80.8,3.0
2023-09-23,STN_NORTH,45.0,13.1,0.9,60.3,2.2
2023-09-24,STN_NORTH,45.0,4.9,0.1,91.1,17.2
2023-09-25,STN_NORTH,45.0,5.5,0.9,74.2,5.4
2023-09-26,STN_NORTH,45.0,5.1,0.0,55.1,0.7
2023-09-27,STN_NORTH,45.0,,0.0,46.3,28.6
2023-09-28,STN_NORTH,45.0,5.9,0.0,47.8,10.3
2023-09-29,STN_NORTH,45.0,5.2,0.0,76.4,21.0
2023-09-30,STN_NORTH,45.0,6.0,0.0,77.1,0.6
2023-10-01,STN_NORTH,45.0,3.1,0.0,72.6,28.0
2023-10-02,STN_NORTH,45.0,4.9,0.0,65.0,6.4
2023-10-03,STN_NORTH,45.0,8.2,0.0,52.8,15.3
2023-10-04,STN_NORTH,45.0,6.8,0.0,49.9,0.0
2023-10-05,STN_NORTH,45.0,4.4,1.7,78.6,10.9
2023-10-06,STN_NORTH,45.0,3.6,0.0,56.3,10.6
2023-10-07,STN_NORTH,45.0,1.2,1.6,79.5,10.5
2023-10-08,STN_NORTH,45.0,,0.6,97.0,8.3
2023-10-09,STN_NORTH,45.0,1.2,0.0,79.0,2.9
2023-10-10,STN_NORTH,45.0,0.2,0.0,78.6,9.2
2023-10-11,STN_NORTH,45.0,-0.4,0.0,66.7,31.6
2023-10-12,STN_NORTH,45.0,1.7,2.6,63.8,31.6
2023-10-13,STN_NORTH,45.0,6.7,0.0,46.5,10.0
2023-10-14,STN_NORTH,45.0,,2.1,91.9,11.7
2023-10-15,STN_NORTH,45.0,7.3,0.0,65.6,16.5
2023-10-16,STN_NORTH,45.0,3.0,0.0,71.6,10.3
2023-10-17,STN_NORTH,45.0,5.0,0.0,75.8,5.6
2023-10-18,STN_NORTH,45.0,3.3,0.0,80.6,6.6
2023-10-19,STN_NORTH,45.0,5.7,0.0,59.2,1.4
2023-10-20,STN_NORTH,45.0,5.1,0.8,86.9,21.3
2023-10-21,STN_NORTH,45.0,1.7,0.0,48.7,21.7
2023-10-22,STN_NORTH,45.0,4.4,0.0,63.5,11.4
2023-10-23,STN_NORTH,45.0,6.1,0.0,70.7,16.1
2023-10-24,STN_NORTH,45.0,-1.4,0.0,75.0,0.2
2023-10-25,STN_NORTH,45.0,7.9,0.0,45.7,9.0
2023-10-26,STN_NORTH,45.0,1.9,0.0,58.6,26.9
2023-10-27,STN_NORTH,45.0,,6.5,98.8,19.3
2023-10-28,STN_NORTH,45.0,-4.6,0.0,57.1,6.1
2023-10-29,STN_NORTH,45.0,0.9,0.0,54.5,8.8
2023-10-30,STN_NORTH,45.0,2.2,0.0,76.2,19.7
2023-10-31,STN_NORTH,45.0,2.1,0.0,62.5,21.7
2023-11-01,STN_NORTH,45.0,-1.4,0.0,51.0,20.6
2023-11-02,STN_NORTH,45.0,0.6,0.0,61.9,5.1
2023-11-03,STN_NORTH,45.0,3.0,0.0,80.3,7.7
2023-11-04,STN_NORTH,45.0,0.8,0.0,55.2,4.8
2023-11-05,STN_NORTH,45.0,-4.8,0.0,59.9,22.8
2023-11-06,STN_NORTH,45.0,-2.5,0.0,64.9,3.7
2023-11-07,STN_NORTH,45.0,-7.0,0.4,93.2,0.9
2023-11-08,STN_NORTH,45.0,2.0,5.7,86.6,0.2
2023-11-09,STN_NORTH,45.0,-3.3,3.2,68.6,30.3
2023-11-10,STN_NORTH,45.0,0.0,0.0,57.1,19.9
2023-11-11,STN_NORTH,45.0,-4.0,0.0,56.6,8.0
2023-11-12,STN_NORTH,45.0,2.0,0.0,67.8,20.9
2023-11-13,STN_NORTH,45.0,-2.4,0.0,66.5,2.9
2023-11-14,STN_NORTH,45.0,3.9,0.0,67.2,31.4
2023-11-15,STN_NORTH,45.0,-6.5,0.0,52.1,1.4
2023-11-16,STN_NORTH,45.0,,5.1,69.0,10.3
2023-11-17,STN_NORTH,45.0,0.9,0.0,71.5,1.3
2023-11-18,STN_NORTH,45.0,-4.4,0.0,56.2,7.3
2023-11-19,STN_NORTH,45.0,-4.3,0.0,43.5,7.0
2023-11-20,STN_NORTH,45.0,-8.3,0.0,60.8,11.0
2023-11-21,STN_NORTH,45.0,1.9,0.0,50.9,34.5
2023-11-22,STN_NORTH,45.0,3.0,0.0,58.8,7.0
2023-11-23,STN_NORTH,45.0,-1.3,0.0,69.4,5.0
2023-11-24,STN_NORTH,45.0,-4.8,0.0,69.3,3.5
2023-11-25,STN_NORTH,45.0,-5.5,0.0,62.7,7.5
2023-11-26,STN_NORTH,45.0,2.9,0.0,76.9,5.7
2023-11-27,STN_NORTH,45.0,1.0,0.0,42.1,8.1
2023-11-28,STN_NORTH,45.0,-1.4,0.0,65.0,8.9
2023-11-29,STN_NORTH,45.0,-3.7,0.0,58.2,4.3
2023-11-30,STN_NORTH,45.0,-4.7,7.5,71.1,24.2
2023-12-01,STN_NORTH,45.0,-7.9,0.0,73.5,12.9
2023-12-02,STN_NORTH,45.0,-4.9,0.0,49.1,15.0
2023-12-03,STN_NORTH,45.0,-1.8,0.0,44.9,14.4
2023-12-04,STN_NORTH,45.0,-0.7,0.0,58.9,10.3
2023-12-05,STN_NORTH,45.0,-1.9,0.0,63.2,8.9
2023-12-06,STN_NORTH,45.0,-5.4,0.0,48.1,2.7
2023-12-07,STN_NORTH,45.0,-5.6,2.8,95.2,8.6
2023-12-08,STN_NORTH,45.0,-3.7,0.0,66.4,1.6
2023-12-09,STN_NORTH,45.0,-4.2,0.0,50.3,15.3
2023-12-10,STN_NORTH,45.0,-3.8,2.0,69.9,0.6
2023-12-11,STN_NORTH,45.0,-6.0,0.0,38.3,1.1
2023-12-12,STN_NORTH,45.0,-5.6,0.0,44.4,9.3
2023-12-13,STN_NORTH,45.0,-0.7,0.0,49.7,1.0
2023-12-14,STN_NORTH,45.0,-10.5,0.0,58.0,5.2
2023-12-15,STN_NORTH,45.0,-9.3,1.3,84.6,3.5
2023-12-16,STN_NORTH,45.0,-6.3,0.0,47.2,3.6
2023-12-17,STN_NORTH,45.0,-5.2,0.7,73.6,1.5
2023-12-18,STN_NORTH,45.0,-6.6,0.0,52.2,15.5
2023-12-19,STN_NORTH,45.0,-3.0,0.0,84.1,1.7
2023-12-20,STN_NORTH,45.0,-2.5,0.0,,10.0
2023-12-21,STN_NORTH,45.0,3.7,0.0,55.3,47.9
2023-12-22,STN_NORTH,45.0,-6.5,1.5,95.8,11.5
2023-12-23,STN_NORTH,45.0,-5.0,0.0,60.6,5.1
2023-12-24,STN_NORTH,45.0,-6.9,2.9,91.1,5.5
2023-12-25,STN_NORTH,45.0,-1.0,0.0,53.5,1.1
2023-12-26,STN_NORTH,45.0,-3.3,0.0,59.0,13.9
2023-12-27,STN_NORTH,45.0,-0.5,0.0,65.5,4.5
2023-12-28,STN_NORTH,45.0,-4.4,0.0,64.6,8.9
2023-12-29,STN_NORTH,45.0,-9.7,2.0,93.2,11.3
2023-12-30,STN_NORTH,45.0,-4.4,3.0,94.8,27.0
2023-12-31,STN_NORTH,45.0,-6.0,11.6,76.5,18.4
2023-01-01,STN_SOUTH,30.0,7.6,5.0,,47.0
2023-01-02,STN_SOUTH,30.0,2.5,0.1,85.8,2.6
2023-01-03,STN_SOUTH,30.0,11.4,0.7,67.5,42.6
2023-01-04,STN_SOUTH,30.0,9.0,0.0,64.9,15.6
2023-01-05,STN_SOUTH,30.0,1.0,2.1,64.4,3.4
2023-01-06,STN_SOUTH,30.0,4.4,4.6,76.3,10.9
2023-01-07,STN_SOUTH,30.0,10.8,0.0,54.7,3.3
2023-01-08,STN_SOUTH,30.0,7.2,0.0,78.6,11.1
2023-01-09,STN_SOUTH,30.0,9.5,0.0,66.5,1.7
2023-01-10,STN_SOUTH,30.0,10.2,0.0,75.4,1.1
2023-01-11,STN_SOUTH,30.0,1.6,0.0,55.7,15.7
2023-01-12,STN_SOUTH,30.0,4.3,0.0,53.3,2.1
2023-01-13,STN_SOUTH,30.0,9.1,0.0,67.0,10.0
2023-01-14,STN_SOUTH,30.0,3.9,0.0,50.3,6.0
2023-01-15,STN_SOUTH,30.0,5.8,0.0,54.6,26.7
2023-01-16,STN_SOUTH,30.0,13.1,0.0,51.5,0.2
2023-01-17,STN_SOUTH,30.0,5.8,4.3,70.5,4.4
2023-01-18,STN_SOUTH,30.0,9.1,0.0,54.2,4.4
2023-01-19,STN_SOUTH,30.0,7.8,0.0,66.6,12.1
2023-01-20,STN_SOUTH,30.0,2.9,0.0,75.0,18.3
2023-01-21,STN_SOUTH,30.0,3.9,0.0,59.4,2.0
2023-01-22,STN_SOUTH,30.0,5.9,1.5,81.0,4.1
2023-01-23,STN_SOUTH,30.0,7.7,0.1,82.8,3.2
2023-01-24,STN_SOUTH,30.0,10.3,0.0,59.6,1.9
2023-01-25,STN_SOUTH,30.0,4.2,0.0,56.2,0.2
2023-01-26,STN_SOUTH,30.0,9.7,5.6,,10.0
2023-01-27,STN_SOUTH,30.0,8.5,0.0,57.7,15.6
2023-01-28,STN_SOUTH,30.0,8.4,0.0,56.9,9.3
2023-01-29,STN_SOUTH,30.0,2.4,2.9,76.9,8.8
2023-01-30,STN_SOUTH,30.0,4.2,0.0,46.3,31.1
2023-01-31,STN_SOUTH,30.0,12.7,0.0,59.2,23.0
2023-02-01,STN_SOUTH,30.0,6.4,12.3,97.2,0.2
2023-02-02,STN_SOUTH,30.0,9.8,0.0,50.2,2.1
2023-02-03,STN_SOUTH,30.0,13.5,0.0,58.1,4.8
2023-02-04,STN_SOUTH,30.0,8.9,0.0,59.2,16.3
2023-02-05,STN_SOUTH,30.0,14.5,0.0,57.8,8.2
2023-02-06,STN_SOUTH,30.0,4.2,0.0,52.1,12.3
2023-02-07,STN_SOUTH,30.0,9.0,0.0,65.6,5.8
2023-02-08,STN_SOUTH,30.0,12.8,1.1,66.5,6.1
2023-02-09,STN_SOUTH,30.0,12.3,0.0,73.3,5.4
2023-02-10,STN_SOUTH,30.0,12.4,0.0,49.4,6.2
2023-02-11,STN_SOUTH,30.0,16.1,0.4,76.0,2.1
2023-02-12,STN_SOUTH,30.0,5.9,2.0,79.3,2.7
2023-02-13,STN_SOUTH,30.0,8.9,3.4,80.0,5.7
2023-02-14,STN_SOUTH,30.0,11.9,0.1,75.5,1.4
2023-02-15,STN_SOUTH,30.0,11.0,0.0,50.0,4.1
2023-02-16,STN_SOUTH,30.0,9.9,0.0,67.2,10.6
2023-02-17,STN_SOUTH,30.0,13.5,0.0,59.8,7.9
2023-02-18,STN_SOUTH,30.0,10.3,0.0,47.8,3.7
2023-02-19,STN_SOUTH,30.0,9.1,0.0,54.4,7.8
2023-02-20,STN_SOUTH,30.0,11.8,0.0,50.0,15.9
2023-02-21,STN_SOUTH,30.0,10.4,0.0,75.3,4.1
2023-02-22,STN_SOUTH,30.0,11.0,0.0,58.0,15.2
2023-02-23,STN_SOUTH,30.0,8.7,0.0,48.8,40.3
2023-02-24,STN_SOUTH,30.0,18.3,1.5,86.2,7.4
2023-02-25,STN_SOUTH,30.0,11.9,2.1,85.5,1.0
2023-02-26,STN_SOUTH,30.0,13.5,0.0,54.8,36.1
2023-02-27,STN_SOUTH,30.0,18.1,0.0,73.7,2.2
2023-02-28,STN_SOUTH,30.0,14.9,0.0,66.5,13.4
2023-03-01,STN_SOUTH,30.0,15.8,0.0,67.4,8.8
2023-03-02,STN_SOUTH,30.0,16.6,0.0,61.0,7.9
2023-03-03,STN_SOUTH,30.0,16.4,5.9,85.4,14.0
2023-03-04,STN_SOUTH,30.0,15.1,2.0,96.3,7.0
2023-03-05,STN_SOUTH,30.0,16.1,6.4,85.1,11.6
2023-03-06,STN_SOUTH,30.0,13.2,0.0,66.9,11.0
2023-03-07,STN_SOUTH,30.0,11.3,0.0,60.9,39.1
2023-03-08,STN_SOUTH,30.0,15.0,2.3,60.4,0.9
2023-03-09,STN_SOUTH,30.0,19.8,0.0,48.4,3.2
2023-03-10,STN_SOUTH,30.0,13.2,0.0,71.2,16.6
2023-03-11,STN_SOUTH,30.0,14.3,0.0,71.2,14.4
2023-03-12,STN_SOUTH,30.0,18.4,2.2,89.3,22.8
2023-03-13,STN_SOUTH,30.0,19.8,0.0,82.7,12.2
2023-03-14,STN_SOUTH,30.0,17.5,0.9,71.8,22.1
2023-03-15,STN_SOUTH,30.0,20.4,0.0,57.5,3.2
2023-03-16,STN_SOUTH,30.0,17.2,2.3,77.5,14.4
2023-03-17,STN_SOUTH,30.0,8.9,0.1,77.4,5.5
2023-03-18,STN_SOUTH,30.0,16.1,4.4,56.9,4.2
2023-03-19,STN_SOUTH,30.0,18.8,0.0,52.9,20.8
2023-03-20,STN_SOUTH,30.0,21.7,0.9,91.1,9.3
2023-03-21,STN_SOUTH,30.0,18.0,1.1,77.7,3.8
2023-03-22,STN_SOUTH,30.0,20.4,0.0,44.2,33.1
2023-03-23,STN_SOUTH,30.0,17.7,0.7,81.1,12.5
2023-03-24,STN_SOUTH,30.0,14.4,3.9,98.7,10.5
2023-03-25,STN_SOUTH,30.0,19.5,0.0,60.1,6.7
2023-03-26,STN_SOUTH,30.0,20.3,0.0,57.0,1.2
2023-03-27,STN_SOUTH,30.0,19.4,3.0,87.1,4.0
2023-03-28,STN_SOUTH,30.0,19.8,1.0,89.8,31.6
2023-03-29,STN_SOUTH,30.0,25.0,2.4,94.6,7.5
2023-03-30,STN_SOUTH,30.0,21.3,0.0,69.8,19.3
2023-03-31,STN_SOUTH,30.0,23.5,0.0,64.6,0.6
2023-04-01,STN_SOUTH,30.0,21.7,0.0,65.0,17.3
2023-04-02,STN_SOUTH,30.0,22.7,0.0,70.3,9.3
2023-04-03,STN_SOUTH,30.0,18.9,0.0,65.7,5.2
2023-04-04,STN_SOUTH,30.0,20.6,0.0,62.6,5.4
2023-04-05,STN_SOUTH,30.0,16.8,0.0,48.7,3.5
2023-04-06,STN_SOUTH,30.0,22.3,0.0,63.3,20.8
2023-04-07,STN_SOUTH,30.0,22.2,1.0,100.0,12.6
2023-04-08,STN_SOUTH,30.0,19.8,0.0,75.3,4.4
2023-04-09,STN_SOUTH,30.0,22.5,0.0,48.2,9.8
2023-04-10,STN_SOUTH,30.0,25.2,0.0,61.1,2.3
2023-04-11,STN_SOUTH,30.0,31.3,0.0,56.8,15.0
2023-04-12,STN_SOUTH,30.0,23.6,6.5,95.2,0.2
2023-04-13,STN_SOUTH,30.0,28.2,0.6,75.2,11.1
2023-04-14,STN_SOUTH,30.0,21.0,0.0,83.7,1.7
2023-04-15,STN_SOUTH,30.0,23.9,0.2,85.4,1.1
2023-04-16,STN_SOUTH,30.0,23.1,0.0,57.6,1.0
2023-04-17,STN_SOUTH,30.0,23.9,0.0,42.8,6.8
2023-04-18,STN_SOUTH,30.0,24.5,0.0,72.1,8.0
2023-04-19,STN_SOUTH,30.0,26.3,0.0,75.8,7.8
2023-04-20,STN_SOUTH,30.0,22.5,0.0,51.0,7.1
2023-04-21,STN_SOUTH,30.0,24.5,0.0,42.5,7.4
2023-04-22,STN_SOUTH,30.0,24.7,0.0,48.5,6.8
2023-04-23,STN_SOUTH,30.0,19.5,0.0,64.6,2.5
2023-04-24,STN_SOUTH,30.0,28.2,0.0,45.6,9.2
2023-04-25,STN_SOUTH,30.0,,0.0,50.3,20.3
2023-04-26,STN_SOUTH,30.0,29.0,0.0,59.2,10.1
2023-04-27,STN_SOUTH,30.0,23.6,6.1,66.5,7.1
2023-04-28,STN_SOUTH,30.0,22.1,10.3,59.3,5.0
2023-04-29,STN_SOUTH,30.0,26.1,0.0,68.1,3.4
2023-04-30,STN_SOUTH,30.0,25.4,0.0,38.1,3.3
2023-05-01,STN_SOUTH,30.0,24.6,0.4,97.2,46.7
2023-05-02,STN_SOUTH,30.0,20.2,0.0,64.3,0.9
2023-05-03,STN_SOUTH,30.0,24.1,0.0,61.7,9.7
2023-05-04,STN_SOUTH,30.0,33.0,3.5,87.5,26.0
2023-05-05,STN_SOUTH,30.0,32.8,0.0,47.3,40.4
2023-05-06,STN_SOUTH,30.0,26.8,0.0,56.7,21.2
2023-05-07,STN_SOUTH,30.0,28.5,2.7,85.3,15.7
2023-05-08,STN_SOUTH,30.0,28.2,0.1,82.8,1.1
2023-05-09,STN_SOUTH,30.0,28.5,1.7,100.0,3.2
2023-05-10,STN_SOUTH,30.0,28.3,0.0,57.5,27.7
2023-05-11,STN_SOUTH,30.0,25.9,2.7,89.6,6.6
2023-05-12,STN_SOUTH,30.0,32.3,1.5,60.7,2.8
2023-05-13,STN_SOUTH,30.0,30.4,0.0,55.3,3.8
2023-05-14,STN_SOUTH,30.0,27.3,2.4,75.7,13.1
2023-05-15,STN_SOUTH,30.0,32.6,1.3,76.9,6.4
2023-05-16,STN_SOUTH,30.0,31.5,0.0,,17.9
2023-05-17,STN_SOUTH,30.0,27.4,0.0,37.2,12.1
2023-05-18,STN_SOUTH,30.0,26.1,0.0,84.0,11.3
2023-05-19,STN_SOUTH,30.0,25.7,0.9,83.1,4.9
2023-05-20,STN_SOUTH,30.0,30.9,0.0,53.6,5.1
2023-05-21,STN_SOUTH,30.0,31.5,0.0,69.0,28.5
2023-05-22,STN_SOUTH,30.0,30.4,0.0,48.8,8.0
2023-05-23,STN_SOUTH,30.0,28.9,0.0,65.6,12.2
2023-05-24,STN_SOUTH,30.0,28.7,2.4,93.8,27.7
2023-05-25,STN_SOUTH,30.0,27.1,0.7,83.9,8.8
2023-05-26,STN_SOUTH,30.0,27.0,1.4,70.0,9.6
2023-05-27,STN_SOUTH,30.0,27.1,0.5,76.5,12.6
2023-05-28,STN_SOUTH,30.0,29.0,0.0,52.1,32.4
2023-05-29,STN_SOUTH,30.0,31.7,0.0,50.9,3.9
2023-05-30,STN_SOUTH,30.0,29.9,9.5,66.7,7.4
2023-05-31,STN_SOUTH,30.0,25.7,0.0,61.1,19.5
2023-06-01,STN_SOUTH,30.0,31.4,0.0,64.9,7.7
2023-06-02,STN_SOUTH,30.0,31.0,0.1,87.6,15.1
2023-06-03,STN_SOUTH,30.0,27.7,0.0,92.4,4.1
2023-06-04,STN_SOUTH,30.0,30.4,0.0,,3.7
2023-06-05,STN_SOUTH,30.0,26.2,2.5,100.0,25.6
2023-06-06,STN_SOUTH,30.0,30.6,0.0,56.0,5.7
2023-06-07,STN_SOUTH,30.0,27.0,0.0,50.6,40.2
2023-06-08,STN_SOUTH,30.0,35.8,0.0,76.3,16.2
2023-06-09,STN_SOUTH,30.0,34.6,0.0,73.3,1.5
2023-06-10,STN_SOUTH,30.0,25.2,0.0,44.5,6.1
2023-06-11,STN_SOUTH,30.0,32.7,0.0,64.3,4.7
2023-06-12,STN_SOUTH,30.0,31.8,0.0,65.9,15.5
2023-06-13,STN_SOUTH,30.0,31.5,0.0,58.2,10.5
2023-06-14,STN_SOUTH,30.0,29.3,0.0,42.0,4.6
2023-06-15,STN_SOUTH,30.0,22.8,0.0,55.7,5.9
2023-06-16,STN_SOUTH,30.0,26.7,0.0,62.2,21.6
2023-06-17,STN_SOUTH,30.0,28.8,2.7,79.7,10.5
2023-06-18,STN_SOUTH,30.0,32.9,0.1,80.4,6.1
2023-06-19,STN_SOUTH,30.0,30.5,0.0,59.6,0.8
2023-06-20,STN_SOUTH,30.0,25.2,1.3,86.1,6.0
2023-06-21,STN_SOUTH,30.0,29.2,2.7,49.5,20.5
2023-06-22,STN_SOUTH,30.0,30.9,0.1,87.4,0.4
2023-06-23,STN_SOUTH,30.0,30.5,0.0,52.3,10.8
2023-06-24,STN_SOUTH,30.0,30.6,0.0,61.6,11.5
2023-06-25,STN_SOUTH,30.0,35.0,0.0,71.0,17.6
2023-06-26,STN_SOUTH,30.0,29.3,0.0,69.9,11.0
2023-06-27,STN_SOUTH,30.0,25.4,0.0,61.5,7.0
2023-06-28,STN_SOUTH,30.0,32.9,0.0,73.4,6.9
2023-06-29,STN_SOUTH,30.0,32.6,0.0,46.0,14.8
2023-06-30,STN_SOUTH,30.0,30.9,0.0,70.1,2.0
2023-07-01,STN_SOUTH,30.0,28.9,0.0,46.6,6.7
2023-07-02,STN_SOUTH,30.0,30.2,0.0,61.4,14.0
2023-07-03,STN_SOUTH,30.0,30.7,0.0,59.2,6.1
2023-07-04,STN_SOUTH,30.0,27.9,0.0,62.1,2.7
2023-07-05,STN_SOUTH,30.0,28.4,0.0,62.3,26.1
2023-07-06,STN_SOUTH,30.0,33.2,0.0,71.7,5.2
2023-07-07,STN_SOUTH,30.0,32.8,0.0,34.6,1.9
2023-07-08,STN_SOUTH,30.0,27.8,0.0,55.3,3.6
2023-07-09,STN_SOUTH,30.0,31.0,0.0,55.0,16.5
2023-07-10,STN_SOUTH,30.0,28.5,0.0,71.3,1.1
2023-07-11,STN_SOUTH,30.0,30.0,0.0,62.6,7.2
2023-07-12,STN_SOUTH,30.0,28.9,3.6,83.6,19.7
2023-07-13,STN_SOUTH,30.0,29.1,0.0,44.9,0.5
2023-07-14,STN_SOUTH,30.0,32.4,0.0,63.3,25.9
2023-07-15,STN_SOUTH,30.0,30.1,0.0,65.8,9.7
2023-07-16,STN_SOUTH,30.0,26.9,0.0,77.8,0.3
2023-07-17,STN_SOUTH,30.0,32.0,0.0,68.2,5.5
2023-07-18,STN_SOUTH,30.0,28.1,0.1,88.2,3.6
2023-07-19,STN_SOUTH,30.0,26.4,0.0,68.4,3.9
2023-07-20,STN_SOUTH,30.0,28.5,0.0,77.7,0.4
2023-07-21,STN_SOUTH,30.0,,0.7,90.4,38.4
2023-07-22,STN_SOUTH,30.0,29.1,0.0,59.2,4.5
2023-07-23,STN_SOUTH,30.0,26.5,0.0,72.7,19.2
2023-07-24,STN_SOUTH,30.0,27.6,7.9,67.6,0.2
2023-07-25,STN_SOUTH,30.0,34.4,0.0,55.9,0.5
2023-07-26,STN_SOUTH,30.0,21.6,0.0,76.3,8.8
2023-07-27,STN_SOUTH,30.0,27.5,0.0,68.5,34.4
2023-07-28,STN_SOUTH,30.0,26.5,0.0,78.4,0.3
2023-07-29,STN_SOUTH,30.0,24.0,0.0,55.6,18.4
2023-07-30,STN_SOUTH,30.0,21.9,1.8,,11.0
2023-07-31,STN_SOUTH,30.0,25.8,0.1,65.8,21.1
2023-08-01,STN_SOUTH,30.0,27.0,0.0,59.9,32.4
2023-08-02,STN_SOUTH,30.0,25.5,0.0,58.0,13.0
2023-08-03,STN_SOUTH,30.0,25.0,0.0,47.3,2.0
2023-08-04,STN_SOUTH,30.0,27.0,2.5,77.6,5.1
2023-08-05,STN_SOUTH,30.0,32.0,0.0,65.0,48.4
2023-08-06,STN_SOUTH,30.0,24.5,0.0,40.6,3.7
2023-08-07,STN_SOUTH,30.0,26.7,0.7,84.2,1.6
2023-08-08,STN_SOUTH,30.0,24.9,0.0,72.0,16.2
2023-08-09,STN_SOUTH,30.0,27.1,0.0,77.8,34.5
2023-08-10,STN_SOUTH,30.0,27.2,0.0,56.3,0.9
2023-08-11,STN_SOUTH,30.0,28.5,0.0,49.7,19.6
2023-08-12,STN_SOUTH,30.0,24.3,0.0,54.9,11.0
2023-08-13,STN_SOUTH,30.0,21.3,2.1,61.4,1.1
2023-08-14,STN_SOUTH,30.0,27.6,0.0,47.5,11.4
2023-08-15,STN_SOUTH,30.0,21.0,1.9,81.8,3.4
2023-08-16,STN_SOUTH,30.0,24.8,0.2,93.5,46.3
2023-08-17,STN_SOUTH,30.0,27.8,2.0,96.6,0.0
2023-08-18,STN_SOUTH,30.0,28.6,0.0,60.5,0.1
2023-08-19,STN_SOUTH,30.0,28.5,3.8,89.0,15.1
2023-08-20,STN_SOUTH,30.0,24.8,0.0,65.3,1.4
2023-08-21,STN_SOUTH,30.0,21.7,4.5,87.8,5.5
2023-08-22,STN_SOUTH,30.0,24.0,0.0,46.9,7.5
2023-08-23,STN_SOUTH,30.0,,0.0,50.8,14.7
2023-08-24,STN_SOUTH,30.0,18.5,0.0,58.3,8.8
2023-08-25,STN_SOUTH,30.0,19.9,1.1,100.0,40.4
2023-08-26,STN_SOUTH,30.0,18.6,0.0,68.6,12.0
2023-08-27,STN_SOUTH,30.0,26.7,0.0,58.0,15.5
2023-08-28,STN_SOUTH,30.0,24.4,0.0,61.4,42.1
2023-08-29,STN_SOUTH,30.0,15.6,4.1,81.1,25.5
2023-08-30,STN_SOUTH,30.0,23.7,0.0,66.3,4.2
2023-08-31,STN_SOUTH,30.0,23.8,0.0,52.5,10.8
2023-09-01,STN_SOUTH,30.0,21.5,0.0,71.2,3.2
2023-09-02,STN_SOUTH,30.0,20.8,0.7,84.8,7.2
2023-09-03,STN_SOUTH,30.0,23.2,3.5,96.0,6.7
2023-09-04,STN_SOUTH,30.0,22.2,0.0,57.6,12.8
2023-09-05,STN_SOUTH,30.0,15.3,3.2,94.6,2.9
2023-09-06,STN_SOUTH,30.0,22.5,0.0,43.5,0.8
2023-09-07,STN_SOUTH,30.0,16.9,1.1,72.9,13.1
2023-09-08,STN_SOUTH,30.0,19.2,0.6,95.0,38.2
2023-09-09,STN_SOUTH,30.0,26.8,2.5,58.6,8.9
2023-09-10,STN_SOUTH,30.0,23.4,0.0,49.1,28.7
2023-09-11,STN_SOUTH,30.0,21.6,0.0,40.9,2.7
2023-09-12,STN_SOUTH,30.0,23.5,0.0,42.9,9.1
2023-09-13,STN_SOUTH,30.0,20.6,0.0,64.0,17.7
2023-09-14,STN_SOUTH,30.0,17.5,0.0,60.6,0.3
2023-09-15,STN_SOUTH,30.0,16.5,0.0,66.3,6.5
2023-09-16,STN_SOUTH,30.0,18.3,0.2,94.6,4.8
2023-09-17,STN_SOUTH,30.0,10.5,1.7,85.0,14.3
2023-09-18,STN_SOUTH,30.0,20.4,0.0,42.2,13.0
2023-09-19,STN_SOUTH,30.0,18.7,0.0,55.8,15.5
2023-09-20,STN_SOUTH,30.0,14.0,0.0,49.9,29.8
2023-09-21,STN_SOUTH,30.0,12.2,4.0,78.1,0.6
2023-09-22,STN_SOUTH,30.0,18.3,0.0,49.5,4.3
2023-09-23,STN_SOUTH,30.0,17.1,0.7,69.7,11.2
2023-09-24,STN_SOUTH,30.0,17.3,0.0,48.0,6.7
2023-09-25,STN_SOUTH,30.0,14.1,0.0,56.6,15.4
2023-09-26,STN_SOUTH,30.0,19.3,0.0,54.6,13.7
2023-09-27,STN_SOUTH,30.0,18.4,0.0,60.1,45.9
2023-09-28,STN_SOUTH,30.0,13.7,0.0,42.5,34.0
2023-09-29,STN_SOUTH,30.0,15.7,0.0,62.6,1.0
2023-09-30,STN_SOUTH,30.0,9.3,0.0,77.9,4.7
2023-10-01,STN_SOUTH,30.0,12.7,0.0,55.7,37.3
2023-10-02,STN_SOUTH,30.0,14.5,0.0,49.3,10.1
2023-10-03,STN_SOUTH,30.0,15.3,0.0,49.3,11.4
2023-10-04,STN_SOUTH,30.0,10.8,0.0,56.9,11.8
2023-10-05,STN_SOUTH,30.0,20.4,0.0,57.4,5.0
2023-10-06,STN_SOUTH,30.0,15.5,0.0,71.6,0.4
2023-10-07,STN_SOUTH,30.0,22.2,0.0,57.4,23.2
2023-10-08,STN_SOUTH,30.0,16.4,5.9,83.7,1.1
2023-10-09,STN_SOUTH,30.0,7.1,0.0,62.0,7.7
2023-10-10,STN_SOUTH,30.0,8.3,1.1,58.2,4.9
2023-10-11,STN_SOUTH,30.0,7.6,2.6,76.7,4.1
2023-10-12,STN_SOUTH,30.0,16.8,0.0,68.1,2.6
2023-10-13,STN_SOUTH,30.0,10.4,0.1,70.8,13.2
2023-10-14,STN_SOUTH,30.0,10.8,4.3,82.5,1.7
2023-10-15,STN_SOUTH,30.0,13.9,0.0,77.3,2.5
2023-10-16,STN_SOUTH,30.0,14.9,0.0,42.8,3.7
2023-10-17,STN_SOUTH,30.0,14.4,0.0,70.6,1.3
2023-10-18,STN_SOUTH,30.0,11.5,0.0,77.3,34.1
2023-10-19,STN_SOUTH,30.0,13.3,3.4,59.2,0.6
2023-10-20,STN_SOUTH,30.0,13.8,0.0,75.4,0.2
2023-10-21,STN_SOUTH,30.0,9.6,0.0,73.1,16.9
2023-10-22,STN_SOUTH,30.0,16.3,0.0,72.9,4.8
2023-10-23,STN_SOUTH,30.0,15.2,0.0,51.2,19.7
2023-10-24,STN_SOUTH,30.0,17.6,0.0,62.4,20.5
2023-10-25,STN_SOUTH,30.0,18.2,0.0,63.1,2.4
2023-10-26,STN_SOUTH,30.0,9.1,0.0,67.2,4.5
2023-10-27,STN_SOUTH,30.0,12.5,0.0,54.1,2.4
2023-10-28,STN_SOUTH,30.0,15.1,0.0,49.4,1.7
2023-10-29,STN_SOUTH,30.0,10.9,0.0,,4.5
2023-10-30,STN_SOUTH,30.0,8.9,0.0,69.0,13.7
2023-10-31,STN_SOUTH,30.0,9.5,0.0,65.5,28.9
2023-11-01,STN_SOUTH,30.0,11.0,0.0,55.2,18.2
2023-11-02,STN_SOUTH,30.0,16.4,0.0,53.2,4.6
2023-11-03,STN_SOUTH,30.0,13.7,0.0,60.8,1.3
2023-11-04,STN_SOUTH,30.0,14.2,0.0,56.2,14.9
2023-11-05,STN_SOUTH,30.0,5.6,0.0,58.1,14.9
2023-11-06,STN_SOUTH,30.0,8.9,0.0,67.2,15.7
2023-11-07,STN_SOUTH,30.0,11.0,0.0,60.0,45.2
2023-11-08,STN_SOUTH,30.0,7.9,1.4,72.9,3.5
2023-11-09,STN_SOUTH,30.0,,0.0,73.8,1.3
2023-11-10,STN_SOUTH,30.0,11.7,3.4,76.1,9.2
2023-11-11,STN_SOUTH,30.0,11.3,0.0,58.1,33.0
2023-11-12,STN_SOUTH,30.0,9.9,0.0,53.1,2.1
2023-11-13,STN_SOUTH,30.0,7.7,0.0,68.0,2.3
2023-11-14,STN_SOUTH,30.0,9.4,0.0,61.6,8.3
2023-11-15,STN_SOUTH,30.0,4.8,0.0,70.9,6.8
2023-11-16,STN_SOUTH,30.0,12.9,0.0,71.2,7.6
2023-11-17,STN_SOUTH,30.0,8.9,0.7,78.7,21.1
2023-11-18,STN_SOUTH,30.0,8.2,0.0,75.7,15.4
2023-11-19,STN_SOUTH,30.0,3.9,0.0,83.6,17.8
2023-11-20,STN_SOUTH,30.0,6.7,0.5,98.2,3.4
2023-11-21,STN_SOUTH,30.0,6.8,5.8,87.1,9.4
2023-11-22,STN_SOUTH,30.0,5.0,0.0,58.2,30.2
2023-11-23,STN_SOUTH,30.0,5.0,0.0,76.0,18.3
2023-11-24,STN_SOUTH,30.0,8.3,0.4,88.7,11.7
2023-11-25,STN_SOUTH,30.0,3.6,0.0,55.9,0.5
2023-11-26,STN_SOUTH,30.0,2.7,0.0,49.9,8.8
2023-11-27,STN_SOUTH,30.0,7.0,0.0,50.0,11.6
2023-11-28,STN_SOUTH,30.0,5.3,7.4,89.4,18.9
2023-11-29,STN_SOUTH,30.0,9.7,0.0,36.1,7.9
2023-11-30,STN_SOUTH,30.0,4.0,0.0,70.1,5.4
2023-12-01,STN_SOUTH,30.0,6.5,0.0,46.5,16.4
2023-12-02,STN_SOUTH,30.0,6.9,1.1,77.1,6.2
2023-12-03,STN_SOUTH,30.0,2.3,0.0,52.4,6.7
2023-12-04,STN_SOUTH,30.0,5.0,0.0,61.4,1.1
2023-12-05,STN_SOUTH,30.0,5.5,0.0,51.4,7.0
2023-12-06,STN_SOUTH,30.0,5.5,0.0,41.0,12.3
2023-12-07,STN_SOUTH,30.0,3.2,5.5,79.0,30.6
2023-12-08,STN_SOUTH,30.0,13.4,0.0,60.2,4.5
2023-12-09,STN_SOUTH,30.0,4.0,0.7,84.3,26.7
2023-12-10,STN_SOUTH,30.0,8.1,0.0,64.3,12.6
2023-12-11,STN_SOUTH,30.0,9.4,6.0,79.2,2.1
2023-12-12,STN_SOUTH,30.0,,0.0,52.8,1.5
2023-12-13,STN_SOUTH,30.0,5.8,0.3,73.1,6.3
2023-12-14,STN_SOUTH,30.0,4.7,0.0,52.2,4.5
2023-12-15,STN_SOUTH,30.0,2.1,0.0,51.0,3.2
2023-12-16,STN_SOUTH,30.0,,0.0,67.8,21.2
2023-12-17,STN_SOUTH,30.0,4.3,0.7,70.9,7.8
2023-12-18,STN_SOUTH,30.0,3.7,0.0,67.1,3.3
2023-12-19,STN_SOUTH,30.0,5.1,0.0,47.7,0.9
2023-12-20,STN_SOUTH,30.0,8.6,0.0,70.5,13.2
2023-12-21,STN_SOUTH,30.0,6.6,0.0,52.2,5.2
2023-12-22,STN_SOUTH,30.0,5.3,0.0,50.1,5.7
2023-12-23,STN_SOUTH,30.0,8.2,0.0,54.5,35.7
2023-12-24,STN_SOUTH,30.0,2.2,0.0,69.0,4.0
2023-12-25,STN_SOUTH,30.0,6.8,0.0,56.6,1.1
2023-12-26,STN_SOUTH,30.0,7.3,0.0,72.2,1.3
2023-12-27,STN_SOUTH,30.0,6.9,0.0,57.6,0.4
2023-12-28,STN_SOUTH,30.0,6.4,0.0,67.7,0.7
2023-12-29,STN_SOUTH,30.0,7.0,0.0,48.2,7.9
2023-12-30,STN_SOUTH,30.0,5.6,0.0,52.2,0.2
2023-12-31,STN_SOUTH,30.0,9.0,1.8,86.8,16.2
2023-01-01,STN_COAST,37.0,7.2,1.3,,0.0
2023-01-02,STN_COAST,37.0,-0.8,4.8,85.8,21.0
2023-01-03,STN_COAST,37.0,3.4,0.0,70.9,29.3
2023-01-04,STN_COAST,37.0,6.4,0.0,60.5,33.0
2023-01-05,STN_COAST,37.0,5.5,0.0,68.7,9.4
2023-01-06,STN_COAST,37.0,8.8,0.0,53.0,23.1
2023-01-07,STN_COAST,37.0,7.5,0.0,61.5,1.6
2023-01-08,STN_COAST,37.0,3.9,3.8,90.8,28.4
2023-01-09,STN_COAST,37.0,4.5,0.0,61.9,11.1
2023-01-10,STN_COAST,37.0,2.1,0.0,47.8,9.3
2023-01-11,STN_COAST,37.0,4.9,0.0,54.0,21.7
2023-01-12,STN_COAST,37.0,3.2,2.2,77.5,8.7
2023-01-13,STN_COAST,37.0,8.2,0.0,72.3,7.0
2023-01-14,STN_COAST,37.0,8.8,0.0,58.4,7.2
2023-01-15,STN_COAST,37.0,4.6,0.0,52.3,6.4
2023-01-16,STN_COAST,37.0,7.7,4.9,75.1,41.1
2023-01-17,STN_COAST,37.0,9.4,0.0,52.4,1.8
2023-01-18,STN_COAST,37.0,2.1,0.0,59.0,14.7
2023-01-19,STN_COAST,37.0,4.3,0.0,60.3,27.2
2023-01-20,STN_COAST,37.0,10.2,0.0,57.6,0.6
2023-01-21,STN_COAST,37.0,4.9,0.0,42.5,19.9
2023-01-22,STN_COAST,37.0,3.6,0.0,59.8,2.3
2023-01-23,STN_COAST,37.0,11.3,0.0,61.3,2.3
2023-01-24,STN_COAST,37.0,2.7,0.0,60.0,5.0
2023-01-25,STN_COAST,37.0,4.4,0.0,47.2,3.9
2023-01-26,STN_COAST,37.0,2.4,1.2,85.4,17.3
2023-01-27,STN_COAST,37.0,3.2,0.0,63.3,3.8
2023-01-28,STN_COAST,37.0,10.8,0.5,87.4,22.8
2023-01-29,STN_COAST,37.0,6.5,0.0,73.9,3.3
2023-01-30,STN_COAST,37.0,10.2,0.0,49.3,39.4
2023-01-31,STN_COAST,37.0,6.1,0.0,67.2,2.4
2023-02-01,STN_COAST,37.0,8.2,0.0,69.2,9.8
2023-02-02,STN_COAST,37.0,5.6,2.7,74.3,19.6
2023-02-03,STN_COAST,37.0,6.1,0.0,67.8,57.8
2023-02-04,STN_COAST,37.0,6.5,5.8,86.5,0.1
2023-02-05,STN_COAST,37.0,7.3,0.0,56.9,19.5
2023-02-06,STN_COAST,37.0,4.1,0.0,48.1,3.3
2023-02-07,STN_COAST,37.0,7.3,0.0,64.0,8.7
2023-02-08,STN_COAST,37.0,6.5,1.0,90.1,14.4
2023-02-09,STN_COAST,37.0,7.8,0.0,68.3,21.3
2023-02-10,STN_COAST,37.0,5.4,13.6,,31.6
2023-02-11,STN_COAST,37.0,8.8,0.0,60.5,13.4
2023-02-12,STN_COAST,37.0,6.3,0.0,67.6,34.6
2023-02-13,STN_COAST,37.0,12.3,0.9,87.2,19.8
2023-02-14,STN_COAST,37.0,4.4,0.0,49.0,0.6
2023-02-15,STN_COAST,37.0,5.7,0.0,53.2,3.6
2023-02-16,STN_COAST,37.0,5.9,0.0,70.1,2.0
2023-02-17,STN_COAST,37.0,8.5,0.0,52.9,27.3
2023-02-18,STN_COAST,37.0,10.1,0.0,49.5,2.0
2023-02-19,STN_COAST,37.0,9.0,0.0,68.8,29.4
2023-02-20,STN_COAST,37.0,17.1,0.0,71.0,3.7
2023-02-21,STN_COAST,37.0,9.3,3.4,78.2,2.0
2023-02-22,STN_COAST,37.0,10.7,2.8,83.0,4.4
2023-02-23,STN_COAST,37.0,11.8,0.0,83.4,24.4
2023-02-24,STN_COAST,37.0,7.8,0.0,62.7,35.8
2023-02-25,STN_COAST,37.0,7.9,3.2,78.8,9.4
2023-02-26,STN_COAST,37.0,3.3,0.0,60.7,26.5
2023-02-27,STN_COAST,37.0,8.2,0.8,78.0,24.3
2023-02-28,STN_COAST,37.0,7.4,0.0,58.4,17.0
2023-03-01,STN_COAST,37.0,,3.5,68.4,0.2
2023-03-02,STN_COAST,37.0,9.8,0.1,90.6,17.6
2023-03-03,STN_COAST,37.0,13.9,0.0,46.3,21.6
2023-03-04,STN_COAST,37.0,9.0,0.0,,22.3
2023-03-05,STN_COAST,37.0,7.5,0.0,58.0,42.0
2023-03-06,STN_COAST,37.0,12.6,0.1,81.9,13.4
2023-03-07,STN_COAST,37.0,15.1,6.2,67.6,77.8
2023-03-08,STN_COAST,37.0,17.9,0.0,66.8,59.2
2023-03-09,STN_COAST,37.0,7.2,0.4,79.7,8.7
2023-03-10,STN_COAST,37.0,13.0,0.0,54.2,2.3
2023-03-11,STN_COAST,37.0,10.4,1.2,81.9,38.6
2023-03-12,STN_COAST,37.0,13.5,9.9,65.8,10.3
2023-03-13,STN_COAST,37.0,14.9,0.1,89.5,17.9
2023-03-14,STN_COAST,37.0,12.9,0.0,71.1,2.3
2023-03-15,STN_COAST,37.0,10.7,0.0,68.1,8.2
2023-03-16,STN_COAST,37.0,19.4,2.2,90.6,10.5
2023-03-17,STN_COAST,37.0,18.2,0.0,62.0,0.5
2023-03-18,STN_COAST,37.0,12.6,3.6,80.1,0.6
2023-03-19,STN_COAST,37.0,14.0,0.0,66.2,1.1
2023-03-20,STN_COAST,37.0,12.4,1.8,67.9,12.4
2023-03-21,STN_COAST,37.0,13.2,5.4,86.3,6.2
2023-03-22,STN_COAST,37.0,12.5,5.8,82.4,1.3
2023-03-23,STN_COAST,37.0,15.3,0.0,57.4,9.1
2023-03-24,STN_COAST,37.0,15.3,2.4,62.0,0.5
2023-03-25,STN_COAST,37.0,16.9,0.0,56.9,0.4
2023-03-26,STN_COAST,37.0,16.2,0.7,86.0,56.9
2023-03-27,STN_COAST,37.0,14.6,0.0,66.9,10.5
2023-03-28,STN_COAST,37.0,14.7,8.8,87.7,2.5
2023-03-29,STN_COAST,37.0,16.3,2.7,65.6,32.4
2023-03-30,STN_COAST,37.0,16.2,0.0,66.9,5.9
2023-03-31,STN_COAST,37.0,10.9,0.0,54.1,36.5
2023-04-01,STN_COAST,37.0,16.8,0.0,49.4,1.6
2023-04-02,STN_COAST,37.0,20.5,0.0,55.0,1.7
2023-04-03,STN_COAST,37.0,15.2,0.0,90.3,31.7
2023-04-04,STN_COAST,37.0,20.5,0.0,61.6,7.2
2023-04-05,STN_COAST,37.0,19.2,8.0,76.1,58.0
2023-04-06,STN_COAST,37.0,18.9,2.8,81.8,20.1
2023-04-07,STN_COAST,37.0,17.7,1.7,75.3,18.6
2023-04-08,STN_COAST,37.0,20.0,8.3,66.1,7.8
2023-04-09,STN_COAST,37.0,15.8,0.0,,9.1
2023-04-10,STN_COAST,37.0,20.6,6.3,96.3,9.7
2023-04-11,STN_COAST,37.0,24.0,0.0,,1.1
2023-04-12,STN_COAST,37.0,19.2,3.5,74.0,16.4
2023-04-13,STN_COAST,37.0,18.2,0.6,73.5,0.3
2023-04-14,STN_COAST,37.0,22.9,0.0,50.2,29.2
2023-04-15,STN_COAST,37.0,21.6,0.0,44.6,5.0
2023-04-16,STN_COAST,37.0,14.3,0.0,75.3,24.3
2023-04-17,STN_COAST,37.0,19.7,0.0,61.1,12.2
2023-04-18,STN_COAST,37.0,21.9,0.8,73.1,15.8
2023-04-19,STN_COAST,37.0,18.1,0.0,76.1,44.1
2023-04-20,STN_COAST,37.0,27.5,0.0,66.7,8.8
2023-04-21,STN_COAST,37.0,22.1,0.0,34.8,0.4
2023-04-22,STN_COAST,37.0,18.0,1.6,79.8,6.4
2023-04-23,STN_COAST,37.0,22.4,15.4,84.6,4.7
2023-04-24,STN_COAST,37.0,15.1,0.0,52.8,1.2
2023-04-25,STN_COAST,37.0,20.2,0.0,77.1,8.7
2023-04-26,STN_COAST,37.0,22.6,0.0,52.9,3.7
2023-04-27,STN_COAST,37.0,17.6,0.0,66.1,29.6
2023-04-28,STN_COAST,37.0,20.8,0.0,80.2,1.2
2023-04-29,STN_COAST,37.0,17.7,0.8,88.2,1.4
2023-04-30,STN_COAST,37.0,23.8,0.0,53.1,22.6
2023-05-01,STN_COAST,37.0,29.6,7.9,91.8,4.3
2023-05-02,STN_COAST,37.0,26.8,0.0,81.3,28.0
2023-05-03,STN_COAST,37.0,18.9,0.1,80.2,13.0
2023-05-04,STN_COAST,37.0,26.0,0.1,91.4,13.3
2023-05-05,STN_COAST,37.0,19.4,0.0,52.4,1.4
2023-05-06,STN_COAST,37.0,26.9,2.3,95.0,9.8
2023-05-07,STN_COAST,37.0,22.6,1.2,72.6,22.6
2023-05-08,STN_COAST,37.0,22.1,2.8,91.5,8.5
2023-05-09,STN_COAST,37.0,20.9,0.0,52.9,10.6
2023-05-10,STN_COAST,37.0,25.3,0.0,44.4,18.9
2023-05-11,STN_COAST,37.0,21.3,0.0,60.3,3.1
2023-05-12,STN_COAST,37.0,22.2,0.0,62.7,4.8
2023-05-13,STN_COAST,37.0,22.6,0.0,60.3,0.7
2023-05-14,STN_COAST,37.0,27.3,1.1,63.1,7.1
2023-05-15,STN_COAST,37.0,23.9,0.0,60.1,9.3
2023-05-16,STN_COAST,37.0,20.1,0.0,39.7,20.3
2023-05-17,STN_COAST,37.0,23.2,0.0,59.0,8.4
2023-05-18,STN_COAST,37.0,24.4,0.0,66.6,18.6
2023-05-19,STN_COAST,37.0,27.5,0.0,53.0,5.5
2023-05-20,STN_COAST,37.0,28.4,0.0,50.4,0.6
2023-05-21,STN_COAST,37.0,28.0,0.0,73.6,48.0
2023-05-22,STN_COAST,37.0,23.3,2.2,82.1,1.3
2023-05-23,STN_COAST,37.0,26.6,0.0,77.1,2.1
2023-05-24,STN_COAST,37.0,24.6,0.0,59.8,21.0
2023-05-25,STN_COAST,37.0,29.4,0.0,48.2,6.4
2023-05-26,STN_COAST,37.0,24.2,0.1,75.7,12.5
2023-05-27,STN_COAST,37.0,25.4,0.1,91.1,2.2
2023-05-28,STN_COAST,37.0,25.4,0.0,63.1,7.7
2023-05-29,STN_COAST,37.0,21.3,9.9,75.5,8.6
2023-05-30,STN_COAST,37.0,25.8,0.0,65.6,3.9
2023-05-31,STN_COAST,37.0,26.7,0.0,69.6,21.9
2023-06-01,STN_COAST,37.0,19.7,0.0,48.5,2.7
2023-06-02,STN_COAST,37.0,26.7,0.5,77.2,3.6
2023-06-03,STN_COAST,37.0,22.9,0.0,59.4,27.9
2023-06-04,STN_COAST,37.0,24.2,0.0,47.2,6.1
2023-06-05,STN_COAST,37.0,26.5,0.0,74.3,17.2
2023-06-06,STN_COAST,37.0,31.3,0.0,54.3,5.8
2023-06-07,STN_COAST,37.0,26.9,0.0,55.2,29.0
2023-06-08,STN_COAST,37.0,23.8,0.0,69.5,7.0
2023-06-09,STN_COAST,37.0,,1.8,80.4,5.2
2023-06-10,STN_COAST,37.0,26.3,8.2,79.2,2.0
2023-06-11,STN_COAST,37.0,20.9,0.0,60.8,10.8
2023-06-12,STN_COAST,37.0,20.4,0.0,47.4,27.8
2023-06-13,STN_COAST,37.0,24.1,0.0,69.4,12.6
2023-06-14,STN_COAST,37.0,25.1,2.5,61.5,29.5
2023-06-15,STN_COAST,37.0,26.7,0.0,80.7,3.1
2023-06-16,STN_COAST,37.0,29.4,0.0,70.0,0.2
2023-06-17,STN_COAST,37.0,26.2,0.0,75.0,6.2
2023-06-18,STN_COAST,37.0,25.6,0.0,56.6,2.3
2023-06-19,STN_COAST,37.0,28.6,0.0,68.1,35.9
2023-06-20,STN_COAST,37.0,29.6,0.0,67.4,23.2
2023-06-21,STN_COAST,37.0,28.4,0.0,59.8,13.5
2023-06-22,STN_COAST,37.0,32.2,0.0,76.0,62.1
2023-06-23,STN_COAST,37.0,29.6,0.0,50.6,30.7
2023-06-24,STN_COAST,37.0,28.3,0.0,73.3,9.7
2023-06-25,STN_COAST,37.0,26.4,0.0,49.9,15.8
2023-06-26,STN_COAST,37.0,21.4,0.0,50.1,7.7
2023-06-27,STN_COAST,37.0,33.5,0.0,67.6,17.0
2023-06-28,STN_COAST,37.0,30.2,0.0,62.1,5.6
2023-06-29,STN_COAST,37.0,28.7,0.0,52.1,7.4
2023-06-30,STN_COAST,37.0,24.5,0.0,55.8,1.3
2023-07-01,STN_COAST,37.0,26.6,0.0,62.8,9.6
2023-07-02,STN_COAST,37.0,22.9,0.8,67.3,33.9
2023-07-03,STN_COAST,37.0,29.4,0.0,79.5,2.8
2023-07-04,STN_COAST,37.0,25.5,0.0,51.6,14.2
2023-07-05,STN_COAST,37.0,26.6,2.8,76.9,3.1
2023-07-06,STN_COAST,37.0,29.1,7.9,83.3,16.9
2023-07-07,STN_COAST,37.0,31.7,0.0,62.4,3.2
2023-07-08,STN_COAST,37.0,29.7,0.0,52.1,3.1
2023-07-09,STN_COAST,37.0,29.6,0.2,87.9,1.0
2023-07-10,STN_COAST,37.0,,3.0,87.4,4.5
2023-07-11,STN_COAST,37.0,24.5,0.0,54.7,1.5
2023-07-12,STN_COAST,37.0,23.4,0.0,50.3,15.3
2023-07-13,STN_COAST,37.0,26.1,0.0,59.7,34.7
2023-07-14,STN_COAST,37.0,25.5,0.0,50.3,9.2
2023-07-15,STN_COAST,37.0,23.5,0.0,65.1,13.3
2023-07-16,STN_COAST,37.0,23.3,0.0,70.4,13.7
2023-07-17,STN_COAST,37.0,25.5,0.0,36.4,34.4
2023-07-18,STN_COAST,37.0,26.1,1.6,100.0,11.8
2023-07-19,STN_COAST,37.0,26.1,0.0,58.0,9.0
2023-07-20,STN_COAST,37.0,22.5,0.0,47.1,15.3
2023-07-21,STN_COAST,37.0,26.5,0.0,56.0,25.7
2023-07-22,STN_COAST,37.0,25.9,0.0,57.2,13.6
2023-07-23,STN_COAST,37.0,26.7,7.3,62.3,35.5
2023-07-24,STN_COAST,37.0,27.6,0.0,65.0,5.3
2023-07-25,STN_COAST,37.0,25.1,0.0,56.8,17.6
2023-07-26,STN_COAST,37.0,24.9,0.0,55.9,12.1
2023-07-27,STN_COAST,37.0,25.7,9.5,89.7,16.9
2023-07-28,STN_COAST,37.0,24.9,0.0,55.1,11.3
2023-07-29,STN_COAST,37.0,28.1,7.9,79.4,14.6
2023-07-30,STN_COAST,37.0,24.9,0.0,47.5,12.7
2023-07-31,STN_COAST,37.0,26.7,1.4,71.5,5.0
2023-08-01,STN_COAST,37.0,26.1,0.0,64.1,15.1
2023-08-02,STN_COAST,37.0,27.5,3.0,100.0,9.3
2023-08-03,STN_COAST,37.0,26.0,0.0,50.1,0.4
2023-08-04,STN_COAST,37.0,21.7,0.0,75.6,24.0
2023-08-05,STN_COAST,37.0,25.8,0.0,60.0,7.9
2023-08-06,STN_COAST,37.0,23.7,0.0,65.6,12.2
2023-08-07,STN_COAST,37.0,20.5,0.0,51.9,42.3
2023-08-08,STN_COAST,37.0,23.8,0.0,67.1,14.9
2023-08-09,STN_COAST,37.0,24.3,0.2,86.2,21.8
2023-08-10,STN_COAST,37.0,20.1,0.0,59.2,4.7
2023-08-11,STN_COAST,37.0,19.0,0.0,61.5,28.2
2023-08-12,STN_COAST,37.0,17.2,0.0,74.6,0.4
2023-08-13,STN_COAST,37.0,23.2,0.0,66.9,2.5
2023-08-14,STN_COAST,37.0,17.2,0.0,61.3,7.0
2023-08-15,STN_COAST,37.0,21.2,0.0,62.0,1.6
2023-08-16,STN_COAST,37.0,23.1,0.0,59.1,8.6
2023-08-17,STN_COAST,37.0,20.5,7.7,89.1,8.0
2023-08-18,STN_COAST,37.0,27.4,1.0,80.7,42.7
2023-08-19,STN_COAST,37.0,19.5,0.0,41.7,0.5
2023-08-20,STN_COAST,37.0,22.9,0.0,66.0,10.5
2023-08-21,STN_COAST,37.0,24.6,0.0,63.7,29.1
2023-08-22,STN_COAST,37.0,23.2,0.0,73.0,8.1
2023-08-23,STN_COAST,37.0,18.4,0.0,49.6,0.6
2023-08-24,STN_COAST,37.0,16.5,0.0,80.2,11.3
2023-08-25,STN_COAST,37.0,21.6,0.0,40.1,5.9
2023-08-26,STN_COAST,37.0,12.5,0.0,54.9,7.8
2023-08-27,STN_COAST,37.0,20.1,0.0,53.2,3.9
2023-08-28,STN_COAST,37.0,17.5,0.0,50.5,10.0
2023-08-29,STN_COAST,37.0,14.6,0.0,51.8,4.0
2023-08-30,STN_COAST,37.0,22.7,0.0,61.9,8.8
2023-08-31,STN_COAST,37.0,21.0,0.6,65.5,10.6
2023-09-01,STN_COAST,37.0,15.2,0.0,53.7,5.6
2023-09-02,STN_COAST,37.0,18.1,0.0,48.2,0.2
2023-09-03,STN_COAST,37.0,17.2,1.0,79.8,4.8
2023-09-04,STN_COAST,37.0,17.7,0.0,55.3,11.5
2023-09-05,STN_COAST,37.0,18.5,0.0,57.6,4.4
2023-09-06,STN_COAST,37.0,16.8,0.0,58.2,7.6
2023-09-07,STN_COAST,37.0,17.6,2.0,62.5,41.6
2023-09-08,STN_COAST,37.0,20.2,1.7,76.4,20.8
2023-09-09,STN_COAST,37.0,17.0,0.0,78.9,8.5
2023-09-10,STN_COAST,37.0,11.6,0.0,70.8,4.3
2023-09-11,STN_COAST,37.0,21.2,0.0,60.1,80.0
2023-09-12,STN_COAST,37.0,17.6,0.0,61.8,4.3
2023-09-13,STN_COAST,37.0,16.7,0.0,70.8,1.3
2023-09-14,STN_COAST,37.0,16.2,0.0,60.5,26.3
2023-09-15,STN_COAST,37.0,18.3,0.0,52.7,1.9
2023-09-16,STN_COAST,37.0,14.7,0.0,77.6,11.2
2023-09-17,STN_COAST,37.0,22.8,0.0,65.9,5.4
2023-09-18,STN_COAST,37.0,6.4,0.0,43.3,8.4
2023-09-19,STN_COAST,37.0,15.8,0.0,64.1,9.7
2023-09-20,STN_COAST,37.0,22.1,0.0,57.6,14.1
2023-09-21,STN_COAST,37.0,13.0,0.0,70.6,9.4
2023-09-22,STN_COAST,37.0,14.1,0.4,90.9,17.4
2023-09-23,STN_COAST,37.0,13.0,0.0,44.5,0.7
2023-09-24,STN_COAST,37.0,14.0,0.0,62.6,9.2
2023-09-25,STN_COAST,37.0,13.0,0.0,61.7,1.1
2023-09-26,STN_COAST,37.0,14.0,4.6,90.5,10.8
2023-09-27,STN_COAST,37.0,15.2,0.3,78.1,1.5
2023-09-28,STN_COAST,37.0,20.7,0.0,56.0,9.2
2023-09-29,STN_COAST,37.0,12.5,0.0,60.7,2.1
2023-09-30,STN_COAST,37.0,8.0,0.0,55.1,2.2
2023-10-01,STN_COAST,37.0,6.6,0.0,55.8,50.7
2023-10-02,STN_COAST,37.0,14.1,0.0,,2.0
2023-10-03,STN_COAST,37.0,7.5,0.0,69.3,15.2
2023-10-04,STN_COAST,37.0,,0.0,49.1,12.2
2023-10-05,STN_COAST,37.0,12.5,0.0,76.3,10.1
2023-10-06,STN_COAST,37.0,12.0,0.0,58.6,9.6
2023-10-07,STN_COAST,37.0,12.2,0.0,58.2,0.0
2023-10-08,STN_COAST,37.0,8.4,0.0,56.5,15.4
2023-10-09,STN_COAST,37.0,14.6,0.0,60.4,5.5
2023-10-10,STN_COAST,37.0,10.0,13.0,67.4,0.8
2023-10-11,STN_COAST,37.0,12.9,0.0,49.4,0.1
2023-10-12,STN_COAST,37.0,12.5,0.0,62.4,0.4
2023-10-13,STN_COAST,37.0,10.1,3.5,66.9,15.9
2023-10-14,STN_COAST,37.0,7.1,0.0,44.1,9.8
2023-10-15,STN_COAST,37.0,,0.0,68.0,36.0
2023-10-16,STN_COAST,37.0,14.8,0.0,61.0,30.9
2023-10-17,STN_COAST,37.0,8.6,0.0,55.2,10.3
2023-10-18,STN_COAST,37.0,3.4,0.0,64.5,5.3
2023-10-19,STN_COAST,37.0,7.5,0.0,53.1,26.9
2023-10-20,STN_COAST,37.0,8.0,0.1,79.4,4.7
2023-10-21,STN_COAST,37.0,11.4,0.0,81.8,7.7
2023-10-22,STN_COAST,37.0,11.3,0.0,50.2,0.7
2023-10-23,STN_COAST,37.0,3.1,0.0,59.2,12.1
2023-10-24,STN_COAST,37.0,,0.0,65.2,12.3
2023-10-25,STN_COAST,37.0,5.4,0.0,66.7,10.5
2023-10-26,STN_COAST,37.0,4.8,0.0,67.0,20.2
2023-10-27,STN_COAST,37.0,6.5,0.0,67.3,7.4
2023-10-28,STN_COAST,37.0,4.8,1.3,77.2,2.1
2023-10-29,STN_COAST,37.0,9.4,0.0,82.3,5.2
2023-10-30,STN_COAST,37.0,1.8,0.0,58.3,17.8
2023-10-31,STN_COAST,37.0,5.0,0.0,49.9,4.2
2023-11-01,STN_COAST,37.0,8.2,0.0,64.6,11.5
2023-11-02,STN_COAST,37.0,0.9,0.0,51.2,15.8
2023-11-03,STN_COAST,37.0,4.5,0.0,73.9,17.0
2023-11-04,STN_COAST,37.0,2.6,0.0,61.6,13.0
2023-11-05,STN_COAST,37.0,3.7,0.1,74.0,16.7
2023-11-06,STN_COAST,37.0,5.7,0.0,50.2,2.5
2023-11-07,STN_COAST,37.0,2.1,0.1,89.6,6.4
2023-11-08,STN_COAST,37.0,2.8,0.0,51.0,2.6
2023-11-09,STN_COAST,37.0,2.1,15.3,86.8,2.9
2023-11-10,STN_COAST,37.0,6.8,0.0,63.1,28.3
2023-11-11,STN_COAST,37.0,1.2,0.0,70.5,0.1
2023-11-12,STN_COAST,37.0,3.7,0.0,38.7,9.6
2023-11-13,STN_COAST,37.0,9.6,0.0,54.6,0.7
2023-11-14,STN_COAST,37.0,2.4,0.0,28.9,5.9
2023-11-15,STN_COAST,37.0,3.3,0.7,99.1,4.6
2023-11-16,STN_COAST,37.0,-1.0,0.8,91.9,28.8
2023-11-17,STN_COAST,37.0,3.8,0.0,65.6,12.0
2023-11-18,STN_COAST,37.0,4.4,7.7,84.9,15.9
2023-11-19,STN_COAST,37.0,1.6,0.0,55.8,6.7
2023-11-20,STN_COAST,37.0,5.0,0.0,52.7,4.7
2023-11-21,STN_COAST,37.0,-0.9,0.0,61.3,13.1
2023-11-22,STN_COAST,37.0,6.2,0.0,62.4,21.0
2023-11-23,STN_COAST,37.0,0.4,0.1,90.2,5.5
2023-11-24,STN_COAST,37.0,,0.0,49.4,0.8
2023-11-25,STN_COAST,37.0,8.9,0.0,66.4,10.7
2023-11-26,STN_COAST,37.0,5.2,0.0,84.1,6.3
2023-11-27,STN_COAST,37.0,1.9,0.0,60.8,19.3
2023-11-28,STN_COAST,37.0,-0.9,7.0,81.1,0.9
2023-11-29,STN_COAST,37.0,1.9,0.0,62.5,4.6
2023-11-30,STN_COAST,37.0,0.5,6.8,95.4,10.2
2023-12-01,STN_COAST,37.0,2.6,0.0,61.6,4.6
2023-12-02,STN_COAST,37.0,6.2,0.0,52.2,24.0
2023-12-03,STN_COAST,37.0,1.5,0.0,70.7,7.3
2023-12-04,STN_COAST,37.0,3.2,0.0,67.8,1.1
2023-12-05,STN_COAST,37.0,9.9,0.0,61.7,6.9
2023-12-06,STN_COAST,37.0,0.8,2.7,81.5,19.4
2023-12-07,STN_COAST,37.0,9.6,1.8,66.8,0.4
2023-12-08,STN_COAST,37.0,10.9,0.0,55.0,12.1
2023-12-09,STN_COAST,37.0,6.6,0.0,54.6,5.8
2023-12-10,STN_COAST,37.0,4.7,0.0,48.1,44.7
2023-12-11,STN_COAST,37.0,,2.5,90.8,0.5
2023-12-12,STN_COAST,37.0,4.3,0.0,57.1,5.2
2023-12-13,STN_COAST,37.0,3.1,0.0,58.6,1.9
2023-12-14,STN_COAST,37.0,6.6,0.0,67.3,10.3
2023-12-15,STN_COAST,37.0,-0.5,4.0,74.4,4.6
2023-12-16,STN_COAST,37.0,6.4,4.0,72.9,0.9
2023-12-17,STN_COAST,37.0,2.8,0.0,56.4,19.4
2023-12-18,STN_COAST,37.0,4.2,0.0,56.7,3.1
2023-12-19,STN_COAST,37.0,3.7,1.9,71.2,3.6
2023-12-20,STN_COAST,37.0,6.6,0.0,59.7,21.8
2023-12-21,STN_COAST,37.0,7.6,0.0,47.1,0.8
2023-12-22,STN_COAST,37.0,5.3,0.0,67.7,12.5
2023-12-23,STN_COAST,37.0,5.0,0.0,54.0,22.2
2023-12-24,STN_COAST,37.0,,0.0,56.7,5.3
2023-12-25,STN_COAST,37.0,1.7,0.0,58.5,2.7
2023-12-26,STN_COAST,37.0,2.4,0.0,62.0,5.8
2023-12-27,STN_COAST,37.0,0.7,0.0,65.4,17.5
2023-12-28,STN_COAST,37.0,1.7,0.0,60.0,4.8
2023-12-29,STN_COAST,37.0,0.6,0.0,59.3,3.3
2023-12-30,STN_COAST,37.0,-0.7,0.0,53.4,3.3
2023-12-31,STN_COAST,37.0,1.6,0.0,55.7,1.4
2023-01-01,STN_MOUNT,40.0,-9.3,0.0,54.5,38.5
2023-01-02,STN_MOUNT,40.0,-5.6,0.0,70.5,14.1
2023-01-03,STN_MOUNT,40.0,-11.4,4.3,84.9,43.1
2023-01-04,STN_MOUNT,40.0,-11.8,0.0,52.7,3.1
2023-01-05,STN_MOUNT,40.0,-11.9,10.5,63.3,0.1
2023-01-06,STN_MOUNT,40.0,-11.8,0.0,72.0,10.6
2023-01-07,STN_MOUNT,40.0,-8.9,0.0,66.5,12.2
2023-01-08,STN_MOUNT,40.0,-7.9,0.0,65.5,16.2
2023-01-09,STN_MOUNT,40.0,-7.2,0.0,70.5,22.7
2023-01-10,STN_MOUNT,40.0,-14.5,0.0,50.0,29.9
2023-01-11,STN_MOUNT,40.0,-5.3,2.4,100.0,2.5
2023-01-12,STN_MOUNT,40.0,-3.6,0.2,77.5,22.4
2023-01-13,STN_MOUNT,40.0,-9.2,0.0,52.1,0.0
2023-01-14,STN_MOUNT,40.0,-11.8,0.0,57.4,0.5
2023-01-15,STN_MOUNT,40.0,-4.4,1.2,86.8,8.1
2023-01-16,STN_MOUNT,40.0,-9.1,0.0,73.4,18.3
2023-01-17,STN_MOUNT,40.0,-4.7,0.0,62.3,3.0
2023-01-18,STN_MOUNT,40.0,-5.8,0.0,65.7,5.4
2023-01-19,STN_MOUNT,40.0,-11.0,0.0,,2.1
2023-01-20,STN_MOUNT,40.0,-8.6,0.0,61.3,3.6
2023-01-21,STN_MOUNT,40.0,-13.4,0.0,72.4,0.5
2023-01-22,STN_MOUNT,40.0,-11.8,0.0,59.1,25.2
2023-01-23,STN_MOUNT,40.0,-5.6,0.0,,1.8
2023-01-24,STN_MOUNT,40.0,-4.9,1.4,81.1,17.1
2023-01-25,STN_MOUNT,40.0,-5.3,0.0,56.5,0.0
2023-01-26,STN_MOUNT,40.0,-7.1,22.4,83.8,4.9
2023-01-27,STN_MOUNT,40.0,-5.0,0.0,69.7,8.3
2023-01-28,STN_MOUNT,40.0,1.0,2.6,80.6,9.5
2023-01-29,STN_MOUNT,40.0,-6.2,0.0,50.6,28.6
2023-01-30,STN_MOUNT,40.0,-8.2,4.2,92.8,5.3
2023-01-31,STN_MOUNT,40.0,-5.8,0.6,92.0,0.5
2023-02-01,STN_MOUNT,40.0,-7.8,0.0,58.7,3.6
2023-02-02,STN_MOUNT,40.0,-7.3,0.0,46.5,11.6
2023-02-03,STN_MOUNT,40.0,-7.9,0.0,60.1,0.9
2023-02-04,STN_MOUNT,40.0,-6.3,0.0,53.7,15.6
2023-02-05,STN_MOUNT,40.0,-4.5,0.0,61.2,9.4
2023-02-06,STN_MOUNT,40.0,-5.3,0.0,65.5,3.4
2023-02-07,STN_MOUNT,40.0,-7.6,8.2,88.4,15.9
2023-02-08,STN_MOUNT,40.0,-7.5,0.0,76.6,52.8
2023-02-09,STN_MOUNT,40.0,-5.2,7.4,87.9,14.9
2023-02-10,STN_MOUNT,40.0,-5.1,0.0,50.8,1.3
2023-02-11,STN_MOUNT,40.0,-9.4,1.7,75.3,3.7
2023-02-12,STN_MOUNT,40.0,-2.3,0.0,56.6,10.2
2023-02-13,STN_MOUNT,40.0,-2.1,0.1,93.2,58.8
2023-02-14,STN_MOUNT,40.0,-0.4,0.0,52.5,3.2
2023-02-15,STN_MOUNT,40.0,-6.6,0.0,79.8,8.8
2023-02-16,STN_MOUNT,40.0,-7.5,4.6,86.2,28.6
2023-02-17,STN_MOUNT,40.0,-1.2,0.0,64.0,20.3
2023-02-18,STN_MOUNT,40.0,-3.3,0.0,64.4,6.2
2023-02-19,STN_MOUNT,40.0,-2.3,11.9,83.2,18.0
2023-02-20,STN_MOUNT,40.0,1.2,0.0,61.9,11.8
2023-02-21,STN_MOUNT,40.0,-1.2,0.0,53.0,4.4
2023-02-22,STN_MOUNT,40.0,-5.3,0.0,67.6,5.4
2023-02-23,STN_MOUNT,40.0,,0.0,64.6,5.4
2023-02-24,STN_MOUNT,40.0,-1.3,12.5,90.4,54.9
2023-02-25,STN_MOUNT,40.0,0.0,0.9,82.8,13.3
2023-02-26,STN_MOUNT,40.0,-1.9,2.2,79.4,4.5
2023-02-27,STN_MOUNT,40.0,-2.9,7.0,77.9,26.5
2023-02-28,STN_MOUNT,40.0,0.3,3.5,82.8,4.3
2023-03-01,STN_MOUNT,40.0,-6.3,4.8,95.4,17.6
2023-03-02,STN_MOUNT,40.0,1.3,0.0,71.2,10.9
2023-03-03,STN_MOUNT,40.0,,0.0,68.4,8.1
2023-03-04,STN_MOUNT,40.0,-4.0,0.0,66.8,1.0
2023-03-05,STN_MOUNT,40.0,-0.4,0.0,56.1,2.4
2023-03-06,STN_MOUNT,40.0,-6.1,0.0,59.2,23.9
2023-03-07,STN_MOUNT,40.0,4.5,3.0,87.2,36.7
2023-03-08,STN_MOUNT,40.0,-1.7,0.0,44.7,15.1
2023-03-09,STN_MOUNT,40.0,5.2,0.0,65.1,9.8
2023-03-10,STN_MOUNT,40.0,-2.1,0.0,65.4,2.4
2023-03-11,STN_MOUNT,40.0,3.3,0.9,89.8,21.6
2023-03-12,STN_MOUNT,40.0,1.5,2.4,70.5,3.4
2023-03-13,STN_MOUNT,40.0,3.9,0.0,38.3,8.1
2023-03-14,STN_MOUNT,40.0,0.7,6.9,75.7,0.1
2023-03-15,STN_MOUNT,40.0,5.7,0.0,56.6,7.0
2023-03-16,STN_MOUNT,40.0,1.8,0.0,64.0,1.9
2023-03-17,STN_MOUNT,40.0,1.5,0.3,85.1,12.3
2023-03-18,STN_MOUNT,40.0,5.9,1.1,86.4,11.4
2023-03-19,STN_MOUNT,40.0,-0.5,0.0,49.7,0.6
2023-03-20,STN_MOUNT,40.0,4.1,0.8,71.0,8.9
2023-03-21,STN_MOUNT,40.0,2.9,14.1,83.5,7.6
2023-03-22,STN_MOUNT,40.0,-2.5,0.0,58.4,12.9
2023-03-23,STN_MOUNT,40.0,0.0,0.0,37.3,13.9
2023-03-24,STN_MOUNT,40.0,4.7,7.5,72.9,1.4
2023-03-25,STN_MOUNT,40.0,6.8,10.0,70.9,10.6
2023-03-26,STN_MOUNT,40.0,5.4,0.0,60.9,7.0
2023-03-27,STN_MOUNT,40.0,6.1,6.1,88.1,2.3
2023-03-28,STN_MOUNT,40.0,2.1,0.0,56.5,20.3
2023-03-29,STN_MOUNT,40.0,0.3,0.0,60.4,24.5
2023-03-30,STN_MOUNT,40.0,3.4,0.0,74.9,0.5
2023-03-31,STN_MOUNT,40.0,7.7,0.0,63.2,1.6
2023-04-01,STN_MOUNT,40.0,,2.0,68.5,12.1
2023-04-02,STN_MOUNT,40.0,6.3,0.0,47.6,7.8
2023-04-03,STN_MOUNT,40.0,5.7,0.0,66.4,5.7
2023-04-04,STN_MOUNT,40.0,10.2,0.0,75.8,2.9
2023-04-05,STN_MOUNT,40.0,2.4,0.0,61.5,10.4
2023-04-06,STN_MOUNT,40.0,3.8,0.0,,2.8
2023-04-07,STN_MOUNT,40.0,5.5,0.0,59.9,1.8
2023-04-08,STN_MOUNT,40.0,5.3,1.5,76.0,1.9
2023-04-09,STN_MOUNT,40.0,6.5,0.0,58.9,11.7
2023-04-10,STN_MOUNT,40.0,8.9,0.0,65.6,21.1
2023-04-11,STN_MOUNT,40.0,0.1,0.0,70.9,2.7
2023-04-12,STN_MOUNT,40.0,8.2,0.0,67.3,5.3
2023-04-13,STN_MOUNT,40.0,14.1,0.0,69.4,11.5
2023-04-14,STN_MOUNT,40.0,8.8,0.0,57.1,7.8
2023-04-15,STN_MOUNT,40.0,1.8,0.0,56.7,3.8
2023-04-16,STN_MOUNT,40.0,10.1,3.3,81.3,0.0
2023-04-17,STN_MOUNT,40.0,4.8,0.7,80.2,39.0
2023-04-18,STN_MOUNT,40.0,11.1,0.0,68.4,13.9
2023-04-19,STN_MOUNT,40.0,11.9,0.0,70.1,0.8
2023-04-20,STN_MOUNT,40.0,6.0,0.0,61.3,35.6
2023-04-21,STN_MOUNT,40.0,8.8,1.5,99.1,5.0
2023-04-22,STN_MOUNT,40.0,11.9,8.5,78.9,50.1
2023-04-23,STN_MOUNT,40.0,10.5,0.9,77.5,5.0
2023-04-24,STN_MOUNT,40.0,10.8,0.0,52.3,1.2
2023-04-25,STN_MOUNT,40.0,5.7,3.7,83.6,8.3
2023-04-26,STN_MOUNT,40.0,10.9,0.0,59.8,23.4
2023-04-27,STN_MOUNT,40.0,9.5,0.0,56.1,0.4
2023-04-28,STN_MOUNT,40.0,8.3,0.0,76.9,9.3
2023-04-29,STN_MOUNT,40.0,12.2,0.0,66.7,7.2
2023-04-30,STN_MOUNT,40.0,5.7,0.0,70.5,5.9
2023-05-01,STN_MOUNT,40.0,9.2,0.0,75.6,39.7
2023-05-02,STN_MOUNT,40.0,7.4,4.8,55.0,16.9
2023-05-03,STN_MOUNT,40.0,12.2,11.0,69.8,3.1
2023-05-04,STN_MOUNT,40.0,13.9,0.0,,33.6
2023-05-05,STN_MOUNT,40.0,12.9,0.0,56.0,5.0
2023-05-06,STN_MOUNT,40.0,8.9,0.0,67.1,1.8
2023-05-07,STN_MOUNT,40.0,10.7,0.0,34.3,0.1
2023-05-08,STN_MOUNT,40.0,10.6,0.0,45.0,10.1
2023-05-09,STN_MOUNT,40.0,14.1,9.9,91.6,11.3
2023-05-10,STN_MOUNT,40.0,10.7,0.0,54.5,1.4
2023-05-11,STN_MOUNT,40.0,13.5,0.0,53.5,22.2
2023-05-12,STN_MOUNT,40.0,5.2,1.5,81.1,4.2
2023-05-13,STN_MOUNT,40.0,,0.0,58.4,18.1
2023-05-14,STN_MOUNT,40.0,17.9,0.0,52.7,2.4
2023-05-15,STN_MOUNT,40.0,10.0,0.0,42.7,4.7
2023-05-16,STN_MOUNT,40.0,14.3,2.3,87.2,4.6
2023-05-17,STN_MOUNT,40.0,,0.0,46.7,9.1
2023-05-18,STN_MOUNT,40.0,9.7,0.0,73.3,1.1
2023-05-19,STN_MOUNT,40.0,10.5,4.1,78.0,13.0
2023-05-20,STN_MOUNT,40.0,10.3,7.2,78.1,1.4
2023-05-21,STN_MOUNT,40.0,10.5,5.0,81.3,0.3
2023-05-22,STN_MOUNT,40.0,14.0,0.0,55.4,21.1
2023-05-23,STN_MOUNT,40.0,9.7,0.0,69.2,4.6
2023-05-24,STN_MOUNT,40.0,10.8,0.0,59.9,3.2
2023-05-25,STN_MOUNT,40.0,10.6,0.0,64.9,4.9
2023-05-26,STN_MOUNT,40.0,,0.0,59.2,3.3
2023-05-27,STN_MOUNT,40.0,15.9,0.0,41.0,1.6
2023-05-28,STN_MOUNT,40.0,11.9,0.0,67.4,16.6
2023-05-29,STN_MOUNT,40.0,12.4,0.4,99.7,13.4
2023-05-30,STN_MOUNT,40.0,11.1,0.1,81.8,0.4
2023-05-31,STN_MOUNT,40.0,11.7,0.0,51.8,0.2
2023-06-01,STN_MOUNT,40.0,14.6,0.0,64.5,1.9
2023-06-02,STN_MOUNT,40.0,20.2,7.3,72.1,22.0
2023-06-03,STN_MOUNT,40.0,20.3,0.0,54.5,25.4
2023-06-04,STN_MOUNT,40.0,15.2,0.0,72.3,2.4
2023-06-05,STN_MOUNT,40.0,15.2,0.0,67.2,16.2
2023-06-06,STN_MOUNT,40.0,11.4,0.0,64.7,29.0
2023-06-07,STN_MOUNT,40.0,15.6,0.0,40.8,19.3
2023-06-08,STN_MOUNT,40.0,17.0,0.0,42.4,4.0
2023-06-09,STN_MOUNT,40.0,10.6,0.0,57.9,11.2
2023-06-10,STN_MOUNT,40.0,10.6,0.0,70.5,9.5
2023-06-11,STN_MOUNT,40.0,16.3,0.4,74.9,3.1
2023-06-12,STN_MOUNT,40.0,11.0,4.7,70.5,27.3
2023-06-13,STN_MOUNT,40.0,16.0,0.3,100.0,11.8
2023-06-14,STN_MOUNT,40.0,15.1,7.8,74.1,63.3
2023-06-15,STN_MOUNT,40.0,11.7,0.0,52.6,37.4
2023-06-16,STN_MOUNT,40.0,19.3,0.0,41.1,1.1
2023-06-17,STN_MOUNT,40.0,10.4,10.8,81.7,6.5
2023-06-18,STN_MOUNT,40.0,16.4,0.0,45.3,2.2
2023-06-19,STN_MOUNT,40.0,18.5,0.0,51.3,3.8
2023-06-20,STN_MOUNT,40.0,17.1,9.4,87.0,6.4
2023-06-21,STN_MOUNT,40.0,14.5,0.0,75.1,6.0
2023-06-22,STN_MOUNT,40.0,15.7,0.0,64.8,20.9
2023-06-23,STN_MOUNT,40.0,14.7,0.7,81.8,4.0
2023-06-24,STN_MOUNT,40.0,17.0,0.0,65.0,2.6
2023-06-25,STN_MOUNT,40.0,14.0,3.8,82.8,3.5
2023-06-26,STN_MOUNT,40.0,15.2,0.0,68.3,13.4
2023-06-27,STN_MOUNT,40.0,11.4,1.2,88.0,0.7
2023-06-28,STN_MOUNT,40.0,15.3,0.0,54.4,8.9
2023-06-29,STN_MOUNT,40.0,15.6,0.0,64.5,10.5
2023-06-30,STN_MOUNT,40.0,3.8,0.0,56.7,48.5
2023-07-01,STN_MOUNT,40.0,15.1,2.3,81.2,13.5
2023-07-02,STN_MOUNT,40.0,9.9,0.0,64.4,5.2
2023-07-03,STN_MOUNT,40.0,15.1,0.0,64.7,63.0
2023-07-04,STN_MOUNT,40.0,17.8,1.5,93.2,16.0
2023-07-05,STN_MOUNT,40.0,12.4,0.0,64.7,40.5
2023-07-06,STN_MOUNT,40.0,10.8,0.0,65.2,8.0
2023-07-07,STN_MOUNT,40.0,13.3,5.4,79.8,1.5
2023-07-08,STN_MOUNT,40.0,16.8,0.0,65.8,8.7
2023-07-09,STN_MOUNT,40.0,14.4,0.0,56.3,4.1
2023-07-10,STN_MOUNT,40.0,15.2,0.0,60.6,2.2
2023-07-11,STN_MOUNT,40.0,16.7,0.0,,0.7
2023-07-12,STN_MOUNT,40.0,13.3,0.0,57.7,43.5
2023-07-13,STN_MOUNT,40.0,13.9,0.0,47.3,9.1
2023-07-14,STN_MOUNT,40.0,10.9,11.7,61.9,1.4
2023-07-15,STN_MOUNT,40.0,13.5,0.0,56.5,18.9
2023-07-16,STN_MOUNT,40.0,13.4,2.1,86.7,5.7
2023-07-17,STN_MOUNT,40.0,13.1,18.2,70.8,14.8
2023-07-18,STN_MOUNT,40.0,14.3,1.8,85.3,8.8
2023-07-19,STN_MOUNT,40.0,10.1,0.0,53.0,10.7
2023-07-20,STN_MOUNT,40.0,12.6,1.4,82.5,7.9
2023-07-21,STN_MOUNT,40.0,13.8,1.1,91.8,5.6
2023-07-22,STN_MOUNT,40.0,9.9,1.4,81.1,8.0
2023-07-23,STN_MOUNT,40.0,11.8,0.0,60.5,3.5
2023-07-24,STN_MOUNT,40.0,14.2,4.3,70.1,0.5
2023-07-25,STN_MOUNT,40.0,16.1,0.0,55.5,18.1
2023-07-26,STN_MOUNT,40.0,5.6,0.0,48.4,0.3
2023-07-27,STN_MOUNT,40.0,21.1,5.6,82.6,1.1
2023-07-28,STN_MOUNT,40.0,13.8,0.0,35.5,19.9
2023-07-29,STN_MOUNT,40.0,12.8,0.0,69.9,9.2
2023-07-30,STN_MOUNT,40.0,10.7,0.0,43.1,26.0
2023-07-31,STN_MOUNT,40.0,,2.6,75.7,4.4
2023-08-01,STN_MOUNT,40.0,10.9,5.6,71.5,4.6
2023-08-02,STN_MOUNT,40.0,9.6,0.0,73.9,20.4
2023-08-03,STN_MOUNT,40.0,13.9,0.0,57.3,2.1
2023-08-04,STN_MOUNT,40.0,9.4,0.0,63.2,6.7
2023-08-05,STN_MOUNT,40.0,18.1,0.6,89.7,0.4
2023-08-06,STN_MOUNT,40.0,14.3,0.0,59.0,15.8
2023-08-07,STN_MOUNT,40.0,12.6,0.0,57.4,1.3
2023-08-08,STN_MOUNT,40.0,14.2,0.0,42.1,33.7
2023-08-09,STN_MOUNT,40.0,10.2,0.0,57.5,2.9
2023-08-10,STN_MOUNT,40.0,12.7,0.0,64.6,2.8
2023-08-11,STN_MOUNT,40.0,9.2,0.0,58.2,7.9
2023-08-12,STN_MOUNT,40.0,8.5,0.0,60.0,21.3
2023-08-13,STN_MOUNT,40.0,6.0,0.0,59.4,16.3
2023-08-14,STN_MOUNT,40.0,12.0,0.0,62.3,11.6
2023-08-15,STN_MOUNT,40.0,4.4,0.0,49.5,23.6
2023-08-16,STN_MOUNT,40.0,10.9,0.0,66.2,15.6
2023-08-17,STN_MOUNT,40.0,7.9,0.0,47.5,5.7
2023-08-18,STN_MOUNT,40.0,,0.0,58.2,16.7
2023-08-19,STN_MOUNT,40.0,7.9,0.0,61.4,39.9
2023-08-20,STN_MOUNT,40.0,4.0,0.0,64.7,1.2
2023-08-21,STN_MOUNT,40.0,8.3,1.6,70.9,5.7
2023-08-22,STN_MOUNT,40.0,9.1,0.0,64.7,10.1
2023-08-23,STN_MOUNT,40.0,10.7,2.3,79.8,6.3
2023-08-24,STN_MOUNT,40.0,9.4,0.0,62.1,10.1
2023-08-25,STN_MOUNT,40.0,8.0,0.0,63.3,3.8
2023-08-26,STN_MOUNT,40.0,9.9,0.0,53.9,2.3
2023-08-27,STN_MOUNT,40.0,14.7,0.0,61.9,2.5
2023-08-28,STN_MOUNT,40.0,6.4,0.0,71.2,33.5
2023-08-29,STN_MOUNT,40.0,7.8,0.0,56.8,17.9
2023-08-30,STN_MOUNT,40.0,-2.4,0.0,51.3,4.6
2023-08-31,STN_MOUNT,40.0,3.9,0.0,83.1,15.2
2023-09-01,STN_MOUNT,40.0,13.4,0.0,73.6,3.4
2023-09-02,STN_MOUNT,40.0,9.8,0.0,70.2,2.6
2023-09-03,STN_MOUNT,40.0,8.5,0.0,79.7,33.8
2023-09-04,STN_MOUNT,40.0,1.8,0.0,62.9,28.4
2023-09-05,STN_MOUNT,40.0,4.2,0.0,40.2,28.2
2023-09-06,STN_MOUNT,40.0,2.7,0.0,43.0,24.6
2023-09-07,STN_MOUNT,40.0,3.2,0.0,61.1,3.5
2023-09-08,STN_MOUNT,40.0,3.0,0.0,64.4,12.9
2023-09-09,STN_MOUNT,40.0,6.2,0.0,48.5,19.8
2023-09-10,STN_MOUNT,40.0,2.2,0.0,54.2,0.9
2023-09-11,STN_MOUNT,40.0,9.1,0.0,60.5,22.6
2023-09-12,STN_MOUNT,40.0,4.8,0.0,65.1,0.9
2023-09-13,STN_MOUNT,40.0,-0.8,0.0,95.5,7.9
2023-09-14,STN_MOUNT,40.0,6.3,0.0,55.7,11.3
2023-09-15,STN_MOUNT,40.0,6.0,0.0,67.5,26.1
2023-09-16,STN_MOUNT,40.0,2.9,0.0,74.0,11.5
2023-09-17,STN_MOUNT,40.0,8.6,9.9,98.1,0.1
2023-09-18,STN_MOUNT,40.0,4.9,4.3,76.3,14.0
2023-09-19,STN_MOUNT,40.0,4.7,0.0,62.7,14.2
2023-09-20,STN_MOUNT,40.0,3.5,0.0,59.4,23.1
2023-09-21,STN_MOUNT,40.0,4.8,20.3,91.2,14.1
2023-09-22,STN_MOUNT,40.0,4.6,1.7,87.6,5.0
2023-09-23,STN_MOUNT,40.0,0.9,0.0,67.3,21.7
2023-09-24,STN_MOUNT,40.0,4.3,0.0,72.7,10.9
2023-09-25,STN_MOUNT,40.0,2.8,0.0,67.6,1.7
2023-09-26,STN_MOUNT,40.0,3.6,0.0,56.7,4.4
2023-09-27,STN_MOUNT,40.0,6.3,0.0,57.2,13.7
2023-09-28,STN_MOUNT,40.0,-2.0,0.0,59.7,0.9
2023-09-29,STN_MOUNT,40.0,5.2,0.0,58.2,7.5
2023-09-30,STN_MOUNT,40.0,1.9,0.5,67.9,15.0
2023-10-01,STN_MOUNT,40.0,-2.0,0.0,57.5,3.6
2023-10-02,STN_MOUNT,40.0,-1.4,0.0,60.7,7.7
2023-10-03,STN_MOUNT,40.0,-0.3,0.0,77.5,3.0
2023-10-04,STN_MOUNT,40.0,-0.3,0.0,78.0,8.9
2023-10-05,STN_MOUNT,40.0,1.8,0.0,78.5,1.0
2023-10-06,STN_MOUNT,40.0,0.2,11.1,80.2,13.5
2023-10-07,STN_MOUNT,40.0,-3.9,4.0,61.3,21.4
2023-10-08,STN_MOUNT,40.0,1.4,0.0,62.3,11.4
2023-10-09,STN_MOUNT,40.0,-4.4,0.0,45.3,1.9
2023-10-10,STN_MOUNT,40.0,-3.2,0.0,76.0,8.0
2023-10-11,STN_MOUNT,40.0,-0.5,0.0,93.5,10.1
2023-10-12,STN_MOUNT,40.0,0.9,0.0,49.2,16.3
2023-10-13,STN_MOUNT,40.0,-8.8,0.0,55.6,0.5
2023-10-14,STN_MOUNT,40.0,-7.8,0.0,51.0,2.0
2023-10-15,STN_MOUNT,40.0,1.9,0.0,71.5,0.9
2023-10-16,STN_MOUNT,40.0,-1.7,0.0,82.3,8.5
2023-10-17,STN_MOUNT,40.0,-6.3,0.0,68.5,32.0
2023-10-18,STN_MOUNT,40.0,-2.6,0.0,75.3,28.8
2023-10-19,STN_MOUNT,40.0,-3.7,0.0,84.9,1.0
2023-10-20,STN_MOUNT,40.0,-0.7,1.2,71.8,11.8
2023-10-21,STN_MOUNT,40.0,2.3,0.0,45.9,4.3
2023-10-22,STN_MOUNT,40.0,-8.1,0.0,58.9,1.7
2023-10-23,STN_MOUNT,40.0,-4.8,0.0,55.9,6.5
2023-10-24,STN_MOUNT,40.0,-5.6,0.0,64.8,15.6
2023-10-25,STN_MOUNT,40.0,-7.3,0.0,60.2,23.7
2023-10-26,STN_MOUNT,40.0,-3.6,0.0,57.5,12.2
2023-10-27,STN_MOUNT,40.0,,0.0,41.8,21.7
2023-10-28,STN_MOUNT,40.0,-9.7,7.5,73.8,11.1
2023-10-29,STN_MOUNT,40.0,-9.6,0.0,54.0,15.5
2023-10-30,STN_MOUNT,40.0,-8.3,0.0,43.2,0.6
2023-10-31,STN_MOUNT,40.0,-5.2,3.9,57.5,6.5
2023-11-01,STN_MOUNT,40.0,-4.4,0.0,,13.4
2023-11-02,STN_MOUNT,40.0,-3.1,4.5,90.9,2.9
2023-11-03,STN_MOUNT,40.0,-7.5,5.2,89.5,0.8
2023-11-04,STN_MOUNT,40.0,-2.9,0.0,72.2,3.0
2023-11-05,STN_MOUNT,40.0,-8.9,4.7,80.5,8.9
2023-11-06,STN_MOUNT,40.0,-9.2,1.8,85.8,6.9
2023-11-07,STN_MOUNT,40.0,-8.9,3.5,85.8,20.3
2023-11-08,STN_MOUNT,40.0,-5.3,1.6,80.9,2.8
2023-11-09,STN_MOUNT,40.0,-12.7,0.0,68.6,3.0
2023-11-10,STN_MOUNT,40.0,-4.5,0.0,59.7,5.1
2023-11-11,STN_MOUNT,40.0,-4.5,0.0,60.1,1.9
2023-11-12,STN_MOUNT,40.0,-5.4,3.6,82.3,17.1
2023-11-13,STN_MOUNT,40.0,-2.3,0.0,51.5,2.0
2023-11-14,STN_MOUNT,40.0,-11.9,0.0,50.7,2.9
2023-11-15,STN_MOUNT,40.0,-7.3,0.0,56.3,6.0
2023-11-16,STN_MOUNT,40.0,-9.5,0.0,72.0,34.6
2023-11-17,STN_MOUNT,40.0,-6.3,0.0,37.0,7.5
2023-11-18,STN_MOUNT,40.0,,0.0,54.7,5.9
2023-11-19,STN_MOUNT,40.0,-6.9,0.0,32.6,7.7
2023-11-20,STN_MOUNT,40.0,-6.4,0.0,52.5,7.8
2023-11-21,STN_MOUNT,40.0,-5.1,0.0,67.6,27.4
2023-11-22,STN_MOUNT,40.0,-4.7,0.0,69.1,6.7
2023-11-23,STN_MOUNT,40.0,-10.7,3.5,79.2,1.7
2023-11-24,STN_MOUNT,40.0,-6.6,0.0,58.7,16.9
2023-11-25,STN_MOUNT,40.0,-8.6,0.0,56.0,24.4
2023-11-26,STN_MOUNT,40.0,-3.4,0.4,84.9,0.1
2023-11-27,STN_MOUNT,40.0,-7.9,2.1,83.0,0.4
2023-11-28,STN_MOUNT,40.0,-4.6,3.1,82.2,9.7
2023-11-29,STN_MOUNT,40.0,-6.9,0.0,62.0,0.9
2023-11-30,STN_MOUNT,40.0,-8.5,0.0,70.8,20.3
2023-12-01,STN_MOUNT,40.0,-12.7,0.0,58.3,10.8
2023-12-02,STN_MOUNT,40.0,-3.7,13.4,77.4,10.1
2023-12-03,STN_MOUNT,40.0,-11.6,6.3,100.0,3.2
2023-12-04,STN_MOUNT,40.0,-9.0,0.0,73.8,0.2
2023-12-05,STN_MOUNT,40.0,-2.5,2.2,93.1,26.9
2023-12-06,STN_MOUNT,40.0,-8.1,7.0,73.3,16.5
2023-12-07,STN_MOUNT,40.0,-6.6,0.0,71.4,1.3
2023-12-08,STN_MOUNT,40.0,-11.0,0.0,55.1,5.7
2023-12-09,STN_MOUNT,40.0,,0.0,61.1,4.6
2023-12-10,STN_MOUNT,40.0,-10.0,0.0,49.5,22.4
2023-12-11,STN_MOUNT,40.0,-4.3,0.0,67.0,2.3
2023-12-12,STN_MOUNT,40.0,-2.1,0.0,57.7,3.0
2023-12-13,STN_MOUNT,40.0,-13.8,9.1,82.5,0.7
2023-12-14,STN_MOUNT,40.0,-14.6,1.5,77.3,10.8
2023-12-15,STN_MOUNT,40.0,-11.2,0.0,60.2,4.0
2023-12-16,STN_MOUNT,40.0,-12.3,4.1,100.0,1.7
2023-12-17,STN_MOUNT,40.0,-5.8,14.3,71.5,3.3
2023-12-18,STN_MOUNT,40.0,-8.2,0.0,65.4,22.9
2023-12-19,STN_MOUNT,40.0,-2.9,0.0,47.1,4.0
2023-12-20,STN_MOUNT,40.0,-13.3,0.0,60.7,1.3
2023-12-21,STN_MOUNT,40.0,-7.3,0.0,,5.0
2023-12-22,STN_MOUNT,40.0,-9.1,1.5,91.2,34.0
2023-12-23,STN_MOUNT,40.0,-7.0,0.0,56.8,3.0
2023-12-24,STN_MOUNT,40.0,-3.4,0.0,46.3,4.0
2023-12-25,STN_MOUNT,40.0,-11.4,0.0,59.1,0.4
2023-12-26,STN_MOUNT,40.0,-14.6,0.0,59.0,12.7
2023-12-27,STN_MOUNT,40.0,-13.6,0.0,57.8,3.0
2023-12-28,STN_MOUNT,40.0,-12.2,0.0,68.5,4.0
2023-12-29,STN_MOUNT,40.0,-9.0,0.0,69.7,17.4
2023-12-30,STN_MOUNT,40.0,-12.1,0.6,69.9,13.6
2023-12-31,STN_MOUNT,40.0,-7.1,0.0,63.2,15.7
2023-01-01,STN_URBAN,38.0,0.7,2.0,72.3,24.3
2023-01-02,STN_URBAN,38.0,4.2,1.3,92.1,7.5
2023-01-03,STN_URBAN,38.0,3.5,0.0,63.5,1.2
2023-01-04,STN_URBAN,38.0,-2.9,1.9,80.1,52.9
2023-01-05,STN_URBAN,38.0,,3.6,89.0,18.6
2023-01-06,STN_URBAN,38.0,5.8,1.4,85.9,16.0
2023-01-07,STN_URBAN,38.0,4.3,0.0,37.6,22.7
2023-01-08,STN_URBAN,38.0,6.6,0.6,64.9,4.2
2023-01-09,STN_URBAN,38.0,-0.7,2.6,60.3,5.1
2023-01-10,STN_URBAN,38.0,-2.6,0.0,55.4,4.8
2023-01-11,STN_URBAN,38.0,6.8,0.0,56.5,17.2
2023-01-12,STN_URBAN,38.0,-1.1,0.0,61.8,12.5
2023-01-13,STN_URBAN,38.0,7.9,0.0,52.3,1.2
2023-01-14,STN_URBAN,38.0,3.2,0.0,59.5,8.8
2023-01-15,STN_URBAN,38.0,4.0,0.0,66.9,0.2
2023-01-16,STN_URBAN,38.0,1.1,0.0,50.7,12.5
2023-01-17,STN_URBAN,38.0,0.1,0.6,85.8,2.5
2023-01-18,STN_URBAN,38.0,,0.0,57.8,3.0
2023-01-19,STN_URBAN,38.0,4.2,0.0,63.8,6.7
2023-01-20,STN_URBAN,38.0,3.3,0.8,72.1,5.7
2023-01-21,STN_URBAN,38.0,1.5,0.0,50.8,29.4
2023-01-22,STN_URBAN,38.0,0.7,0.0,74.9,6.2
2023-01-23,STN_URBAN,38.0,4.0,0.5,58.1,53.9
2023-01-24,STN_URBAN,38.0,6.5,2.1,86.0,20.4
2023-01-25,STN_URBAN,38.0,2.3,0.6,89.5,17.8
2023-01-26,STN_URBAN,38.0,4.5,0.0,74.3,17.2
2023-01-27,STN_URBAN,38.0,0.6,2.7,83.8,31.3
2023-01-28,STN_URBAN,38.0,5.0,0.0,38.9,8.2
2023-01-29,STN_URBAN,38.0,3.9,0.0,49.4,0.2
2023-01-30,STN_URBAN,38.0,2.0,0.0,68.8,5.6
2023-01-31,STN_URBAN,38.0,1.8,0.0,46.1,40.5
2023-02-01,STN_URBAN,38.0,5.0,0.0,62.4,27.5
2023-02-02,STN_URBAN,38.0,6.6,0.0,64.1,12.0
2023-02-03,STN_URBAN,38.0,6.8,2.8,89.9,1.1
2023-02-04,STN_URBAN,38.0,7.3,1.1,80.1,18.9
2023-02-05,STN_URBAN,38.0,5.9,0.0,76.0,9.5
2023-02-06,STN_URBAN,38.0,7.5,0.8,72.0,4.6
2023-02-07,STN_URBAN,38.0,3.7,0.0,54.0,29.9
2023-02-08,STN_URBAN,38.0,5.3,4.4,87.5,19.6
2023-02-09,STN_URBAN,38.0,3.8,0.0,58.6,33.0
2023-02-10,STN_URBAN,38.0,3.8,3.4,,20.5
2023-02-11,STN_URBAN,38.0,4.9,0.0,61.4,12.1
2023-02-12,STN_URBAN,38.0,7.8,1.2,85.2,5.7
2023-02-13,STN_URBAN,38.0,8.1,0.0,55.7,3.1
2023-02-14,STN_URBAN,38.0,4.9,1.8,93.6,5.0
2023-02-15,STN_URBAN,38.0,11.7,4.7,80.9,11.4
2023-02-16,STN_URBAN,38.0,4.9,5.6,76.0,9.3
2023-02-17,STN_URBAN,38.0,8.0,0.7,80.1,16.7
2023-02-18,STN_URBAN,38.0,4.8,0.0,46.1,8.8
2023-02-19,STN_URBAN,38.0,9.6,0.0,51.1,2.8
2023-02-20,STN_URBAN,38.0,9.2,1.1,84.3,10.3
2023-02-21,STN_URBAN,38.0,9.2,0.0,64.4,24.8
2023-02-22,STN_URBAN,38.0,9.5,0.4,83.6,8.7
2023-02-23,STN_URBAN,38.0,8.2,0.0,59.8,22.2
2023-02-24,STN_URBAN,38.0,2.7,0.0,58.0,14.5
2023-02-25,STN_URBAN,38.0,7.6,0.0,54.7,26.5
2023-02-26,STN_URBAN,38.0,9.6,0.0,57.4,79.9
2023-02-27,STN_URBAN,38.0,13.5,0.0,69.8,10.5
2023-02-28,STN_URBAN,38.0,3.9,5.3,73.5,29.9
2023-03-01,STN_URBAN,38.0,8.8,2.1,,13.3
2023-03-02,STN_URBAN,38.0,7.1,3.6,62.4,23.0
2023-03-03,STN_URBAN,38.0,12.7,0.0,53.5,6.0
2023-03-04,STN_URBAN,38.0,7.8,0.0,64.8,3.6
2023-03-05,STN_URBAN,38.0,9.3,1.0,67.0,0.5
2023-03-06,STN_URBAN,38.0,6.2,4.0,56.6,9.3
2023-03-07,STN_URBAN,38.0,9.2,0.0,66.4,14.0
2023-03-08,STN_URBAN,38.0,3.8,0.0,50.5,1.7
2023-03-09,STN_URBAN,38.0,12.8,1.2,82.4,3.3
2023-03-10,STN_URBAN,38.0,8.8,0.0,,2.4
2023-03-11,STN_URBAN,38.0,11.6,0.0,67.6,36.2
2023-03-12,STN_URBAN,38.0,14.5,0.0,43.8,5.1
2023-03-13,STN_URBAN,38.0,12.9,0.0,75.0,0.5
2023-03-14,STN_URBAN,38.0,6.7,0.0,39.5,27.0
2023-03-15,STN_URBAN,38.0,12.9,0.0,49.0,5.5
2023-03-16,STN_URBAN,38.0,14.1,2.9,73.5,4.7
2023-03-17,STN_URBAN,38.0,9.0,0.0,43.8,1.3
2023-03-18,STN_URBAN,38.0,11.4,0.0,69.5,1.1
2023-03-19,STN_URBAN,38.0,14.3,0.0,40.5,3.0
2023-03-20,STN_URBAN,38.0,13.6,1.1,72.9,48.6
2023-03-21,STN_URBAN,38.0,18.9,9.4,84.6,27.5
2023-03-22,STN_URBAN,38.0,9.0,1.5,80.4,22.5
2023-03-23,STN_URBAN,38.0,13.3,0.0,51.7,1.6
2023-03-24,STN_URBAN,38.0,16.6,0.0,64.2,9.2
2023-03-25,STN_URBAN,38.0,17.8,0.2,80.5,21.4
2023-03-26,STN_URBAN,38.0,11.8,1.6,72.5,0.0
2023-03-27,STN_URBAN,38.0,17.0,0.0,53.5,7.0
2023-03-28,STN_URBAN,38.0,16.1,0.0,62.0,6.1
2023-03-29,STN_URBAN,38.0,18.1,0.0,64.5,21.1
2023-03-30,STN_URBAN,38.0,14.7,4.1,90.4,1.2
2023-03-31,STN_URBAN,38.0,12.3,0.0,70.8,24.7
2023-04-01,STN_URBAN,38.0,8.6,1.7,93.4,1.5
2023-04-02,STN_URBAN,38.0,17.4,2.1,74.6,42.9
2023-04-03,STN_URBAN,38.0,19.5,0.0,62.8,5.8
2023-04-04,STN_URBAN,38.0,19.1,3.5,88.0,10.9
2023-04-05,STN_URBAN,38.0,15.2,0.0,74.6,5.3
2023-04-06,STN_URBAN,38.0,16.4,0.0,56.0,41.0
2023-04-07,STN_URBAN,38.0,15.3,7.8,78.4,20.6
2023-04-08,STN_URBAN,38.0,17.5,1.3,75.1,41.6
2023-04-09,STN_URBAN,38.0,18.9,0.0,60.9,15.2
2023-04-10,STN_URBAN,38.0,16.1,0.0,73.0,3.3
2023-04-11,STN_URBAN,38.0,18.0,0.9,72.5,17.7
2023-04-12,STN_URBAN,38.0,20.0,0.0,41.6,3.2
2023-04-13,STN_URBAN,38.0,19.9,4.6,87.8,9.2
2023-04-14,STN_URBAN,38.0,19.5,5.2,88.4,12.0
2023-04-15,STN_URBAN,38.0,19.9,0.7,88.0,14.4
2023-04-16,STN_URBAN,38.0,18.1,2.4,60.5,7.6
2023-04-17,STN_URBAN,38.0,19.8,0.0,69.0,80.0
2023-04-18,STN_URBAN,38.0,21.1,0.0,61.6,3.2
2023-04-19,STN_URBAN,38.0,18.1,5.1,73.6,1.6
2023-04-20,STN_URBAN,38.0,21.8,0.0,74.6,9.8
2023-04-21,STN_URBAN,38.0,20.7,0.0,57.9,10.1
2023-04-22,STN_URBAN,38.0,22.0,0.0,,5.8
2023-04-23,STN_URBAN,38.0,19.6,0.0,60.1,21.9
2023-04-24,STN_URBAN,38.0,18.5,0.0,65.7,10.4
2023-04-25,STN_URBAN,38.0,20.4,0.0,52.7,0.5
2023-04-26,STN_URBAN,38.0,25.1,0.0,71.5,2.0
2023-04-27,STN_URBAN,38.0,19.1,4.3,72.5,38.1
2023-04-28,STN_URBAN,38.0,21.6,0.0,59.9,9.1
2023-04-29,STN_URBAN,38.0,18.4,0.0,60.0,1.1
2023-04-30,STN_URBAN,38.0,,0.0,49.4,6.4
2023-05-01,STN_URBAN,38.0,18.3,0.0,46.5,1.1
2023-05-02,STN_URBAN,38.0,29.0,0.0,51.2,2.8
2023-05-03,STN_URBAN,38.0,24.3,0.0,53.1,4.9
2023-05-04,STN_URBAN,38.0,24.3,0.0,71.6,5.8
2023-05-05,STN_URBAN,38.0,21.3,0.0,74.5,5.6
2023-05-06,STN_URBAN,38.0,25.4,2.9,67.2,10.5
2023-05-07,STN_URBAN,38.0,20.8,0.3,85.5,3.4
2023-05-08,STN_URBAN,38.0,30.9,0.0,74.6,51.6
2023-05-09,STN_URBAN,38.0,24.5,0.8,72.3,11.9
2023-05-10,STN_URBAN,38.0,23.6,0.0,66.9,18.7
2023-05-11,STN_URBAN,38.0,20.8,0.0,53.3,24.9
2023-05-12,STN_URBAN,38.0,23.2,0.0,41.3,2.6
2023-05-13,STN_URBAN,38.0,22.0,3.3,89.5,31.4
2023-05-14,STN_URBAN,38.0,25.9,0.0,56.4,17.8
2023-05-15,STN_URBAN,38.0,24.5,4.8,78.1,3.3
2023-05-16,STN_URBAN,38.0,23.4,0.0,65.5,2.9
2023-05-17,STN_URBAN,38.0,22.8,0.0,67.3,10.2
2023-05-18,STN_URBAN,38.0,30.6,0.0,64.9,12.8
2023-05-19,STN_URBAN,38.0,24.0,0.4,100.0,6.1
2023-05-20,STN_URBAN,38.0,26.7,0.0,62.6,11.3
2023-05-21,STN_URBAN,38.0,24.1,0.0,58.5,26.4
2023-05-22,STN_URBAN,38.0,20.9,1.8,92.3,0.8
2023-05-23,STN_URBAN,38.0,21.7,0.0,56.3,5.9
2023-05-24,STN_URBAN,38.0,26.4,0.0,40.8,18.1
2023-05-25,STN_URBAN,38.0,26.7,0.0,63.4,6.7
2023-05-26,STN_URBAN,38.0,23.6,2.6,91.4,3.4
2023-05-27,STN_URBAN,38.0,24.6,0.0,43.8,11.2
2023-05-28,STN_URBAN,38.0,24.9,0.6,87.1,4.4
2023-05-29,STN_URBAN,38.0,21.2,0.0,64.6,4.7
2023-05-30,STN_URBAN,38.0,23.4,0.0,79.5,3.5
2023-05-31,STN_URBAN,38.0,20.8,0.0,59.3,5.7
2023-06-01,STN_URBAN,38.0,29.7,0.0,61.0,0.1
2023-06-02,STN_URBAN,38.0,24.1,0.0,55.5,0.5
2023-06-03,STN_URBAN,38.0,24.7,0.4,87.3,14.6
2023-06-04,STN_URBAN,38.0,28.6,0.0,55.9,2.9
2023-06-05,STN_URBAN,38.0,28.8,0.0,41.4,3.8
2023-06-06,STN_URBAN,38.0,28.0,2.6,84.9,9.1
2023-06-07,STN_URBAN,38.0,23.5,4.2,84.1,6.4
2023-06-08,STN_URBAN,38.0,23.3,2.0,100.0,7.8
2023-06-09,STN_URBAN,38.0,25.8,0.0,54.2,8.7
2023-06-10,STN_URBAN,38.0,26.0,0.0,54.0,7.2
2023-06-11,STN_URBAN,38.0,27.4,0.0,69.3,3.1
2023-06-12,STN_URBAN,38.0,24.0,0.0,75.4,48.3
2023-06-13,STN_URBAN,38.0,19.0,0.0,73.0,8.1
2023-06-14,STN_URBAN,38.0,20.5,0.0,61.7,2.7
2023-06-15,STN_URBAN,38.0,25.7,0.0,60.7,38.5
2023-06-16,STN_URBAN,38.0,24.9,0.0,50.4,68.0
2023-06-17,STN_URBAN,38.0,24.9,0.0,59.4,5.1
2023-06-18,STN_URBAN,38.0,20.3,0.0,60.6,8.0
2023-06-19,STN_URBAN,38.0,27.4,2.0,90.4,66.0
2023-06-20,STN_URBAN,38.0,27.2,0.0,50.8,10.5
2023-06-21,STN_URBAN,38.0,21.9,0.0,44.7,0.2
2023-06-22,STN_URBAN,38.0,25.7,0.0,59.3,9.2
2023-06-23,STN_URBAN,38.0,25.6,1.8,75.4,1.4
2023-06-24,STN_URBAN,38.0,26.6,0.0,60.3,20.8
2023-06-25,STN_URBAN,38.0,28.1,0.0,56.1,10.3
2023-06-26,STN_URBAN,38.0,30.1,0.0,46.9,0.0
2023-06-27,STN_URBAN,38.0,24.7,1.3,87.8,8.0
2023-06-28,STN_URBAN,38.0,20.1,0.0,62.8,4.5
2023-06-29,STN_URBAN,38.0,26.4,0.0,66.9,17.2
2023-06-30,STN_URBAN,38.0,20.6,5.7,69.1,17.6
2023-07-01,STN_URBAN,38.0,27.7,0.0,47.7,5.9
2023-07-02,STN_URBAN,38.0,26.1,0.0,48.1,29.0
2023-07-03,STN_URBAN,38.0,25.1,0.0,46.6,9.1
2023-07-04,STN_URBAN,38.0,26.4,0.0,54.8,16.5
2023-07-05,STN_URBAN,38.0,23.5,0.0,53.2,1.5
2023-07-06,STN_URBAN,38.0,29.9,0.0,76.5,26.9
2023-07-07,STN_URBAN,38.0,24.8,0.0,63.8,3.1
2023-07-08,STN_URBAN,38.0,26.8,1.1,80.2,13.3
2023-07-09,STN_URBAN,38.0,28.3,2.2,68.1,1.7
2023-07-10,STN_URBAN,38.0,25.0,0.0,72.4,4.5
2023-07-11,STN_URBAN,38.0,27.6,0.0,51.4,3.2
2023-07-12,STN_URBAN,38.0,23.2,0.0,73.2,7.0
2023-07-13,STN_URBAN,38.0,29.5,0.3,81.9,8.7
2023-07-14,STN_URBAN,38.0,27.6,3.3,86.3,25.8
2023-07-15,STN_URBAN,38.0,23.8,0.0,56.3,19.1
2023-07-16,STN_URBAN,38.0,24.2,0.0,55.6,4.5
2023-07-17,STN_URBAN,38.0,26.7,0.0,54.0,0.2
2023-07-18,STN_URBAN,38.0,22.2,0.0,43.8,16.2
2023-07-19,STN_URBAN,38.0,23.5,3.2,89.9,13.5
2023-07-20,STN_URBAN,38.0,23.1,0.0,47.1,17.2
2023-07-21,STN_URBAN,38.0,27.8,0.0,57.0,4.6
2023-07-22,STN_URBAN,38.0,26.5,0.0,50.1,5.5
2023-07-23,STN_URBAN,38.0,29.2,0.0,61.1,6.4
2023-07-24,STN_URBAN,38.0,21.4,0.0,60.5,0.5
2023-07-25,STN_URBAN,38.0,23.6,5.1,86.0,5.7
2023-07-26,STN_URBAN,38.0,20.7,0.0,68.7,10.1
2023-07-27,STN_URBAN,38.0,19.8,0.0,47.5,0.4
2023-07-28,STN_URBAN,38.0,24.3,0.0,41.6,4.2
2023-07-29,STN_URBAN,38.0,25.4,0.0,50.3,34.1
2023-07-30,STN_URBAN,38.0,23.1,0.0,68.3,21.5
2023-07-31,STN_URBAN,38.0,21.0,0.0,79.6,14.5
2023-08-01,STN_URBAN,38.0,26.2,2.9,78.6,0.5
2023-08-02,STN_URBAN,38.0,25.8,0.0,73.6,9.0
2023-08-03,STN_URBAN,38.0,21.0,0.0,44.2,14.0
2023-08-04,STN_URBAN,38.0,22.1,1.5,77.0,12.5
2023-08-05,STN_URBAN,38.0,21.3,10.0,79.6,4.4
2023-08-06,STN_URBAN,38.0,24.9,0.0,41.0,8.3
2023-08-07,STN_URBAN,38.0,20.9,0.0,61.6,54.5
2023-08-08,STN_URBAN,38.0,20.1,0.0,51.1,8.3
2023-08-09,STN_URBAN,38.0,24.9,0.0,66.0,2.6
2023-08-10,STN_URBAN,38.0,16.5,0.0,83.6,16.4
2023-08-11,STN_URBAN,38.0,16.6,0.0,66.1,6.7
2023-08-12,STN_URBAN,38.0,20.9,0.0,59.7,10.3
2023-08-13,STN_URBAN,38.0,19.5,0.0,48.2,3.4
2023-08-14,STN_URBAN,38.0,14.9,0.0,62.0,15.1
2023-08-15,STN_URBAN,38.0,20.1,0.0,55.8,31.7
2023-08-16,STN_URBAN,38.0,17.0,0.0,83.0,23.1
2023-08-17,STN_URBAN,38.0,21.4,0.0,82.0,6.4
2023-08-18,STN_URBAN,38.0,22.4,0.0,60.4,39.6
2023-08-19,STN_URBAN,38.0,14.7,0.0,63.0,3.0
2023-08-20,STN_URBAN,38.0,20.9,0.0,71.8,17.7
2023-08-21,STN_URBAN,38.0,19.0,0.0,57.8,27.7
2023-08-22,STN_URBAN,38.0,18.3,0.0,54.3,0.3
2023-08-23,STN_URBAN,38.0,22.7,0.0,55.3,7.6
2023-08-24,STN_URBAN,38.0,19.0,0.0,69.1,4.0
2023-08-25,STN_URBAN,38.0,17.2,0.0,65.8,7.1
2023-08-26,STN_URBAN,38.0,17.3,0.0,72.7,5.7
2023-08-27,STN_URBAN,38.0,22.2,0.0,63.2,48.6
2023-08-28,STN_URBAN,38.0,22.3,1.2,75.2,26.2
2023-08-29,STN_URBAN,38.0,21.8,0.0,68.8,0.1
2023-08-30,STN_URBAN,38.0,18.9,0.0,51.9,4.8
2023-08-31,STN_URBAN,38.0,16.1,3.3,83.8,11.6
2023-09-01,STN_URBAN,38.0,17.9,0.3,100.0,6.7
2023-09-02,STN_URBAN,38.0,16.9,0.0,56.1,3.1
2023-09-03,STN_URBAN,38.0,14.3,0.0,70.4,1.5
2023-09-04,STN_URBAN,38.0,17.9,0.0,64.2,19.8
2023-09-05,STN_URBAN,38.0,14.3,0.0,50.5,7.9
2023-09-06,STN_URBAN,38.0,16.0,0.0,56.6,3.7
2023-09-07,STN_URBAN,38.0,14.8,0.0,43.9,34.5
2023-09-08,STN_URBAN,38.0,16.7,0.0,54.1,21.3
2023-09-09,STN_URBAN,38.0,20.1,0.0,,3.7
2023-09-10,STN_URBAN,38.0,21.1,0.0,54.7,13.8
2023-09-11,STN_URBAN,38.0,16.0,0.0,63.4,4.2
2023-09-12,STN_URBAN,38.0,11.6,0.0,74.3,17.8
2023-09-13,STN_URBAN,38.0,15.9,0.0,76.3,16.6
2023-09-14,STN_URBAN,38.0,10.0,0.0,65.6,68.4
2023-09-15,STN_URBAN,38.0,13.4,0.0,56.4,0.6
2023-09-16,STN_URBAN,38.0,15.2,0.0,55.2,11.0
2023-09-17,STN_URBAN,38.0,8.6,0.0,56.7,26.3
2023-09-18,STN_URBAN,38.0,14.7,0.0,55.6,20.7
2023-09-19,STN_URBAN,38.0,16.3,0.0,55.7,17.0
2023-09-20,STN_URBAN,38.0,10.6,0.0,73.5,38.6
2023-09-21,STN_URBAN,38.0,16.0,0.0,54.2,4.6
2023-09-22,STN_URBAN,38.0,12.2,2.6,93.0,12.8
2023-09-23,STN_URBAN,38.0,14.5,0.7,81.8,6.4
2023-09-24,STN_URBAN,38.0,16.8,0.0,64.7,5.2
2023-09-25,STN_URBAN,38.0,15.1,1.9,79.2,5.5
2023-09-26,STN_URBAN,38.0,10.6,0.0,63.9,1.4
2023-09-27,STN_URBAN,38.0,10.8,0.0,42.2,4.5
2023-09-28,STN_URBAN,38.0,9.7,0.0,75.5,14.9
2023-09-29,STN_URBAN,38.0,17.6,0.0,42.5,2.6
2023-09-30,STN_URBAN,38.0,13.2,5.0,,6.4
2023-10-01,STN_URBAN,38.0,8.2,1.6,93.3,40.5
2023-10-02,STN_URBAN,38.0,7.1,4.0,83.9,10.7
2023-10-03,STN_URBAN,38.0,8.3,0.0,57.3,3.4
2023-10-04,STN_URBAN,38.0,8.6,0.0,57.4,0.6
2023-10-05,STN_URBAN,38.0,13.0,0.0,67.7,16.4
2023-10-06,STN_URBAN,38.0,11.9,0.0,60.8,12.9
2023-10-07,STN_URBAN,38.0,7.2,0.0,68.7,34.1
2023-10-08,STN_URBAN,38.0,10.3,0.0,70.9,2.2
2023-10-09,STN_URBAN,38.0,10.3,0.0,60.7,6.9
2023-10-10,STN_URBAN,38.0,8.6,0.4,71.4,35.3
2023-10-11,STN_URBAN,38.0,7.2,0.0,52.4,3.7
2023-10-12,STN_URBAN,38.0,9.8,6.8,72.8,9.4
2023-10-13,STN_URBAN,38.0,8.8,0.0,50.3,11.9
2023-10-14,STN_URBAN,38.0,7.6,0.0,65.4,2.7
2023-10-15,STN_URBAN,38.0,10.0,0.0,60.7,6.9
2023-10-16,STN_URBAN,38.0,11.2,0.0,64.9,0.1
2023-10-17,STN_URBAN,38.0,12.8,0.0,47.2,5.0
2023-10-18,STN_URBAN,38.0,17.3,0.0,69.3,4.1
2023-10-19,STN_URBAN,38.0,2.3,0.0,44.9,2.0
2023-10-20,STN_URBAN,38.0,7.2,1.6,100.0,12.9
2023-10-21,STN_URBAN,38.0,7.4,0.0,64.0,5.1
2023-10-22,STN_URBAN,38.0,7.5,1.6,87.1,3.3
2023-10-23,STN_URBAN,38.0,1.5,0.0,68.4,8.4
2023-10-24,STN_URBAN,38.0,9.1,0.0,63.5,6.5
2023-10-25,STN_URBAN,38.0,7.8,0.0,61.3,18.6
2023-10-26,STN_URBAN,38.0,8.8,0.0,52.7,8.4
2023-10-27,STN_URBAN,38.0,7.6,0.0,75.6,0.5
2023-10-28,STN_URBAN,38.0,,0.0,43.4,5.9
2023-10-29,STN_URBAN,38.0,6.8,1.0,85.5,3.4
2023-10-30,STN_URBAN,38.0,4.2,0.0,69.2,22.5
2023-10-31,STN_URBAN,38.0,5.5,0.0,44.2,5.3
2023-11-01,STN_URBAN,38.0,5.9,0.8,83.9,2.5
2023-11-02,STN_URBAN,38.0,3.8,0.0,52.7,3.5
2023-11-03,STN_URBAN,38.0,2.9,0.0,73.4,3.2
2023-11-04,STN_URBAN,38.0,6.5,0.0,64.5,3.1
2023-11-05,STN_URBAN,38.0,3.8,0.0,57.3,9.3
2023-11-06,STN_URBAN,38.0,6.5,0.0,50.0,3.4
2023-11-07,STN_URBAN,38.0,7.4,1.2,72.5,6.1
2023-11-08,STN_URBAN,38.0,3.9,0.0,67.2,4.9
2023-11-09,STN_URBAN,38.0,3.6,0.0,55.6,7.2
2023-11-10,STN_URBAN,38.0,5.5,0.0,70.1,1.2
2023-11-11,STN_URBAN,38.0,7.6,0.0,54.1,8.6
2023-11-12,STN_URBAN,38.0,7.2,0.0,46.5,0.4
2023-11-13,STN_URBAN,38.0,-0.8,0.0,58.7,30.7
2023-11-14,STN_URBAN,38.0,5.4,0.0,62.0,11.0
2023-11-15,STN_URBAN,38.0,6.0,0.0,65.6,8.9
2023-11-16,STN_URBAN,38.0,1.1,0.0,66.8,19.4
2023-11-17,STN_URBAN,38.0,5.5,0.0,56.1,5.0
2023-11-18,STN_URBAN,38.0,2.9,0.0,51.0,10.0
2023-11-19,STN_URBAN,38.0,10.3,0.4,59.3,5.5
2023-11-20,STN_URBAN,38.0,9.4,0.0,50.0,4.2
2023-11-21,STN_URBAN,38.0,6.0,0.0,54.4,6.3
2023-11-22,STN_URBAN,38.0,0.7,0.0,62.2,5.3
2023-11-23,STN_URBAN,38.0,0.3,0.0,74.5,20.8
2023-11-24,STN_URBAN,38.0,5.4,0.0,51.7,10.6
2023-11-25,STN_URBAN,38.0,0.7,1.2,69.4,18.1
2023-11-26,STN_URBAN,38.0,1.5,0.0,46.9,27.5
2023-11-27,STN_URBAN,38.0,2.8,0.0,68.2,7.7
2023-11-28,STN_URBAN,38.0,2.6,0.0,54.3,7.2
2023-11-29,STN_URBAN,38.0,-0.7,0.0,76.8,6.7
2023-11-30,STN_URBAN,38.0,0.2,0.0,67.7,0.3
2023-12-01,STN_URBAN,38.0,2.5,2.0,73.1,18.1
2023-12-02,STN_URBAN,38.0,6.7,0.0,43.2,2.6
2023-12-03,STN_URBAN,38.0,1.3,0.0,73.3,2.8
2023-12-04,STN_URBAN,38.0,-1.2,0.0,63.1,3.9
2023-12-05,STN_URBAN,38.0,-2.8,0.7,68.5,10.0
2023-12-06,STN_URBAN,38.0,1.5,0.1,82.4,8.7
2023-12-07,STN_URBAN,38.0,1.8,0.0,65.0,8.4
2023-12-08,STN_URBAN,38.0,1.1,0.0,58.5,8.9
2023-12-09,STN_URBAN,38.0,2.9,0.6,82.7,7.1
2023-12-10,STN_URBAN,38.0,0.6,0.0,58.6,9.9
2023-12-11,STN_URBAN,38.0,0.0,0.0,61.1,12.4
2023-12-12,STN_URBAN,38.0,-1.5,1.6,85.1,20.7
2023-12-13,STN_URBAN,38.0,1.4,0.5,77.6,4.3
2023-12-14,STN_URBAN,38.0,1.4,0.0,59.4,6.8
2023-12-15,STN_URBAN,38.0,4.1,0.0,48.3,20.3
2023-12-16,STN_URBAN,38.0,6.8,5.5,71.1,18.8
2023-12-17,STN_URBAN,38.0,-1.8,0.0,53.6,7.3
2023-12-18,STN_URBAN,38.0,1.2,0.0,78.0,2.6
2023-12-19,STN_URBAN,38.0,4.1,0.0,50.1,5.6
2023-12-20,STN_URBAN,38.0,4.3,0.0,67.3,11.7
2023-12-21,STN_URBAN,38.0,5.4,0.0,55.6,15.0
2023-12-22,STN_URBAN,38.0,2.3,0.6,83.9,8.1
2023-12-23,STN_URBAN,38.0,-0.6,0.0,46.9,1.7
2023-12-24,STN_URBAN,38.0,-2.6,0.0,81.0,3.4
2023-12-25,STN_URBAN,38.0,-1.0,0.0,69.6,27.1
2023-12-26,STN_URBAN,38.0,0.5,1.0,77.6,1.0
2023-12-27,STN_URBAN,38.0,-1.9,0.0,47.7,32.6
2023-12-28,STN_URBAN,38.0,-2.2,0.0,69.0,8.0
2023-12-29,STN_URBAN,38.0,0.4,0.0,69.3,19.7
2023-12-30,STN_URBAN,38.0,-0.4,0.0,62.6,7.5
2023-12-31,STN_URBAN,38.0,4.0,0.0,53.1,7.2
